date,home_team,away_team,home_score,away_score,tournament,city,country,neutral
2013-01-01,Akhisar Belediyespor,Antalyaspor,1,0,Super Lig,,Turkey,False
2013-01-01,Akhisar Belediyespor,Beşiktaş,4,1,Super Lig,,Turkey,False
2013-01-01,Akhisar Belediyespor,Bursaspor,2,2,Super Lig,,Turkey,False
2013-01-01,Akhisar Belediyespor,Elazığspor,0,1,Super Lig,,Turkey,False
2013-01-01,Akhisar Belediyespor,Eskişehirspor,1,1,Super Lig,,Turkey,False
2013-01-01,Akhisar Belediyespor,Fenerbahçe,1,2,Super Lig,,Turkey,False
2013-01-01,Akhisar Belediyespor,Galatasaray,1,2,Super Lig,,Turkey,False
2013-01-01,Akhisar Belediyespor,Gaziantepspor,0,0,Super Lig,,Turkey,False
2013-01-01,Akhisar Belediyespor,Gençlerbirliği,0,0,Super Lig,,Turkey,False
2013-01-01,Akhisar Belediyespor,Başakşehir,0,4,Super Lig,,Turkey,False
2013-01-01,Akhisar Belediyespor,Kardemir Karabükspor,1,3,Super Lig,,Turkey,False
2013-01-01,Akhisar Belediyespor,Kasımpaşa,0,2,Super Lig,,Turkey,False
2013-01-01,Akhisar Belediyespor,Kayserispor,1,2,Super Lig,,Turkey,False
2013-01-01,Akhisar Belediyespor,Mersin İdmanyurdu,1,0,Super Lig,,Turkey,False
2013-01-01,Akhisar Belediyespor,Orduspor,0,0,Super Lig,,Turkey,False
2013-01-01,Akhisar Belediyespor,Sivasspor,2,1,Super Lig,,Turkey,False
2013-01-01,Akhisar Belediyespor,Trabzonspor,1,0,Super Lig,,Turkey,False
2013-01-01,Antalyaspor,Akhisar Belediyespor,4,3,Super Lig,,Turkey,False
2013-01-01,Antalyaspor,Beşiktaş,3,5,Super Lig,,Turkey,False
2013-01-01,Antalyaspor,Bursaspor,0,1,Super Lig,,Turkey,False
2013-01-01,Antalyaspor,Elazığspor,4,0,Super Lig,,Turkey,False
2013-01-01,Antalyaspor,Eskişehirspor,2,1,Super Lig,,Turkey,False
2013-01-01,Antalyaspor,Fenerbahçe,1,2,Super Lig,,Turkey,False
2013-01-01,Antalyaspor,Galatasaray,0,4,Super Lig,,Turkey,False
2013-01-01,Antalyaspor,Gaziantepspor,5,2,Super Lig,,Turkey,False
2013-01-01,Antalyaspor,Gençlerbirliği,3,5,Super Lig,,Turkey,False
2013-01-01,Antalyaspor,Başakşehir,1,0,Super Lig,,Turkey,False
2013-01-01,Antalyaspor,Kardemir Karabükspor,0,0,Super Lig,,Turkey,False
2013-01-01,Antalyaspor,Kasımpaşa,3,2,Super Lig,,Turkey,False
2013-01-01,Antalyaspor,Kayserispor,3,0,Super Lig,,Turkey,False
2013-01-01,Antalyaspor,Mersin İdmanyurdu,1,0,Super Lig,,Turkey,False
2013-01-01,Antalyaspor,Orduspor,1,0,Super Lig,,Turkey,False
2013-01-01,Antalyaspor,Sivasspor,4,2,Super Lig,,Turkey,False
2013-01-01,Antalyaspor,Trabzonspor,2,1,Super Lig,,Turkey,False
2013-01-01,Beşiktaş,Akhisar Belediyespor,3,1,Super Lig,,Turkey,False
2013-01-01,Beşiktaş,Antalyaspor,1,0,Super Lig,,Turkey,False
2013-01-01,Beşiktaş,Bursaspor,3,3,Super Lig,,Turkey,False
2013-01-01,Beşiktaş,Elazığspor,3,0,Super Lig,,Turkey,False
2013-01-01,Beşiktaş,Eskişehirspor,2,2,Super Lig,,Turkey,False
2013-01-01,Beşiktaş,Gaziantepspor,1,1,Super Lig,,Turkey,False
2013-01-01,Beşiktaş,Gençlerbirliği,3,0,Super Lig,,Turkey,False
2013-01-01,Beşiktaş,Başakşehir,2,2,Super Lig,,Turkey,False
2013-01-01,Beşiktaş,Kardemir Karabükspor,2,2,Super Lig,,Turkey,False
2013-01-01,Beşiktaş,Kasımpaşa,1,3,Super Lig,,Turkey,False
2013-01-01,Beşiktaş,Kayserispor,3,1,Super Lig,,Turkey,False
2013-01-01,Beşiktaş,Mersin İdmanyurdu,3,0,Super Lig,,Turkey,False
2013-01-01,Beşiktaş,Orduspor,2,0,Super Lig,,Turkey,False
2013-01-01,Beşiktaş,Sivasspor,0,1,Super Lig,,Turkey,False
2013-01-01,Beşiktaş,Trabzonspor,1,1,Super Lig,,Turkey,False
2013-01-01,Bursaspor,Akhisar Belediyespor,1,1,Super Lig,,Turkey,False
2013-01-01,Bursaspor,Antalyaspor,1,1,Super Lig,,Turkey,False
2013-01-01,Bursaspor,Beşiktaş,3,0,Super Lig,,Turkey,False
2013-01-01,Bursaspor,Elazığspor,1,0,Super Lig,,Turkey,False
2013-01-01,Bursaspor,Eskişehirspor,0,0,Super Lig,,Turkey,False
2013-01-01,Bursaspor,Fenerbahçe,1,1,Super Lig,,Turkey,False
2013-01-01,Bursaspor,Galatasaray,1,1,Super Lig,,Turkey,False
2013-01-01,Bursaspor,Gaziantepspor,1,1,Super Lig,,Turkey,False
2013-01-01,Bursaspor,Gençlerbirliği,0,0,Super Lig,,Turkey,False
2013-01-01,Bursaspor,Başakşehir,0,1,Super Lig,,Turkey,False
2013-01-01,Bursaspor,Kardemir Karabükspor,4,1,Super Lig,,Turkey,False
2013-01-01,Bursaspor,Kasımpaşa,1,2,Super Lig,,Turkey,False
2013-01-01,Bursaspor,Kayserispor,2,1,Super Lig,,Turkey,False
2013-01-01,Bursaspor,Mersin İdmanyurdu,3,0,Super Lig,,Turkey,False
2013-01-01,Bursaspor,Orduspor,1,0,Super Lig,,Turkey,False
2013-01-01,Bursaspor,Sivasspor,1,0,Super Lig,,Turkey,False
2013-01-01,Bursaspor,Trabzonspor,3,2,Super Lig,,Turkey,False
2013-01-01,Elazığspor,Akhisar Belediyespor,0,0,Super Lig,,Turkey,False
2013-01-01,Elazığspor,Antalyaspor,2,1,Super Lig,,Turkey,False
2013-01-01,Elazığspor,Beşiktaş,1,3,Super Lig,,Turkey,False
2013-01-01,Elazığspor,Bursaspor,1,1,Super Lig,,Turkey,False
2013-01-01,Elazığspor,Eskişehirspor,1,1,Super Lig,,Turkey,False
2013-01-01,Elazığspor,Fenerbahçe,1,1,Super Lig,,Turkey,False
2013-01-01,Elazığspor,Galatasaray,0,1,Super Lig,,Turkey,False
2013-01-01,Elazığspor,Gaziantepspor,0,0,Super Lig,,Turkey,False
2013-01-01,Elazığspor,Gençlerbirliği,1,1,Super Lig,,Turkey,False
2013-01-01,Elazığspor,Başakşehir,1,0,Super Lig,,Turkey,False
2013-01-01,Elazığspor,Kardemir Karabükspor,1,0,Super Lig,,Turkey,False
2013-01-01,Elazığspor,Kasımpaşa,0,3,Super Lig,,Turkey,False
2013-01-01,Elazığspor,Kayserispor,0,4,Super Lig,,Turkey,False
2013-01-01,Elazığspor,Mersin İdmanyurdu,1,0,Super Lig,,Turkey,False
2013-01-01,Elazığspor,Orduspor,1,0,Super Lig,,Turkey,False
2013-01-01,Elazığspor,Sivasspor,0,0,Super Lig,,Turkey,False
2013-01-01,Elazığspor,Trabzonspor,3,1,Super Lig,,Turkey,False
2013-01-01,Eskişehirspor,Akhisar Belediyespor,0,1,Super Lig,,Turkey,False
2013-01-01,Eskişehirspor,Antalyaspor,3,1,Super Lig,,Turkey,False
2013-01-01,Eskişehirspor,Beşiktaş,1,2,Super Lig,,Turkey,False
2013-01-01,Eskişehirspor,Bursaspor,2,2,Super Lig,,Turkey,False
2013-01-01,Eskişehirspor,Elazığspor,2,2,Super Lig,,Turkey,False
2013-01-01,Eskişehirspor,Fenerbahçe,1,1,Super Lig,,Turkey,False
2013-01-01,Eskişehirspor,Galatasaray,0,0,Super Lig,,Turkey,False
2013-01-01,Eskişehirspor,Gaziantepspor,4,0,Super Lig,,Turkey,False
2013-01-01,Eskişehirspor,Gençlerbirliği,4,2,Super Lig,,Turkey,False
2013-01-01,Eskişehirspor,Başakşehir,1,0,Super Lig,,Turkey,False
2013-01-01,Eskişehirspor,Kardemir Karabükspor,5,2,Super Lig,,Turkey,False
2013-01-01,Eskişehirspor,Kasımpaşa,2,2,Super Lig,,Turkey,False
2013-01-01,Eskişehirspor,Kayserispor,0,3,Super Lig,,Turkey,False
2013-01-01,Eskişehirspor,Mersin İdmanyurdu,0,0,Super Lig,,Turkey,False
2013-01-01,Eskişehirspor,Orduspor,1,0,Super Lig,,Turkey,False
2013-01-01,Eskişehirspor,Sivasspor,2,1,Super Lig,,Turkey,False
2013-01-01,Eskişehirspor,Trabzonspor,0,1,Super Lig,,Turkey,False
2013-01-01,Fenerbahçe,Akhisar Belediyespor,2,0,Super Lig,,Turkey,False
2013-01-01,Fenerbahçe,Antalyaspor,1,3,Super Lig,,Turkey,False
2013-01-01,Fenerbahçe,Bursaspor,4,1,Super Lig,,Turkey,False
2013-01-01,Fenerbahçe,Elazığspor,2,2,Super Lig,,Turkey,False
2013-01-01,Fenerbahçe,Eskişehirspor,1,0,Super Lig,,Turkey,False
2013-01-01,Fenerbahçe,Gaziantepspor,3,0,Super Lig,,Turkey,False
2013-01-01,Fenerbahçe,Gençlerbirliği,4,1,Super Lig,,Turkey,False
2013-01-01,Fenerbahçe,Başakşehir,2,1,Super Lig,,Turkey,False
2013-01-01,Fenerbahçe,Kardemir Karabükspor,1,3,Super Lig,,Turkey,False
2013-01-01,Fenerbahçe,Kasımpaşa,3,1,Super Lig,,Turkey,False
2013-01-01,Fenerbahçe,Kayserispor,2,1,Super Lig,,Turkey,False
2013-01-01,Fenerbahçe,Mersin İdmanyurdu,2,1,Super Lig,,Turkey,False
2013-01-01,Fenerbahçe,Orduspor,2,1,Super Lig,,Turkey,False
2013-01-01,Fenerbahçe,Sivasspor,1,2,Super Lig,,Turkey,False
2013-01-01,Fenerbahçe,Trabzonspor,0,0,Super Lig,,Turkey,False
2013-01-01,Galatasaray,Akhisar Belediyespor,3,0,Super Lig,,Turkey,False
2013-01-01,Galatasaray,Antalyaspor,2,0,Super Lig,,Turkey,False
2013-01-01,Galatasaray,Bursaspor,3,2,Super Lig,,Turkey,False
2013-01-01,Galatasaray,Elazığspor,3,1,Super Lig,,Turkey,False
2013-01-01,Galatasaray,Eskişehirspor,1,1,Super Lig,,Turkey,False
2013-01-01,Galatasaray,Gaziantepspor,1,1,Super Lig,,Turkey,False
2013-01-01,Galatasaray,Gençlerbirliği,0,1,Super Lig,,Turkey,False
2013-01-01,Galatasaray,Başakşehir,2,0,Super Lig,,Turkey,False
2013-01-01,Galatasaray,Kardemir Karabükspor,1,3,Super Lig,,Turkey,False
2013-01-01,Galatasaray,Kasımpaşa,2,1,Super Lig,,Turkey,False
2013-01-01,Galatasaray,Kayserispor,3,0,Super Lig,,Turkey,False
2013-01-01,Galatasaray,Mersin İdmanyurdu,3,1,Super Lig,,Turkey,False
2013-01-01,Galatasaray,Orduspor,4,2,Super Lig,,Turkey,False
2013-01-01,Galatasaray,Sivasspor,4,2,Super Lig,,Turkey,False
2013-01-01,Galatasaray,Trabzonspor,2,0,Super Lig,,Turkey,False
2013-01-01,Gaziantepspor,Akhisar Belediyespor,2,2,Super Lig,,Turkey,False
2013-01-01,Gaziantepspor,Antalyaspor,0,1,Super Lig,,Turkey,False
2013-01-01,Gaziantepspor,Beşiktaş,3,2,Super Lig,,Turkey,False
2013-01-01,Gaziantepspor,Bursaspor,2,1,Super Lig,,Turkey,False
2013-01-01,Gaziantepspor,Elazığspor,1,1,Super Lig,,Turkey,False
2013-01-01,Gaziantepspor,Eskişehirspor,2,0,Super Lig,,Turkey,False
2013-01-01,Gaziantepspor,Fenerbahçe,1,2,Super Lig,,Turkey,False
2013-01-01,Gaziantepspor,Galatasaray,0,1,Super Lig,,Turkey,False
2013-01-01,Gaziantepspor,Gençlerbirliği,2,3,Super Lig,,Turkey,False
2013-01-01,Gaziantepspor,Başakşehir,2,1,Super Lig,,Turkey,False
2013-01-01,Gaziantepspor,Kardemir Karabükspor,0,2,Super Lig,,Turkey,False
2013-01-01,Gaziantepspor,Kasımpaşa,2,1,Super Lig,,Turkey,False
2013-01-01,Gaziantepspor,Kayserispor,0,1,Super Lig,,Turkey,False
2013-01-01,Gaziantepspor,Mersin İdmanyurdu,2,1,Super Lig,,Turkey,False
2013-01-01,Gaziantepspor,Orduspor,3,0,Super Lig,,Turkey,False
2013-01-01,Gaziantepspor,Sivasspor,0,1,Super Lig,,Turkey,False
2013-01-01,Gaziantepspor,Trabzonspor,1,0,Super Lig,,Turkey,False
2013-01-01,Gençlerbirliği,Akhisar Belediyespor,1,0,Super Lig,,Turkey,False
2013-01-01,Gençlerbirliği,Antalyaspor,3,1,Super Lig,,Turkey,False
2013-01-01,Gençlerbirliği,Beşiktaş,1,1,Super Lig,,Turkey,False
2013-01-01,Gençlerbirliği,Bursaspor,2,2,Super Lig,,Turkey,False
2013-01-01,Gençlerbirliği,Elazığspor,1,2,Super Lig,,Turkey,False
2013-01-01,Gençlerbirliği,Eskişehirspor,0,2,Super Lig,,Turkey,False
2013-01-01,Gençlerbirliği,Fenerbahçe,2,0,Super Lig,,Turkey,False
2013-01-01,Gençlerbirliği,Galatasaray,3,3,Super Lig,,Turkey,False
2013-01-01,Gençlerbirliği,Gaziantepspor,2,2,Super Lig,,Turkey,False
2013-01-01,Gençlerbirliği,Başakşehir,0,0,Super Lig,,Turkey,False
2013-01-01,Gençlerbirliği,Kardemir Karabükspor,2,1,Super Lig,,Turkey,False
2013-01-01,Gençlerbirliği,Kasımpaşa,0,0,Super Lig,,Turkey,False
2013-01-01,Gençlerbirliği,Kayserispor,4,0,Super Lig,,Turkey,False
2013-01-01,Gençlerbirliği,Mersin İdmanyurdu,3,1,Super Lig,,Turkey,False
2013-01-01,Gençlerbirliği,Orduspor,1,1,Super Lig,,Turkey,False
2013-01-01,Gençlerbirliği,Sivasspor,1,1,Super Lig,,Turkey,False
2013-01-01,Gençlerbirliği,Trabzonspor,0,4,Super Lig,,Turkey,False
2013-01-01,Başakşehir,Akhisar Belediyespor,0,2,Super Lig,,Turkey,False
2013-01-01,Başakşehir,Antalyaspor,0,1,Super Lig,,Turkey,False
2013-01-01,Başakşehir,Beşiktaş,1,1,Super Lig,,Turkey,False
2013-01-01,Başakşehir,Bursaspor,4,1,Super Lig,,Turkey,False
2013-01-01,Başakşehir,Elazığspor,1,1,Super Lig,,Turkey,False
2013-01-01,Başakşehir,Eskişehirspor,2,2,Super Lig,,Turkey,False
2013-01-01,Başakşehir,Fenerbahçe,2,0,Super Lig,,Turkey,False
2013-01-01,Başakşehir,Galatasaray,1,3,Super Lig,,Turkey,False
2013-01-01,Başakşehir,Gaziantepspor,1,3,Super Lig,,Turkey,False
2013-01-01,Başakşehir,Gençlerbirliği,0,2,Super Lig,,Turkey,False
2013-01-01,Başakşehir,Kardemir Karabükspor,2,2,Super Lig,,Turkey,False
2013-01-01,Başakşehir,Kasımpaşa,1,2,Super Lig,,Turkey,False
2013-01-01,Başakşehir,Kayserispor,0,0,Super Lig,,Turkey,False
2013-01-01,Başakşehir,Mersin İdmanyurdu,4,2,Super Lig,,Turkey,False
2013-01-01,Başakşehir,Orduspor,1,1,Super Lig,,Turkey,False
2013-01-01,Başakşehir,Sivasspor,2,0,Super Lig,,Turkey,False
2013-01-01,Başakşehir,Trabzonspor,2,1,Super Lig,,Turkey,False
2013-01-01,Kardemir Karabükspor,Akhisar Belediyespor,0,2,Super Lig,,Turkey,False
2013-01-01,Kardemir Karabükspor,Antalyaspor,1,0,Super Lig,,Turkey,False
2013-01-01,Kardemir Karabükspor,Beşiktaş,0,3,Super Lig,,Turkey,False
2013-01-01,Kardemir Karabükspor,Bursaspor,0,3,Super Lig,,Turkey,False
2013-01-01,Kardemir Karabükspor,Elazığspor,0,1,Super Lig,,Turkey,False
2013-01-01,Kardemir Karabükspor,Eskişehirspor,0,0,Super Lig,,Turkey,False
2013-01-01,Kardemir Karabükspor,Fenerbahçe,3,2,Super Lig,,Turkey,False
2013-01-01,Kardemir Karabükspor,Galatasaray,0,1,Super Lig,,Turkey,False
2013-01-01,Kardemir Karabükspor,Gaziantepspor,0,2,Super Lig,,Turkey,False
2013-01-01,Kardemir Karabükspor,Gençlerbirliği,0,0,Super Lig,,Turkey,False
2013-01-01,Kardemir Karabükspor,Başakşehir,3,1,Super Lig,,Turkey,False
2013-01-01,Kardemir Karabükspor,Kasımpaşa,0,3,Super Lig,,Turkey,False
2013-01-01,Kardemir Karabükspor,Kayserispor,3,1,Super Lig,,Turkey,False
2013-01-01,Kardemir Karabükspor,Mersin İdmanyurdu,1,0,Super Lig,,Turkey,False
2013-01-01,Kardemir Karabükspor,Orduspor,1,1,Super Lig,,Turkey,False
2013-01-01,Kardemir Karabükspor,Sivasspor,1,0,Super Lig,,Turkey,False
2013-01-01,Kardemir Karabükspor,Trabzonspor,1,1,Super Lig,,Turkey,False
2013-01-01,Kasımpaşa,Akhisar Belediyespor,0,1,Super Lig,,Turkey,False
2013-01-01,Kasımpaşa,Antalyaspor,1,1,Super Lig,,Turkey,False
2013-01-01,Kasımpaşa,Beşiktaş,1,3,Super Lig,,Turkey,False
2013-01-01,Kasımpaşa,Bursaspor,2,0,Super Lig,,Turkey,False
2013-01-01,Kasımpaşa,Elazığspor,0,0,Super Lig,,Turkey,False
2013-01-01,Kasımpaşa,Eskişehirspor,1,2,Super Lig,,Turkey,False
2013-01-01,Kasımpaşa,Fenerbahçe,2,0,Super Lig,,Turkey,False
2013-01-01,Kasımpaşa,Galatasaray,2,1,Super Lig,,Turkey,False
2013-01-01,Kasımpaşa,Gaziantepspor,3,0,Super Lig,,Turkey,False
2013-01-01,Kasımpaşa,Gençlerbirliği,2,2,Super Lig,,Turkey,False
2013-01-01,Kasımpaşa,Başakşehir,0,2,Super Lig,,Turkey,False
2013-01-01,Kasımpaşa,Kardemir Karabükspor,2,1,Super Lig,,Turkey,False
2013-01-01,Kasımpaşa,Kayserispor,1,2,Super Lig,,Turkey,False
2013-01-01,Kasımpaşa,Mersin İdmanyurdu,2,2,Super Lig,,Turkey,False
2013-01-01,Kasımpaşa,Orduspor,1,1,Super Lig,,Turkey,False
2013-01-01,Kasımpaşa,Sivasspor,1,0,Super Lig,,Turkey,False
2013-01-01,Kasımpaşa,Trabzonspor,2,0,Super Lig,,Turkey,False
2013-01-01,Kayserispor,Akhisar Belediyespor,1,1,Super Lig,,Turkey,False
2013-01-01,Kayserispor,Antalyaspor,2,0,Super Lig,,Turkey,False
2013-01-01,Kayserispor,Beşiktaş,2,0,Super Lig,,Turkey,False
2013-01-01,Kayserispor,Bursaspor,0,1,Super Lig,,Turkey,False
2013-01-01,Kayserispor,Elazığspor,4,1,Super Lig,,Turkey,False
2013-01-01,Kayserispor,Eskişehirspor,3,2,Super Lig,,Turkey,False
2013-01-01,Kayserispor,Fenerbahçe,1,1,Super Lig,,Turkey,False
2013-01-01,Kayserispor,Galatasaray,1,3,Super Lig,,Turkey,False
2013-01-01,Kayserispor,Gaziantepspor,1,1,Super Lig,,Turkey,False
2013-01-01,Kayserispor,Gençlerbirliği,1,0,Super Lig,,Turkey,False
2013-01-01,Kayserispor,Başakşehir,0,1,Super Lig,,Turkey,False
2013-01-01,Kayserispor,Kardemir Karabükspor,3,0,Super Lig,,Turkey,False
2013-01-01,Kayserispor,Kasımpaşa,1,0,Super Lig,,Turkey,False
2013-01-01,Kayserispor,Mersin İdmanyurdu,2,1,Super Lig,,Turkey,False
2013-01-01,Kayserispor,Orduspor,0,0,Super Lig,,Turkey,False
2013-01-01,Kayserispor,Sivasspor,1,1,Super Lig,,Turkey,False
2013-01-01,Kayserispor,Trabzonspor,2,1,Super Lig,,Turkey,False
2013-01-01,Mersin İdmanyurdu,Akhisar Belediyespor,2,1,Super Lig,,Turkey,False
2013-01-01,Mersin İdmanyurdu,Antalyaspor,1,1,Super Lig,,Turkey,False
2013-01-01,Mersin İdmanyurdu,Beşiktaş,1,2,Super Lig,,Turkey,False
2013-01-01,Mersin İdmanyurdu,Bursaspor,0,1,Super Lig,,Turkey,False
2013-01-01,Mersin İdmanyurdu,Elazığspor,0,2,Super Lig,,Turkey,False
2013-01-01,Mersin İdmanyurdu,Eskişehirspor,1,3,Super Lig,,Turkey,False
2013-01-01,Mersin İdmanyurdu,Fenerbahçe,0,1,Super Lig,,Turkey,False
2013-01-01,Mersin İdmanyurdu,Galatasaray,1,1,Super Lig,,Turkey,False
2013-01-01,Mersin İdmanyurdu,Gaziantepspor,1,2,Super Lig,,Turkey,False
2013-01-01,Mersin İdmanyurdu,Gençlerbirliği,1,1,Super Lig,,Turkey,False
2013-01-01,Mersin İdmanyurdu,Başakşehir,2,0,Super Lig,,Turkey,False
2013-01-01,Mersin İdmanyurdu,Kardemir Karabükspor,2,1,Super Lig,,Turkey,False
2013-01-01,Mersin İdmanyurdu,Kasımpaşa,1,1,Super Lig,,Turkey,False
2013-01-01,Mersin İdmanyurdu,Kayserispor,1,2,Super Lig,,Turkey,False
2013-01-01,Mersin İdmanyurdu,Orduspor,0,0,Super Lig,,Turkey,False
2013-01-01,Mersin İdmanyurdu,Sivasspor,3,0,Super Lig,,Turkey,False
2013-01-01,Mersin İdmanyurdu,Trabzonspor,0,1,Super Lig,,Turkey,False
2013-01-01,Orduspor,Akhisar Belediyespor,0,2,Super Lig,,Turkey,False
2013-01-01,Orduspor,Antalyaspor,1,1,Super Lig,,Turkey,False
2013-01-01,Orduspor,Beşiktaş,1,2,Super Lig,,Turkey,False
2013-01-01,Orduspor,Bursaspor,2,4,Super Lig,,Turkey,False
2013-01-01,Orduspor,Elazığspor,2,2,Super Lig,,Turkey,False
2013-01-01,Orduspor,Eskişehirspor,2,0,Super Lig,,Turkey,False
2013-01-01,Orduspor,Fenerbahçe,0,2,Super Lig,,Turkey,False
2013-01-01,Orduspor,Galatasaray,2,0,Super Lig,,Turkey,False
2013-01-01,Orduspor,Gaziantepspor,2,3,Super Lig,,Turkey,False
2013-01-01,Orduspor,Gençlerbirliği,2,1,Super Lig,,Turkey,False
2013-01-01,Orduspor,Başakşehir,2,2,Super Lig,,Turkey,False
2013-01-01,Orduspor,Kardemir Karabükspor,3,2,Super Lig,,Turkey,False
2013-01-01,Orduspor,Kasımpaşa,0,2,Super Lig,,Turkey,False
2013-01-01,Orduspor,Kayserispor,3,2,Super Lig,,Turkey,False
2013-01-01,Orduspor,Mersin İdmanyurdu,1,1,Super Lig,,Turkey,False
2013-01-01,Orduspor,Sivasspor,2,0,Super Lig,,Turkey,False
2013-01-01,Orduspor,Trabzonspor,1,2,Super Lig,,Turkey,False
2013-01-01,Sivasspor,Akhisar Belediyespor,1,2,Super Lig,,Turkey,False
2013-01-01,Sivasspor,Antalyaspor,2,1,Super Lig,,Turkey,False
2013-01-01,Sivasspor,Beşiktaş,0,1,Super Lig,,Turkey,False
2013-01-01,Sivasspor,Bursaspor,2,2,Super Lig,,Turkey,False
2013-01-01,Sivasspor,Elazığspor,3,1,Super Lig,,Turkey,False
2013-01-01,Sivasspor,Eskişehirspor,1,0,Super Lig,,Turkey,False
2013-01-01,Sivasspor,Fenerbahçe,0,0,Super Lig,,Turkey,False
2013-01-01,Sivasspor,Galatasaray,1,3,Super Lig,,Turkey,False
2013-01-01,Sivasspor,Gaziantepspor,0,0,Super Lig,,Turkey,False
2013-01-01,Sivasspor,Gençlerbirliği,1,1,Super Lig,,Turkey,False
2013-01-01,Sivasspor,Başakşehir,4,1,Super Lig,,Turkey,False
2013-01-01,Sivasspor,Kardemir Karabükspor,2,1,Super Lig,,Turkey,False
2013-01-01,Sivasspor,Kasımpaşa,1,0,Super Lig,,Turkey,False
2013-01-01,Sivasspor,Kayserispor,4,2,Super Lig,,Turkey,False
2013-01-01,Sivasspor,Mersin İdmanyurdu,3,3,Super Lig,,Turkey,False
2013-01-01,Sivasspor,Orduspor,3,2,Super Lig,,Turkey,False
2013-01-01,Sivasspor,Trabzonspor,2,0,Super Lig,,Turkey,False
2013-01-01,Trabzonspor,Akhisar Belediyespor,3,1,Super Lig,,Turkey,False
2013-01-01,Trabzonspor,Antalyaspor,2,0,Super Lig,,Turkey,False
2013-01-01,Trabzonspor,Beşiktaş,0,0,Super Lig,,Turkey,False
2013-01-01,Trabzonspor,Bursaspor,0,1,Super Lig,,Turkey,False
2013-01-01,Trabzonspor,Elazığspor,2,0,Super Lig,,Turkey,False
2013-01-01,Trabzonspor,Eskişehirspor,0,3,Super Lig,,Turkey,False
2013-01-01,Trabzonspor,Fenerbahçe,0,3,Super Lig,,Turkey,False
2013-01-01,Trabzonspor,Galatasaray,0,0,Super Lig,,Turkey,False
2013-01-01,Trabzonspor,Gaziantepspor,4,1,Super Lig,,Turkey,False
2013-01-01,Trabzonspor,Gençlerbirliği,2,0,Super Lig,,Turkey,False
2013-01-01,Trabzonspor,Başakşehir,4,3,Super Lig,,Turkey,False
2013-01-01,Trabzonspor,Kardemir Karabükspor,1,3,Super Lig,,Turkey,False
2013-01-01,Trabzonspor,Kasımpaşa,1,0,Super Lig,,Turkey,False
2013-01-01,Trabzonspor,Kayserispor,1,1,Super Lig,,Turkey,False
2013-01-01,Trabzonspor,Mersin İdmanyurdu,1,1,Super Lig,,Turkey,False
2013-01-01,Trabzonspor,Orduspor,1,0,Super Lig,,Turkey,False
2013-01-01,Trabzonspor,Sivasspor,1,0,Super Lig,,Turkey,False
2014-01-01,Akhisar Belediyespor,Antalyaspor,1,0,Super Lig,,Turkey,False
2014-01-01,Akhisar Belediyespor,Beşiktaş,2,3,Super Lig,,Turkey,False
2014-01-01,Akhisar Belediyespor,Bursaspor,2,1,Super Lig,,Turkey,False
2014-01-01,Akhisar Belediyespor,Rizespor,2,3,Super Lig,,Turkey,False
2014-01-01,Akhisar Belediyespor,Elazığspor,3,1,Super Lig,,Turkey,False
2014-01-01,Akhisar Belediyespor,Eskişehirspor,0,0,Super Lig,,Turkey,False
2014-01-01,Akhisar Belediyespor,Fenerbahçe,3,1,Super Lig,,Turkey,False
2014-01-01,Akhisar Belediyespor,Galatasaray,2,1,Super Lig,,Turkey,False
2014-01-01,Akhisar Belediyespor,Gaziantepspor,2,0,Super Lig,,Turkey,False
2014-01-01,Akhisar Belediyespor,Gençlerbirliği,3,1,Super Lig,,Turkey,False
2014-01-01,Akhisar Belediyespor,Kardemir Karabükspor,0,1,Super Lig,,Turkey,False
2014-01-01,Akhisar Belediyespor,Kasımpaşa,1,3,Super Lig,,Turkey,False
2014-01-01,Akhisar Belediyespor,Kayseri Erciyesspor,0,2,Super Lig,,Turkey,False
2014-01-01,Akhisar Belediyespor,Kayserispor,2,2,Super Lig,,Turkey,False
2014-01-01,Akhisar Belediyespor,Konyaspor,2,1,Super Lig,,Turkey,False
2014-01-01,Akhisar Belediyespor,Sivasspor,2,1,Super Lig,,Turkey,False
2014-01-01,Akhisar Belediyespor,Trabzonspor,3,0,Super Lig,,Turkey,False
2014-01-01,Antalyaspor,Akhisar Belediyespor,1,0,Super Lig,,Turkey,False
2014-01-01,Antalyaspor,Beşiktaş,2,0,Super Lig,,Turkey,False
2014-01-01,Antalyaspor,Bursaspor,1,2,Super Lig,,Turkey,False
2014-01-01,Antalyaspor,Rizespor,1,2,Super Lig,,Turkey,False
2014-01-01,Antalyaspor,Elazığspor,1,2,Super Lig,,Turkey,False
2014-01-01,Antalyaspor,Eskişehirspor,0,0,Super Lig,,Turkey,False
2014-01-01,Antalyaspor,Fenerbahçe,1,2,Super Lig,,Turkey,False
2014-01-01,Antalyaspor,Galatasaray,2,2,Super Lig,,Turkey,False
2014-01-01,Antalyaspor,Gaziantepspor,0,1,Super Lig,,Turkey,False
2014-01-01,Antalyaspor,Gençlerbirliği,2,3,Super Lig,,Turkey,False
2014-01-01,Antalyaspor,Kardemir Karabükspor,0,0,Super Lig,,Turkey,False
2014-01-01,Antalyaspor,Kasımpaşa,1,1,Super Lig,,Turkey,False
2014-01-01,Antalyaspor,Kayseri Erciyesspor,0,0,Super Lig,,Turkey,False
2014-01-01,Antalyaspor,Kayserispor,2,2,Super Lig,,Turkey,False
2014-01-01,Antalyaspor,Konyaspor,1,1,Super Lig,,Turkey,False
2014-01-01,Antalyaspor,Sivasspor,1,2,Super Lig,,Turkey,False
2014-01-01,Antalyaspor,Trabzonspor,0,2,Super Lig,,Turkey,False
2014-01-01,Beşiktaş,Akhisar Belediyespor,3,0,Super Lig,,Turkey,False
2014-01-01,Beşiktaş,Antalyaspor,0,0,Super Lig,,Turkey,False
2014-01-01,Beşiktaş,Bursaspor,1,0,Super Lig,,Turkey,False
2014-01-01,Beşiktaş,Rizespor,0,0,Super Lig,,Turkey,False
2014-01-01,Beşiktaş,Elazığspor,4,1,Super Lig,,Turkey,False
2014-01-01,Beşiktaş,Eskişehirspor,1,0,Super Lig,,Turkey,False
2014-01-01,Beşiktaş,Fenerbahçe,1,1,Super Lig,,Turkey,False
2014-01-01,Beşiktaş,Galatasaray,0,3,Super Lig,,Turkey,False
2014-01-01,Beşiktaş,Gaziantepspor,2,0,Super Lig,,Turkey,False
2014-01-01,Beşiktaş,Gençlerbirliği,1,1,Super Lig,,Turkey,False
2014-01-01,Beşiktaş,Kardemir Karabükspor,0,0,Super Lig,,Turkey,False
2014-01-01,Beşiktaş,Kasımpaşa,2,1,Super Lig,,Turkey,False
2014-01-01,Beşiktaş,Kayseri Erciyesspor,3,2,Super Lig,,Turkey,False
2014-01-01,Beşiktaş,Kayserispor,2,1,Super Lig,,Turkey,False
2014-01-01,Beşiktaş,Konyaspor,3,1,Super Lig,,Turkey,False
2014-01-01,Beşiktaş,Sivasspor,1,1,Super Lig,,Turkey,False
2014-01-01,Beşiktaş,Trabzonspor,2,0,Super Lig,,Turkey,False
2014-01-01,Bursaspor,Akhisar Belediyespor,0,0,Super Lig,,Turkey,False
2014-01-01,Bursaspor,Antalyaspor,1,1,Super Lig,,Turkey,False
2014-01-01,Bursaspor,Beşiktaş,0,3,Super Lig,,Turkey,False
2014-01-01,Bursaspor,Rizespor,2,0,Super Lig,,Turkey,False
2014-01-01,Bursaspor,Elazığspor,1,0,Super Lig,,Turkey,False
2014-01-01,Bursaspor,Eskişehirspor,3,1,Super Lig,,Turkey,False
2014-01-01,Bursaspor,Fenerbahçe,2,3,Super Lig,,Turkey,False
2014-01-01,Bursaspor,Galatasaray,1,1,Super Lig,,Turkey,False
2014-01-01,Bursaspor,Gaziantepspor,3,1,Super Lig,,Turkey,False
2014-01-01,Bursaspor,Gençlerbirliği,0,0,Super Lig,,Turkey,False
2014-01-01,Bursaspor,Kardemir Karabükspor,1,0,Super Lig,,Turkey,False
2014-01-01,Bursaspor,Kasımpaşa,1,1,Super Lig,,Turkey,False
2014-01-01,Bursaspor,Kayseri Erciyesspor,3,1,Super Lig,,Turkey,False
2014-01-01,Bursaspor,Kayserispor,2,0,Super Lig,,Turkey,False
2014-01-01,Bursaspor,Konyaspor,1,2,Super Lig,,Turkey,False
2014-01-01,Bursaspor,Sivasspor,4,3,Super Lig,,Turkey,False
2014-01-01,Bursaspor,Trabzonspor,2,2,Super Lig,,Turkey,False
2014-01-01,Rizespor,Akhisar Belediyespor,0,0,Super Lig,,Turkey,False
2014-01-01,Rizespor,Antalyaspor,1,2,Super Lig,,Turkey,False
2014-01-01,Rizespor,Beşiktaş,2,2,Super Lig,,Turkey,False
2014-01-01,Rizespor,Bursaspor,2,1,Super Lig,,Turkey,False
2014-01-01,Rizespor,Elazığspor,3,1,Super Lig,,Turkey,False
2014-01-01,Rizespor,Eskişehirspor,0,0,Super Lig,,Turkey,False
2014-01-01,Rizespor,Fenerbahçe,1,2,Super Lig,,Turkey,False
2014-01-01,Rizespor,Galatasaray,1,1,Super Lig,,Turkey,False
2014-01-01,Rizespor,Gaziantepspor,5,1,Super Lig,,Turkey,False
2014-01-01,Rizespor,Gençlerbirliği,1,0,Super Lig,,Turkey,False
2014-01-01,Rizespor,Kardemir Karabükspor,0,1,Super Lig,,Turkey,False
2014-01-01,Rizespor,Kasımpaşa,0,0,Super Lig,,Turkey,False
2014-01-01,Rizespor,Kayseri Erciyesspor,2,1,Super Lig,,Turkey,False
2014-01-01,Rizespor,Kayserispor,0,2,Super Lig,,Turkey,False
2014-01-01,Rizespor,Konyaspor,3,1,Super Lig,,Turkey,False
2014-01-01,Rizespor,Sivasspor,1,1,Super Lig,,Turkey,False
2014-01-01,Rizespor,Trabzonspor,0,0,Super Lig,,Turkey,False
2014-01-01,Elazığspor,Akhisar Belediyespor,2,1,Super Lig,,Turkey,False
2014-01-01,Elazığspor,Antalyaspor,4,1,Super Lig,,Turkey,False
2014-01-01,Elazığspor,Beşiktaş,0,1,Super Lig,,Turkey,False
2014-01-01,Elazığspor,Bursaspor,1,2,Super Lig,,Turkey,False
2014-01-01,Elazığspor,Rizespor,1,0,Super Lig,,Turkey,False
2014-01-01,Elazığspor,Eskişehirspor,0,2,Super Lig,,Turkey,False
2014-01-01,Elazığspor,Fenerbahçe,1,1,Super Lig,,Turkey,False
2014-01-01,Elazığspor,Galatasaray,0,1,Super Lig,,Turkey,False
2014-01-01,Elazığspor,Gaziantepspor,2,1,Super Lig,,Turkey,False
2014-01-01,Elazığspor,Gençlerbirliği,1,2,Super Lig,,Turkey,False
2014-01-01,Elazığspor,Kardemir Karabükspor,2,2,Super Lig,,Turkey,False
2014-01-01,Elazığspor,Kasımpaşa,0,0,Super Lig,,Turkey,False
2014-01-01,Elazığspor,Kayseri Erciyesspor,0,1,Super Lig,,Turkey,False
2014-01-01,Elazığspor,Kayserispor,3,0,Super Lig,,Turkey,False
2014-01-01,Elazığspor,Konyaspor,2,0,Super Lig,,Turkey,False
2014-01-01,Elazığspor,Sivasspor,2,4,Super Lig,,Turkey,False
2014-01-01,Elazığspor,Trabzonspor,0,0,Super Lig,,Turkey,False
2014-01-01,Eskişehirspor,Akhisar Belediyespor,2,0,Super Lig,,Turkey,False
2014-01-01,Eskişehirspor,Antalyaspor,2,1,Super Lig,,Turkey,False
2014-01-01,Eskişehirspor,Beşiktaş,0,1,Super Lig,,Turkey,False
2014-01-01,Eskişehirspor,Bursaspor,2,0,Super Lig,,Turkey,False
2014-01-01,Eskişehirspor,Rizespor,4,1,Super Lig,,Turkey,False
2014-01-01,Eskişehirspor,Elazığspor,1,0,Super Lig,,Turkey,False
2014-01-01,Eskişehirspor,Fenerbahçe,2,1,Super Lig,,Turkey,False
2014-01-01,Eskişehirspor,Galatasaray,0,0,Super Lig,,Turkey,False
2014-01-01,Eskişehirspor,Gaziantepspor,2,0,Super Lig,,Turkey,False
2014-01-01,Eskişehirspor,Gençlerbirliği,0,1,Super Lig,,Turkey,False
2014-01-01,Eskişehirspor,Kardemir Karabükspor,0,0,Super Lig,,Turkey,False
2014-01-01,Eskişehirspor,Kasımpaşa,0,0,Super Lig,,Turkey,False
2014-01-01,Eskişehirspor,Kayseri Erciyesspor,0,1,Super Lig,,Turkey,False
2014-01-01,Eskişehirspor,Kayserispor,1,4,Super Lig,,Turkey,False
2014-01-01,Eskişehirspor,Konyaspor,1,1,Super Lig,,Turkey,False
2014-01-01,Eskişehirspor,Sivasspor,2,2,Super Lig,,Turkey,False
2014-01-01,Eskişehirspor,Trabzonspor,2,2,Super Lig,,Turkey,False
2014-01-01,Fenerbahçe,Akhisar Belediyespor,4,0,Super Lig,,Turkey,False
2014-01-01,Fenerbahçe,Antalyaspor,4,1,Super Lig,,Turkey,False
2014-01-01,Fenerbahçe,Beşiktaş,3,3,Super Lig,,Turkey,False
2014-01-01,Fenerbahçe,Bursaspor,3,0,Super Lig,,Turkey,False
2014-01-01,Fenerbahçe,Rizespor,0,0,Super Lig,,Turkey,False
2014-01-01,Fenerbahçe,Elazığspor,4,0,Super Lig,,Turkey,False
2014-01-01,Fenerbahçe,Eskişehirspor,1,0,Super Lig,,Turkey,False
2014-01-01,Fenerbahçe,Galatasaray,2,0,Super Lig,,Turkey,False
2014-01-01,Fenerbahçe,Gaziantepspor,3,1,Super Lig,,Turkey,False
2014-01-01,Fenerbahçe,Gençlerbirliği,2,0,Super Lig,,Turkey,False
2014-01-01,Fenerbahçe,Kardemir Karabükspor,4,0,Super Lig,,Turkey,False
2014-01-01,Fenerbahçe,Kasımpaşa,2,1,Super Lig,,Turkey,False
2014-01-01,Fenerbahçe,Kayseri Erciyesspor,2,1,Super Lig,,Turkey,False
2014-01-01,Fenerbahçe,Kayserispor,5,1,Super Lig,,Turkey,False
2014-01-01,Fenerbahçe,Konyaspor,2,1,Super Lig,,Turkey,False
2014-01-01,Fenerbahçe,Sivasspor,5,2,Super Lig,,Turkey,False
2014-01-01,Fenerbahçe,Trabzonspor,0,0,Super Lig,,Turkey,False
2014-01-01,Galatasaray,Akhisar Belediyespor,6,1,Super Lig,,Turkey,False
2014-01-01,Galatasaray,Antalyaspor,1,1,Super Lig,,Turkey,False
2014-01-01,Galatasaray,Beşiktaş,1,0,Super Lig,,Turkey,False
2014-01-01,Galatasaray,Bursaspor,6,0,Super Lig,,Turkey,False
2014-01-01,Galatasaray,Rizespor,1,1,Super Lig,,Turkey,False
2014-01-01,Galatasaray,Elazığspor,2,0,Super Lig,,Turkey,False
2014-01-01,Galatasaray,Eskişehirspor,3,0,Super Lig,,Turkey,False
2014-01-01,Galatasaray,Fenerbahçe,1,0,Super Lig,,Turkey,False
2014-01-01,Galatasaray,Gaziantepspor,2,1,Super Lig,,Turkey,False
2014-01-01,Galatasaray,Gençlerbirliği,3,2,Super Lig,,Turkey,False
2014-01-01,Galatasaray,Kardemir Karabükspor,2,1,Super Lig,,Turkey,False
2014-01-01,Galatasaray,Kasımpaşa,0,4,Super Lig,,Turkey,False
2014-01-01,Galatasaray,Kayseri Erciyesspor,2,1,Super Lig,,Turkey,False
2014-01-01,Galatasaray,Kayserispor,0,1,Super Lig,,Turkey,False
2014-01-01,Galatasaray,Konyaspor,2,1,Super Lig,,Turkey,False
2014-01-01,Galatasaray,Sivasspor,2,1,Super Lig,,Turkey,False
2014-01-01,Galatasaray,Trabzonspor,2,1,Super Lig,,Turkey,False
2014-01-01,Gaziantepspor,Akhisar Belediyespor,1,1,Super Lig,,Turkey,False
2014-01-01,Gaziantepspor,Antalyaspor,0,0,Super Lig,,Turkey,False
2014-01-01,Gaziantepspor,Beşiktaş,1,2,Super Lig,,Turkey,False
2014-01-01,Gaziantepspor,Bursaspor,0,0,Super Lig,,Turkey,False
2014-01-01,Gaziantepspor,Rizespor,2,5,Super Lig,,Turkey,False
2014-01-01,Gaziantepspor,Elazığspor,3,1,Super Lig,,Turkey,False
2014-01-01,Gaziantepspor,Eskişehirspor,1,1,Super Lig,,Turkey,False
2014-01-01,Gaziantepspor,Fenerbahçe,0,3,Super Lig,,Turkey,False
2014-01-01,Gaziantepspor,Galatasaray,0,0,Super Lig,,Turkey,False
2014-01-01,Gaziantepspor,Gençlerbirliği,0,1,Super Lig,,Turkey,False
2014-01-01,Gaziantepspor,Kardemir Karabükspor,3,0,Super Lig,,Turkey,False
2014-01-01,Gaziantepspor,Kasımpaşa,2,2,Super Lig,,Turkey,False
2014-01-01,Gaziantepspor,Kayseri Erciyesspor,2,1,Super Lig,,Turkey,False
2014-01-01,Gaziantepspor,Kayserispor,2,1,Super Lig,,Turkey,False
2014-01-01,Gaziantepspor,Konyaspor,3,3,Super Lig,,Turkey,False
2014-01-01,Gaziantepspor,Sivasspor,0,4,Super Lig,,Turkey,False
2014-01-01,Gaziantepspor,Trabzonspor,3,2,Super Lig,,Turkey,False
2014-01-01,Gençlerbirliği,Akhisar Belediyespor,3,0,Super Lig,,Turkey,False
2014-01-01,Gençlerbirliği,Antalyaspor,1,2,Super Lig,,Turkey,False
2014-01-01,Gençlerbirliği,Beşiktaş,1,0,Super Lig,,Turkey,False
2014-01-01,Gençlerbirliği,Bursaspor,1,0,Super Lig,,Turkey,False
2014-01-01,Gençlerbirliği,Rizespor,3,1,Super Lig,,Turkey,False
2014-01-01,Gençlerbirliği,Elazığspor,3,1,Super Lig,,Turkey,False
2014-01-01,Gençlerbirliği,Eskişehirspor,2,0,Super Lig,,Turkey,False
2014-01-01,Gençlerbirliği,Fenerbahçe,0,1,Super Lig,,Turkey,False
2014-01-01,Gençlerbirliği,Galatasaray,1,1,Super Lig,,Turkey,False
2014-01-01,Gençlerbirliği,Gaziantepspor,1,3,Super Lig,,Turkey,False
2014-01-01,Gençlerbirliği,Kardemir Karabükspor,1,2,Super Lig,,Turkey,False
2014-01-01,Gençlerbirliği,Kasımpaşa,1,3,Super Lig,,Turkey,False
2014-01-01,Gençlerbirliği,Kayseri Erciyesspor,0,0,Super Lig,,Turkey,False
2014-01-01,Gençlerbirliği,Kayserispor,1,1,Super Lig,,Turkey,False
2014-01-01,Gençlerbirliği,Konyaspor,2,2,Super Lig,,Turkey,False
2014-01-01,Gençlerbirliği,Sivasspor,2,1,Super Lig,,Turkey,False
2014-01-01,Gençlerbirliği,Trabzonspor,3,2,Super Lig,,Turkey,False
2014-01-01,Kardemir Karabükspor,Akhisar Belediyespor,0,2,Super Lig,,Turkey,False
2014-01-01,Kardemir Karabükspor,Antalyaspor,1,1,Super Lig,,Turkey,False
2014-01-01,Kardemir Karabükspor,Beşiktaş,1,0,Super Lig,,Turkey,False
2014-01-01,Kardemir Karabükspor,Bursaspor,0,1,Super Lig,,Turkey,False
2014-01-01,Kardemir Karabükspor,Rizespor,2,1,Super Lig,,Turkey,False
2014-01-01,Kardemir Karabükspor,Elazığspor,3,1,Super Lig,,Turkey,False
2014-01-01,Kardemir Karabükspor,Eskişehirspor,0,0,Super Lig,,Turkey,False
2014-01-01,Kardemir Karabükspor,Fenerbahçe,2,1,Super Lig,,Turkey,False
2014-01-01,Kardemir Karabükspor,Galatasaray,0,0,Super Lig,,Turkey,False
2014-01-01,Kardemir Karabükspor,Gaziantepspor,0,1,Super Lig,,Turkey,False
2014-01-01,Kardemir Karabükspor,Gençlerbirliği,1,0,Super Lig,,Turkey,False
2014-01-01,Kardemir Karabükspor,Kasımpaşa,2,0,Super Lig,,Turkey,False
2014-01-01,Kardemir Karabükspor,Kayseri Erciyesspor,0,0,Super Lig,,Turkey,False
2014-01-01,Kardemir Karabükspor,Kayserispor,1,0,Super Lig,,Turkey,False
2014-01-01,Kardemir Karabükspor,Konyaspor,2,2,Super Lig,,Turkey,False
2014-01-01,Kardemir Karabükspor,Sivasspor,1,0,Super Lig,,Turkey,False
2014-01-01,Kardemir Karabükspor,Trabzonspor,2,2,Super Lig,,Turkey,False
2014-01-01,Kasımpaşa,Akhisar Belediyespor,2,4,Super Lig,,Turkey,False
2014-01-01,Kasımpaşa,Antalyaspor,2,0,Super Lig,,Turkey,False
2014-01-01,Kasımpaşa,Beşiktaş,0,3,Super Lig,,Turkey,False
2014-01-01,Kasımpaşa,Bursaspor,1,1,Super Lig,,Turkey,False
2014-01-01,Kasımpaşa,Rizespor,1,1,Super Lig,,Turkey,False
2014-01-01,Kasımpaşa,Elazığspor,4,0,Super Lig,,Turkey,False
2014-01-01,Kasımpaşa,Eskişehirspor,0,2,Super Lig,,Turkey,False
2014-01-01,Kasımpaşa,Fenerbahçe,2,3,Super Lig,,Turkey,False
2014-01-01,Kasımpaşa,Galatasaray,1,1,Super Lig,,Turkey,False
2014-01-01,Kasımpaşa,Gaziantepspor,3,0,Super Lig,,Turkey,False
2014-01-01,Kasımpaşa,Gençlerbirliği,1,2,Super Lig,,Turkey,False
2014-01-01,Kasımpaşa,Kardemir Karabükspor,0,0,Super Lig,,Turkey,False
2014-01-01,Kasımpaşa,Kayseri Erciyesspor,3,0,Super Lig,,Turkey,False
2014-01-01,Kasımpaşa,Kayserispor,3,1,Super Lig,,Turkey,False
2014-01-01,Kasımpaşa,Konyaspor,1,3,Super Lig,,Turkey,False
2014-01-01,Kasımpaşa,Sivasspor,6,2,Super Lig,,Turkey,False
2014-01-01,Kasımpaşa,Trabzonspor,3,2,Super Lig,,Turkey,False
2014-01-01,Kayseri Erciyesspor,Akhisar Belediyespor,1,0,Super Lig,,Turkey,False
2014-01-01,Kayseri Erciyesspor,Antalyaspor,1,3,Super Lig,,Turkey,False
2014-01-01,Kayseri Erciyesspor,Beşiktaş,2,4,Super Lig,,Turkey,False
2014-01-01,Kayseri Erciyesspor,Bursaspor,1,1,Super Lig,,Turkey,False
2014-01-01,Kayseri Erciyesspor,Rizespor,1,1,Super Lig,,Turkey,False
2014-01-01,Kayseri Erciyesspor,Elazığspor,3,0,Super Lig,,Turkey,False
2014-01-01,Kayseri Erciyesspor,Eskişehirspor,0,2,Super Lig,,Turkey,False
2014-01-01,Kayseri Erciyesspor,Fenerbahçe,1,2,Super Lig,,Turkey,False
2014-01-01,Kayseri Erciyesspor,Galatasaray,1,3,Super Lig,,Turkey,False
2014-01-01,Kayseri Erciyesspor,Gaziantepspor,1,0,Super Lig,,Turkey,False
2014-01-01,Kayseri Erciyesspor,Gençlerbirliği,1,0,Super Lig,,Turkey,False
2014-01-01,Kayseri Erciyesspor,Kardemir Karabükspor,2,1,Super Lig,,Turkey,False
2014-01-01,Kayseri Erciyesspor,Kasımpaşa,0,3,Super Lig,,Turkey,False
2014-01-01,Kayseri Erciyesspor,Kayserispor,1,1,Super Lig,,Turkey,False
2014-01-01,Kayseri Erciyesspor,Konyaspor,1,0,Super Lig,,Turkey,False
2014-01-01,Kayseri Erciyesspor,Sivasspor,1,1,Super Lig,,Turkey,False
2014-01-01,Kayseri Erciyesspor,Trabzonspor,0,5,Super Lig,,Turkey,False
2014-01-01,Kayserispor,Akhisar Belediyespor,0,0,Super Lig,,Turkey,False
2014-01-01,Kayserispor,Antalyaspor,3,1,Super Lig,,Turkey,False
2014-01-01,Kayserispor,Beşiktaş,0,3,Super Lig,,Turkey,False
2014-01-01,Kayserispor,Bursaspor,2,0,Super Lig,,Turkey,False
2014-01-01,Kayserispor,Rizespor,0,2,Super Lig,,Turkey,False
2014-01-01,Kayserispor,Elazığspor,1,3,Super Lig,,Turkey,False
2014-01-01,Kayserispor,Eskişehirspor,1,1,Super Lig,,Turkey,False
2014-01-01,Kayserispor,Fenerbahçe,0,2,Super Lig,,Turkey,False
2014-01-01,Kayserispor,Galatasaray,2,4,Super Lig,,Turkey,False
2014-01-01,Kayserispor,Gaziantepspor,0,1,Super Lig,,Turkey,False
2014-01-01,Kayserispor,Gençlerbirliği,1,0,Super Lig,,Turkey,False
2014-01-01,Kayserispor,Kardemir Karabükspor,1,3,Super Lig,,Turkey,False
2014-01-01,Kayserispor,Kasımpaşa,0,0,Super Lig,,Turkey,False
2014-01-01,Kayserispor,Kayseri Erciyesspor,0,4,Super Lig,,Turkey,False
2014-01-01,Kayserispor,Konyaspor,0,0,Super Lig,,Turkey,False
2014-01-01,Kayserispor,Sivasspor,1,0,Super Lig,,Turkey,False
2014-01-01,Kayserispor,Trabzonspor,0,1,Super Lig,,Turkey,False
2014-01-01,Konyaspor,Akhisar Belediyespor,4,0,Super Lig,,Turkey,False
2014-01-01,Konyaspor,Antalyaspor,2,0,Super Lig,,Turkey,False
2014-01-01,Konyaspor,Beşiktaş,1,1,Super Lig,,Turkey,False
2014-01-01,Konyaspor,Bursaspor,0,1,Super Lig,,Turkey,False
2014-01-01,Konyaspor,Rizespor,2,1,Super Lig,,Turkey,False
2014-01-01,Konyaspor,Elazığspor,2,3,Super Lig,,Turkey,False
2014-01-01,Konyaspor,Eskişehirspor,4,1,Super Lig,,Turkey,False
2014-01-01,Konyaspor,Fenerbahçe,3,2,Super Lig,,Turkey,False
2014-01-01,Konyaspor,Galatasaray,0,0,Super Lig,,Turkey,False
2014-01-01,Konyaspor,Gaziantepspor,0,1,Super Lig,,Turkey,False
2014-01-01,Konyaspor,Gençlerbirliği,1,0,Super Lig,,Turkey,False
2014-01-01,Konyaspor,Kardemir Karabükspor,2,3,Super Lig,,Turkey,False
2014-01-01,Konyaspor,Kasımpaşa,1,2,Super Lig,,Turkey,False
2014-01-01,Konyaspor,Kayseri Erciyesspor,1,0,Super Lig,,Turkey,False
2014-01-01,Konyaspor,Kayserispor,3,0,Super Lig,,Turkey,False
2014-01-01,Konyaspor,Sivasspor,3,0,Super Lig,,Turkey,False
2014-01-01,Konyaspor,Trabzonspor,0,0,Super Lig,,Turkey,False
2014-01-01,Sivasspor,Akhisar Belediyespor,3,1,Super Lig,,Turkey,False
2014-01-01,Sivasspor,Antalyaspor,0,3,Super Lig,,Turkey,False
2014-01-01,Sivasspor,Beşiktaş,3,0,Super Lig,,Turkey,False
2014-01-01,Sivasspor,Bursaspor,2,1,Super Lig,,Turkey,False
2014-01-01,Sivasspor,Rizespor,3,1,Super Lig,,Turkey,False
2014-01-01,Sivasspor,Elazığspor,1,3,Super Lig,,Turkey,False
2014-01-01,Sivasspor,Eskişehirspor,3,2,Super Lig,,Turkey,False
2014-01-01,Sivasspor,Fenerbahçe,2,0,Super Lig,,Turkey,False
2014-01-01,Sivasspor,Galatasaray,2,1,Super Lig,,Turkey,False
2014-01-01,Sivasspor,Gaziantepspor,3,2,Super Lig,,Turkey,False
2014-01-01,Sivasspor,Gençlerbirliği,2,0,Super Lig,,Turkey,False
2014-01-01,Sivasspor,Kardemir Karabükspor,3,1,Super Lig,,Turkey,False
2014-01-01,Sivasspor,Kasımpaşa,1,2,Super Lig,,Turkey,False
2014-01-01,Sivasspor,Kayseri Erciyesspor,2,0,Super Lig,,Turkey,False
2014-01-01,Sivasspor,Kayserispor,3,0,Super Lig,,Turkey,False
2014-01-01,Sivasspor,Konyaspor,2,0,Super Lig,,Turkey,False
2014-01-01,Sivasspor,Trabzonspor,0,4,Super Lig,,Turkey,False
2014-01-01,Trabzonspor,Akhisar Belediyespor,2,4,Super Lig,,Turkey,False
2014-01-01,Trabzonspor,Antalyaspor,2,1,Super Lig,,Turkey,False
2014-01-01,Trabzonspor,Beşiktaş,1,1,Super Lig,,Turkey,False
2014-01-01,Trabzonspor,Bursaspor,2,2,Super Lig,,Turkey,False
2014-01-01,Trabzonspor,Rizespor,2,1,Super Lig,,Turkey,False
2014-01-01,Trabzonspor,Elazığspor,4,0,Super Lig,,Turkey,False
2014-01-01,Trabzonspor,Eskişehirspor,1,0,Super Lig,,Turkey,False
2014-01-01,Trabzonspor,Fenerbahçe,0,3,Super Lig,,Turkey,False
2014-01-01,Trabzonspor,Galatasaray,1,4,Super Lig,,Turkey,False
2014-01-01,Trabzonspor,Gaziantepspor,2,1,Super Lig,,Turkey,False
2014-01-01,Trabzonspor,Gençlerbirliği,3,0,Super Lig,,Turkey,False
2014-01-01,Trabzonspor,Kardemir Karabükspor,1,0,Super Lig,,Turkey,False
2014-01-01,Trabzonspor,Kasımpaşa,0,0,Super Lig,,Turkey,False
2014-01-01,Trabzonspor,Kayseri Erciyesspor,3,1,Super Lig,,Turkey,False
2014-01-01,Trabzonspor,Kayserispor,2,1,Super Lig,,Turkey,False
2014-01-01,Trabzonspor,Konyaspor,2,0,Super Lig,,Turkey,False
2014-01-01,Trabzonspor,Sivasspor,0,0,Super Lig,,Turkey,False
2015-01-01,Akhisar Belediyespor,Balıkesirspor,2,2,Super Lig,,Turkey,False
2015-01-01,Akhisar Belediyespor,Beşiktaş,1,1,Super Lig,,Turkey,False
2015-01-01,Akhisar Belediyespor,Bursaspor,0,1,Super Lig,,Turkey,False
2015-01-01,Akhisar Belediyespor,Rizespor,0,4,Super Lig,,Turkey,False
2015-01-01,Akhisar Belediyespor,Eskişehirspor,2,2,Super Lig,,Turkey,False
2015-01-01,Akhisar Belediyespor,Fenerbahçe,2,0,Super Lig,,Turkey,False
2015-01-01,Akhisar Belediyespor,Galatasaray,0,2,Super Lig,,Turkey,False
2015-01-01,Akhisar Belediyespor,Gaziantepspor,3,0,Super Lig,,Turkey,False
2015-01-01,Akhisar Belediyespor,Gençlerbirliği,1,1,Super Lig,,Turkey,False
2015-01-01,Akhisar Belediyespor,Başakşehir,0,2,Super Lig,,Turkey,False
2015-01-01,Akhisar Belediyespor,Karabükspor,5,1,Super Lig,,Turkey,False
2015-01-01,Akhisar Belediyespor,Kasımpaşa,2,0,Super Lig,,Turkey,False
2015-01-01,Akhisar Belediyespor,Kayseri Erciyesspor,1,0,Super Lig,,Turkey,False
2015-01-01,Akhisar Belediyespor,Konyaspor,0,0,Super Lig,,Turkey,False
2015-01-01,Akhisar Belediyespor,Mersin İdman Yurdu,1,1,Super Lig,,Turkey,False
2015-01-01,Akhisar Belediyespor,Sivasspor,2,2,Super Lig,,Turkey,False
2015-01-01,Akhisar Belediyespor,Trabzonspor,1,1,Super Lig,,Turkey,False
2015-01-01,Balıkesirspor,Akhisar Belediyespor,1,2,Super Lig,,Turkey,False
2015-01-01,Balıkesirspor,Beşiktaş,0,1,Super Lig,,Turkey,False
2015-01-01,Balıkesirspor,Bursaspor,0,5,Super Lig,,Turkey,False
2015-01-01,Balıkesirspor,Rizespor,2,2,Super Lig,,Turkey,False
2015-01-01,Balıkesirspor,Eskişehirspor,4,1,Super Lig,,Turkey,False
2015-01-01,Balıkesirspor,Fenerbahçe,0,1,Super Lig,,Turkey,False
2015-01-01,Balıkesirspor,Galatasaray,2,0,Super Lig,,Turkey,False
2015-01-01,Balıkesirspor,Gaziantepspor,1,1,Super Lig,,Turkey,False
2015-01-01,Balıkesirspor,Gençlerbirliği,0,1,Super Lig,,Turkey,False
2015-01-01,Balıkesirspor,Başakşehir,1,2,Super Lig,,Turkey,False
2015-01-01,Balıkesirspor,Karabükspor,4,2,Super Lig,,Turkey,False
2015-01-01,Balıkesirspor,Kasımpaşa,5,3,Super Lig,,Turkey,False
2015-01-01,Balıkesirspor,Kayseri Erciyesspor,1,1,Super Lig,,Turkey,False
2015-01-01,Balıkesirspor,Konyaspor,0,1,Super Lig,,Turkey,False
2015-01-01,Balıkesirspor,Mersin İdman Yurdu,1,3,Super Lig,,Turkey,False
2015-01-01,Balıkesirspor,Sivasspor,1,3,Super Lig,,Turkey,False
2015-01-01,Balıkesirspor,Trabzonspor,2,2,Super Lig,,Turkey,False
2015-01-01,Beşiktaş,Akhisar Belediyespor,3,1,Super Lig,,Turkey,False
2015-01-01,Beşiktaş,Balıkesirspor,2,2,Super Lig,,Turkey,False
2015-01-01,Beşiktaş,Bursaspor,3,2,Super Lig,,Turkey,False
2015-01-01,Beşiktaş,Rizespor,1,1,Super Lig,,Turkey,False
2015-01-01,Beşiktaş,Eskişehirspor,1,1,Super Lig,,Turkey,False
2015-01-01,Beşiktaş,Gaziantepspor,1,1,Super Lig,,Turkey,False
2015-01-01,Beşiktaş,Gençlerbirliği,2,1,Super Lig,,Turkey,False
2015-01-01,Beşiktaş,Başakşehir,0,0,Super Lig,,Turkey,False
2015-01-01,Beşiktaş,Karabükspor,2,1,Super Lig,,Turkey,False
2015-01-01,Beşiktaş,Kasımpaşa,2,0,Super Lig,,Turkey,False
2015-01-01,Beşiktaş,Kayseri Erciyesspor,5,1,Super Lig,,Turkey,False
2015-01-01,Beşiktaş,Konyaspor,0,1,Super Lig,,Turkey,False
2015-01-01,Beşiktaş,Mersin İdman Yurdu,2,1,Super Lig,,Turkey,False
2015-01-01,Beşiktaş,Sivasspor,3,2,Super Lig,,Turkey,False
2015-01-01,Beşiktaş,Trabzonspor,3,0,Super Lig,,Turkey,False
2015-01-01,Bursaspor,Akhisar Belediyespor,3,1,Super Lig,,Turkey,False
2015-01-01,Bursaspor,Balıkesirspor,4,2,Super Lig,,Turkey,False
2015-01-01,Bursaspor,Beşiktaş,0,1,Super Lig,,Turkey,False
2015-01-01,Bursaspor,Rizespor,1,1,Super Lig,,Turkey,False
2015-01-01,Bursaspor,Eskişehirspor,2,2,Super Lig,,Turkey,False
2015-01-01,Bursaspor,Fenerbahçe,1,1,Super Lig,,Turkey,False
2015-01-01,Bursaspor,Galatasaray,0,2,Super Lig,,Turkey,False
2015-01-01,Bursaspor,Gaziantepspor,2,0,Super Lig,,Turkey,False
2015-01-01,Bursaspor,Gençlerbirliği,3,1,Super Lig,,Turkey,False
2015-01-01,Bursaspor,Başakşehir,4,1,Super Lig,,Turkey,False
2015-01-01,Bursaspor,Karabükspor,7,1,Super Lig,,Turkey,False
2015-01-01,Bursaspor,Kasımpaşa,5,1,Super Lig,,Turkey,False
2015-01-01,Bursaspor,Kayseri Erciyesspor,3,0,Super Lig,,Turkey,False
2015-01-01,Bursaspor,Konyaspor,0,0,Super Lig,,Turkey,False
2015-01-01,Bursaspor,Mersin İdman Yurdu,2,1,Super Lig,,Turkey,False
2015-01-01,Bursaspor,Sivasspor,3,0,Super Lig,,Turkey,False
2015-01-01,Bursaspor,Trabzonspor,3,3,Super Lig,,Turkey,False
2015-01-01,Rizespor,Akhisar Belediyespor,3,1,Super Lig,,Turkey,False
2015-01-01,Rizespor,Balıkesirspor,2,2,Super Lig,,Turkey,False
2015-01-01,Rizespor,Beşiktaş,1,2,Super Lig,,Turkey,False
2015-01-01,Rizespor,Bursaspor,0,1,Super Lig,,Turkey,False
2015-01-01,Rizespor,Eskişehirspor,3,0,Super Lig,,Turkey,False
2015-01-01,Rizespor,Fenerbahçe,1,5,Super Lig,,Turkey,False
2015-01-01,Rizespor,Galatasaray,1,1,Super Lig,,Turkey,False
2015-01-01,Rizespor,Gaziantepspor,0,1,Super Lig,,Turkey,False
2015-01-01,Rizespor,Gençlerbirliği,1,1,Super Lig,,Turkey,False
2015-01-01,Rizespor,Başakşehir,0,2,Super Lig,,Turkey,False
2015-01-01,Rizespor,Karabükspor,0,3,Super Lig,,Turkey,False
2015-01-01,Rizespor,Kasımpaşa,1,3,Super Lig,,Turkey,False
2015-01-01,Rizespor,Kayseri Erciyesspor,1,1,Super Lig,,Turkey,False
2015-01-01,Rizespor,Konyaspor,1,1,Super Lig,,Turkey,False
2015-01-01,Rizespor,Mersin İdman Yurdu,0,4,Super Lig,,Turkey,False
2015-01-01,Rizespor,Sivasspor,2,1,Super Lig,,Turkey,False
2015-01-01,Rizespor,Trabzonspor,0,2,Super Lig,,Turkey,False
2015-01-01,Eskişehirspor,Akhisar Belediyespor,1,3,Super Lig,,Turkey,False
2015-01-01,Eskişehirspor,Balıkesirspor,2,2,Super Lig,,Turkey,False
2015-01-01,Eskişehirspor,Beşiktaş,1,0,Super Lig,,Turkey,False
2015-01-01,Eskişehirspor,Bursaspor,0,0,Super Lig,,Turkey,False
2015-01-01,Eskişehirspor,Rizespor,1,2,Super Lig,,Turkey,False
2015-01-01,Eskişehirspor,Fenerbahçe,1,1,Super Lig,,Turkey,False
2015-01-01,Eskişehirspor,Galatasaray,1,2,Super Lig,,Turkey,False
2015-01-01,Eskişehirspor,Gaziantepspor,1,3,Super Lig,,Turkey,False
2015-01-01,Eskişehirspor,Gençlerbirliği,0,2,Super Lig,,Turkey,False
2015-01-01,Eskişehirspor,Başakşehir,0,1,Super Lig,,Turkey,False
2015-01-01,Eskişehirspor,Karabükspor,1,1,Super Lig,,Turkey,False
2015-01-01,Eskişehirspor,Kasımpaşa,4,1,Super Lig,,Turkey,False
2015-01-01,Eskişehirspor,Kayseri Erciyesspor,2,1,Super Lig,,Turkey,False
2015-01-01,Eskişehirspor,Konyaspor,2,1,Super Lig,,Turkey,False
2015-01-01,Eskişehirspor,Mersin İdman Yurdu,2,0,Super Lig,,Turkey,False
2015-01-01,Eskişehirspor,Sivasspor,1,3,Super Lig,,Turkey,False
2015-01-01,Eskişehirspor,Trabzonspor,2,0,Super Lig,,Turkey,False
2015-01-01,Fenerbahçe,Akhisar Belediyespor,1,2,Super Lig,,Turkey,False
2015-01-01,Fenerbahçe,Balıkesirspor,4,3,Super Lig,,Turkey,False
2015-01-01,Fenerbahçe,Bursaspor,1,0,Super Lig,,Turkey,False
2015-01-01,Fenerbahçe,Rizespor,2,1,Super Lig,,Turkey,False
2015-01-01,Fenerbahçe,Eskişehirspor,2,2,Super Lig,,Turkey,False
2015-01-01,Fenerbahçe,Gaziantepspor,1,0,Super Lig,,Turkey,False
2015-01-01,Fenerbahçe,Gençlerbirliği,2,1,Super Lig,,Turkey,False
2015-01-01,Fenerbahçe,Başakşehir,2,0,Super Lig,,Turkey,False
2015-01-01,Fenerbahçe,Karabükspor,3,2,Super Lig,,Turkey,False
2015-01-01,Fenerbahçe,Kasımpaşa,2,0,Super Lig,,Turkey,False
2015-01-01,Fenerbahçe,Kayseri Erciyesspor,1,1,Super Lig,,Turkey,False
2015-01-01,Fenerbahçe,Konyaspor,2,1,Super Lig,,Turkey,False
2015-01-01,Fenerbahçe,Mersin İdman Yurdu,1,0,Super Lig,,Turkey,False
2015-01-01,Fenerbahçe,Sivasspor,4,1,Super Lig,,Turkey,False
2015-01-01,Fenerbahçe,Trabzonspor,0,0,Super Lig,,Turkey,False
2015-01-01,Galatasaray,Akhisar Belediyespor,2,1,Super Lig,,Turkey,False
2015-01-01,Galatasaray,Balıkesirspor,3,1,Super Lig,,Turkey,False
2015-01-01,Galatasaray,Bursaspor,2,2,Super Lig,,Turkey,False
2015-01-01,Galatasaray,Rizespor,2,0,Super Lig,,Turkey,False
2015-01-01,Galatasaray,Eskişehirspor,0,0,Super Lig,,Turkey,False
2015-01-01,Galatasaray,Gaziantepspor,1,0,Super Lig,,Turkey,False
2015-01-01,Galatasaray,Gençlerbirliği,1,0,Super Lig,,Turkey,False
2015-01-01,Galatasaray,Başakşehir,2,2,Super Lig,,Turkey,False
2015-01-01,Galatasaray,Karabükspor,4,2,Super Lig,,Turkey,False
2015-01-01,Galatasaray,Kasımpaşa,2,1,Super Lig,,Turkey,False
2015-01-01,Galatasaray,Kayseri Erciyesspor,3,1,Super Lig,,Turkey,False
2015-01-01,Galatasaray,Konyaspor,1,0,Super Lig,,Turkey,False
2015-01-01,Galatasaray,Mersin İdman Yurdu,3,2,Super Lig,,Turkey,False
2015-01-01,Galatasaray,Sivasspor,2,1,Super Lig,,Turkey,False
2015-01-01,Galatasaray,Trabzonspor,0,3,Super Lig,,Turkey,False
2015-01-01,Gaziantepspor,Akhisar Belediyespor,1,0,Super Lig,,Turkey,False
2015-01-01,Gaziantepspor,Balıkesirspor,1,0,Super Lig,,Turkey,False
2015-01-01,Gaziantepspor,Beşiktaş,0,1,Super Lig,,Turkey,False
2015-01-01,Gaziantepspor,Bursaspor,1,2,Super Lig,,Turkey,False
2015-01-01,Gaziantepspor,Rizespor,1,2,Super Lig,,Turkey,False
2015-01-01,Gaziantepspor,Eskişehirspor,3,2,Super Lig,,Turkey,False
2015-01-01,Gaziantepspor,Fenerbahçe,0,5,Super Lig,,Turkey,False
2015-01-01,Gaziantepspor,Galatasaray,0,1,Super Lig,,Turkey,False
2015-01-01,Gaziantepspor,Gençlerbirliği,0,3,Super Lig,,Turkey,False
2015-01-01,Gaziantepspor,Başakşehir,0,0,Super Lig,,Turkey,False
2015-01-01,Gaziantepspor,Karabükspor,1,0,Super Lig,,Turkey,False
2015-01-01,Gaziantepspor,Kasımpaşa,0,2,Super Lig,,Turkey,False
2015-01-01,Gaziantepspor,Kayseri Erciyesspor,2,2,Super Lig,,Turkey,False
2015-01-01,Gaziantepspor,Konyaspor,1,1,Super Lig,,Turkey,False
2015-01-01,Gaziantepspor,Mersin İdman Yurdu,1,0,Super Lig,,Turkey,False
2015-01-01,Gaziantepspor,Sivasspor,1,3,Super Lig,,Turkey,False
2015-01-01,Gaziantepspor,Trabzonspor,2,0,Super Lig,,Turkey,False
2015-01-01,Gençlerbirliği,Akhisar Belediyespor,0,0,Super Lig,,Turkey,False
2015-01-01,Gençlerbirliği,Balıkesirspor,3,1,Super Lig,,Turkey,False
2015-01-01,Gençlerbirliği,Beşiktaş,0,2,Super Lig,,Turkey,False
2015-01-01,Gençlerbirliği,Bursaspor,1,2,Super Lig,,Turkey,False
2015-01-01,Gençlerbirliği,Rizespor,0,2,Super Lig,,Turkey,False
2015-01-01,Gençlerbirliği,Eskişehirspor,1,2,Super Lig,,Turkey,False
2015-01-01,Gençlerbirliği,Fenerbahçe,2,1,Super Lig,,Turkey,False
2015-01-01,Gençlerbirliği,Galatasaray,1,1,Super Lig,,Turkey,False
2015-01-01,Gençlerbirliği,Gaziantepspor,2,0,Super Lig,,Turkey,False
2015-01-01,Gençlerbirliği,Başakşehir,1,0,Super Lig,,Turkey,False
2015-01-01,Gençlerbirliği,Karabükspor,2,2,Super Lig,,Turkey,False
2015-01-01,Gençlerbirliği,Kasımpaşa,5,2,Super Lig,,Turkey,False
2015-01-01,Gençlerbirliği,Kayseri Erciyesspor,0,0,Super Lig,,Turkey,False
2015-01-01,Gençlerbirliği,Konyaspor,5,0,Super Lig,,Turkey,False
2015-01-01,Gençlerbirliği,Mersin İdman Yurdu,1,2,Super Lig,,Turkey,False
2015-01-01,Gençlerbirliği,Sivasspor,0,0,Super Lig,,Turkey,False
2015-01-01,Gençlerbirliği,Trabzonspor,1,1,Super Lig,,Turkey,False
2015-01-01,Başakşehir,Akhisar Belediyespor,4,0,Super Lig,,Turkey,False
2015-01-01,Başakşehir,Balıkesirspor,1,0,Super Lig,,Turkey,False
2015-01-01,Başakşehir,Beşiktaş,1,2,Super Lig,,Turkey,False
2015-01-01,Başakşehir,Bursaspor,0,0,Super Lig,,Turkey,False
2015-01-01,Başakşehir,Rizespor,3,1,Super Lig,,Turkey,False
2015-01-01,Başakşehir,Eskişehirspor,1,1,Super Lig,,Turkey,False
2015-01-01,Başakşehir,Fenerbahçe,2,2,Super Lig,,Turkey,False
2015-01-01,Başakşehir,Galatasaray,4,0,Super Lig,,Turkey,False
2015-01-01,Başakşehir,Gaziantepspor,1,0,Super Lig,,Turkey,False
2015-01-01,Başakşehir,Gençlerbirliği,3,1,Super Lig,,Turkey,False
2015-01-01,Başakşehir,Karabükspor,2,2,Super Lig,,Turkey,False
2015-01-01,Başakşehir,Kasımpaşa,1,1,Super Lig,,Turkey,False
2015-01-01,Başakşehir,Kayseri Erciyesspor,3,1,Super Lig,,Turkey,False
2015-01-01,Başakşehir,Konyaspor,0,0,Super Lig,,Turkey,False
2015-01-01,Başakşehir,Mersin İdman Yurdu,2,2,Super Lig,,Turkey,False
2015-01-01,Başakşehir,Sivasspor,2,1,Super Lig,,Turkey,False
2015-01-01,Başakşehir,Trabzonspor,1,1,Super Lig,,Turkey,False
2015-01-01,Karabükspor,Akhisar Belediyespor,2,1,Super Lig,,Turkey,False
2015-01-01,Karabükspor,Balıkesirspor,0,1,Super Lig,,Turkey,False
2015-01-01,Karabükspor,Beşiktaş,1,2,Super Lig,,Turkey,False
2015-01-01,Karabükspor,Bursaspor,3,2,Super Lig,,Turkey,False
2015-01-01,Karabükspor,Rizespor,2,0,Super Lig,,Turkey,False
2015-01-01,Karabükspor,Eskişehirspor,2,2,Super Lig,,Turkey,False
2015-01-01,Karabükspor,Fenerbahçe,1,2,Super Lig,,Turkey,False
2015-01-01,Karabükspor,Galatasaray,1,2,Super Lig,,Turkey,False
2015-01-01,Karabükspor,Gaziantepspor,0,0,Super Lig,,Turkey,False
2015-01-01,Karabükspor,Gençlerbirliği,2,1,Super Lig,,Turkey,False
2015-01-01,Karabükspor,Başakşehir,0,0,Super Lig,,Turkey,False
2015-01-01,Karabükspor,Kasımpaşa,0,0,Super Lig,,Turkey,False
2015-01-01,Karabükspor,Kayseri Erciyesspor,1,2,Super Lig,,Turkey,False
2015-01-01,Karabükspor,Konyaspor,0,1,Super Lig,,Turkey,False
2015-01-01,Karabükspor,Mersin İdman Yurdu,0,2,Super Lig,,Turkey,False
2015-01-01,Karabükspor,Sivasspor,2,1,Super Lig,,Turkey,False
2015-01-01,Karabükspor,Trabzonspor,3,0,Super Lig,,Turkey,False
2015-01-01,Kasımpaşa,Akhisar Belediyespor,2,2,Super Lig,,Turkey,False
2015-01-01,Kasımpaşa,Balıkesirspor,2,3,Super Lig,,Turkey,False
2015-01-01,Kasımpaşa,Beşiktaş,1,5,Super Lig,,Turkey,False
2015-01-01,Kasımpaşa,Bursaspor,5,3,Super Lig,,Turkey,False
2015-01-01,Kasımpaşa,Rizespor,3,1,Super Lig,,Turkey,False
2015-01-01,Kasımpaşa,Eskişehirspor,1,0,Super Lig,,Turkey,False
2015-01-01,Kasımpaşa,Fenerbahçe,0,3,Super Lig,,Turkey,False
2015-01-01,Kasımpaşa,Galatasaray,2,3,Super Lig,,Turkey,False
2015-01-01,Kasımpaşa,Gaziantepspor,4,2,Super Lig,,Turkey,False
2015-01-01,Kasımpaşa,Gençlerbirliği,2,2,Super Lig,,Turkey,False
2015-01-01,Kasımpaşa,Başakşehir,0,1,Super Lig,,Turkey,False
2015-01-01,Kasımpaşa,Karabükspor,2,1,Super Lig,,Turkey,False
2015-01-01,Kasımpaşa,Kayseri Erciyesspor,3,3,Super Lig,,Turkey,False
2015-01-01,Kasımpaşa,Konyaspor,2,0,Super Lig,,Turkey,False
2015-01-01,Kasımpaşa,Mersin İdman Yurdu,2,2,Super Lig,,Turkey,False
2015-01-01,Kasımpaşa,Sivasspor,0,0,Super Lig,,Turkey,False
2015-01-01,Kasımpaşa,Trabzonspor,1,1,Super Lig,,Turkey,False
2015-01-01,Kayseri Erciyesspor,Akhisar Belediyespor,1,2,Super Lig,,Turkey,False
2015-01-01,Kayseri Erciyesspor,Balıkesirspor,4,0,Super Lig,,Turkey,False
2015-01-01,Kayseri Erciyesspor,Beşiktaş,3,2,Super Lig,,Turkey,False
2015-01-01,Kayseri Erciyesspor,Bursaspor,1,1,Super Lig,,Turkey,False
2015-01-01,Kayseri Erciyesspor,Rizespor,0,3,Super Lig,,Turkey,False
2015-01-01,Kayseri Erciyesspor,Eskişehirspor,0,1,Super Lig,,Turkey,False
2015-01-01,Kayseri Erciyesspor,Fenerbahçe,0,1,Super Lig,,Turkey,False
2015-01-01,Kayseri Erciyesspor,Galatasaray,1,2,Super Lig,,Turkey,False
2015-01-01,Kayseri Erciyesspor,Gaziantepspor,0,1,Super Lig,,Turkey,False
2015-01-01,Kayseri Erciyesspor,Gençlerbirliği,2,4,Super Lig,,Turkey,False
2015-01-01,Kayseri Erciyesspor,Başakşehir,0,1,Super Lig,,Turkey,False
2015-01-01,Kayseri Erciyesspor,Karabükspor,4,3,Super Lig,,Turkey,False
2015-01-01,Kayseri Erciyesspor,Kasımpaşa,2,5,Super Lig,,Turkey,False
2015-01-01,Kayseri Erciyesspor,Konyaspor,3,0,Super Lig,,Turkey,False
2015-01-01,Kayseri Erciyesspor,Mersin İdman Yurdu,2,2,Super Lig,,Turkey,False
2015-01-01,Kayseri Erciyesspor,Sivasspor,2,3,Super Lig,,Turkey,False
2015-01-01,Kayseri Erciyesspor,Trabzonspor,0,0,Super Lig,,Turkey,False
2015-01-01,Konyaspor,Akhisar Belediyespor,2,1,Super Lig,,Turkey,False
2015-01-01,Konyaspor,Balıkesirspor,2,0,Super Lig,,Turkey,False
2015-01-01,Konyaspor,Beşiktaş,1,2,Super Lig,,Turkey,False
2015-01-01,Konyaspor,Bursaspor,2,3,Super Lig,,Turkey,False
2015-01-01,Konyaspor,Rizespor,1,1,Super Lig,,Turkey,False
2015-01-01,Konyaspor,Eskişehirspor,1,0,Super Lig,,Turkey,False
2015-01-01,Konyaspor,Fenerbahçe,1,1,Super Lig,,Turkey,False
2015-01-01,Konyaspor,Galatasaray,0,5,Super Lig,,Turkey,False
2015-01-01,Konyaspor,Gaziantepspor,2,0,Super Lig,,Turkey,False
2015-01-01,Konyaspor,Gençlerbirliği,1,0,Super Lig,,Turkey,False
2015-01-01,Konyaspor,Başakşehir,0,0,Super Lig,,Turkey,False
2015-01-01,Konyaspor,Karabükspor,1,0,Super Lig,,Turkey,False
2015-01-01,Konyaspor,Kasımpaşa,2,1,Super Lig,,Turkey,False
2015-01-01,Konyaspor,Kayseri Erciyesspor,1,1,Super Lig,,Turkey,False
2015-01-01,Konyaspor,Mersin İdman Yurdu,2,0,Super Lig,,Turkey,False
2015-01-01,Konyaspor,Sivasspor,0,1,Super Lig,,Turkey,False
2015-01-01,Konyaspor,Trabzonspor,1,0,Super Lig,,Turkey,False
2015-01-01,Mersin İdman Yurdu,Akhisar Belediyespor,1,1,Super Lig,,Turkey,False
2015-01-01,Mersin İdman Yurdu,Balıkesirspor,2,1,Super Lig,,Turkey,False
2015-01-01,Mersin İdman Yurdu,Beşiktaş,0,1,Super Lig,,Turkey,False
2015-01-01,Mersin İdman Yurdu,Bursaspor,2,1,Super Lig,,Turkey,False
2015-01-01,Mersin İdman Yurdu,Rizespor,2,0,Super Lig,,Turkey,False
2015-01-01,Mersin İdman Yurdu,Eskişehirspor,4,2,Super Lig,,Turkey,False
2015-01-01,Mersin İdman Yurdu,Fenerbahçe,0,1,Super Lig,,Turkey,False
2015-01-01,Mersin İdman Yurdu,Galatasaray,0,1,Super Lig,,Turkey,False
2015-01-01,Mersin İdman Yurdu,Gaziantepspor,0,1,Super Lig,,Turkey,False
2015-01-01,Mersin İdman Yurdu,Gençlerbirliği,1,1,Super Lig,,Turkey,False
2015-01-01,Mersin İdman Yurdu,Başakşehir,2,2,Super Lig,,Turkey,False
2015-01-01,Mersin İdman Yurdu,Karabükspor,2,1,Super Lig,,Turkey,False
2015-01-01,Mersin İdman Yurdu,Kasımpaşa,6,2,Super Lig,,Turkey,False
2015-01-01,Mersin İdman Yurdu,Kayseri Erciyesspor,1,1,Super Lig,,Turkey,False
2015-01-01,Mersin İdman Yurdu,Konyaspor,3,1,Super Lig,,Turkey,False
2015-01-01,Mersin İdman Yurdu,Sivasspor,2,0,Super Lig,,Turkey,False
2015-01-01,Mersin İdman Yurdu,Trabzonspor,1,5,Super Lig,,Turkey,False
2015-01-01,Sivasspor,Akhisar Belediyespor,2,0,Super Lig,,Turkey,False
2015-01-01,Sivasspor,Balıkesirspor,1,1,Super Lig,,Turkey,False
2015-01-01,Sivasspor,Beşiktaş,0,1,Super Lig,,Turkey,False
2015-01-01,Sivasspor,Bursaspor,4,1,Super Lig,,Turkey,False
2015-01-01,Sivasspor,Rizespor,0,1,Super Lig,,Turkey,False
2015-01-01,Sivasspor,Eskişehirspor,1,1,Super Lig,,Turkey,False
2015-01-01,Sivasspor,Fenerbahçe,2,3,Super Lig,,Turkey,False
2015-01-01,Sivasspor,Galatasaray,2,3,Super Lig,,Turkey,False
2015-01-01,Sivasspor,Gaziantepspor,1,2,Super Lig,,Turkey,False
2015-01-01,Sivasspor,Gençlerbirliği,1,0,Super Lig,,Turkey,False
2015-01-01,Sivasspor,Başakşehir,0,2,Super Lig,,Turkey,False
2015-01-01,Sivasspor,Karabükspor,2,0,Super Lig,,Turkey,False
2015-01-01,Sivasspor,Kasımpaşa,1,1,Super Lig,,Turkey,False
2015-01-01,Sivasspor,Kayseri Erciyesspor,1,1,Super Lig,,Turkey,False
2015-01-01,Sivasspor,Konyaspor,0,0,Super Lig,,Turkey,False
2015-01-01,Sivasspor,Mersin İdman Yurdu,1,2,Super Lig,,Turkey,False
2015-01-01,Sivasspor,Trabzonspor,1,1,Super Lig,,Turkey,False
2015-01-01,Trabzonspor,Akhisar Belediyespor,2,0,Super Lig,,Turkey,False
2015-01-01,Trabzonspor,Balıkesirspor,3,2,Super Lig,,Turkey,False
2015-01-01,Trabzonspor,Beşiktaş,0,2,Super Lig,,Turkey,False
2015-01-01,Trabzonspor,Bursaspor,1,0,Super Lig,,Turkey,False
2015-01-01,Trabzonspor,Rizespor,3,2,Super Lig,,Turkey,False
2015-01-01,Trabzonspor,Eskişehirspor,1,4,Super Lig,,Turkey,False
2015-01-01,Trabzonspor,Fenerbahçe,0,0,Super Lig,,Turkey,False
2015-01-01,Trabzonspor,Galatasaray,2,1,Super Lig,,Turkey,False
2015-01-01,Trabzonspor,Gaziantepspor,4,4,Super Lig,,Turkey,False
2015-01-01,Trabzonspor,Gençlerbirliği,4,1,Super Lig,,Turkey,False
2015-01-01,Trabzonspor,Başakşehir,3,2,Super Lig,,Turkey,False
2015-01-01,Trabzonspor,Karabükspor,3,2,Super Lig,,Turkey,False
2015-01-01,Trabzonspor,Kasımpaşa,1,1,Super Lig,,Turkey,False
2015-01-01,Trabzonspor,Kayseri Erciyesspor,2,1,Super Lig,,Turkey,False
2015-01-01,Trabzonspor,Konyaspor,3,2,Super Lig,,Turkey,False
2015-01-01,Trabzonspor,Mersin İdman Yurdu,3,1,Super Lig,,Turkey,False
2015-01-01,Trabzonspor,Sivasspor,3,1,Super Lig,,Turkey,False
2016-01-01,Akhisar Belediyespor,Antalyaspor,2,1,Super Lig,,Turkey,False
2016-01-01,Akhisar Belediyespor,Beşiktaş,3,3,Super Lig,,Turkey,False
2016-01-01,Akhisar Belediyespor,Bursaspor,3,1,Super Lig,,Turkey,False
2016-01-01,Akhisar Belediyespor,Rizespor,1,1,Super Lig,,Turkey,False
2016-01-01,Akhisar Belediyespor,Eskişehirspor,1,0,Super Lig,,Turkey,False
2016-01-01,Akhisar Belediyespor,Fenerbahçe,0,3,Super Lig,,Turkey,False
2016-01-01,Akhisar Belediyespor,Galatasaray,1,2,Super Lig,,Turkey,False
2016-01-01,Akhisar Belediyespor,Gaziantepspor,0,0,Super Lig,,Turkey,False
2016-01-01,Akhisar Belediyespor,Gençlerbirliği,1,0,Super Lig,,Turkey,False
2016-01-01,Akhisar Belediyespor,Başakşehir,0,0,Super Lig,,Turkey,False
2016-01-01,Akhisar Belediyespor,Kasımpaşa,0,1,Super Lig,,Turkey,False
2016-01-01,Akhisar Belediyespor,Kayserispor,1,1,Super Lig,,Turkey,False
2016-01-01,Akhisar Belediyespor,Konyaspor,0,2,Super Lig,,Turkey,False
2016-01-01,Akhisar Belediyespor,Mersin İdman Yurdu,2,0,Super Lig,,Turkey,False
2016-01-01,Akhisar Belediyespor,Osmanlıspor,0,0,Super Lig,,Turkey,False
2016-01-01,Akhisar Belediyespor,Sivasspor,1,0,Super Lig,,Turkey,False
2016-01-01,Akhisar Belediyespor,Trabzonspor,2,1,Super Lig,,Turkey,False
2016-01-01,Antalyaspor,Akhisar Belediyespor,2,2,Super Lig,,Turkey,False
2016-01-01,Antalyaspor,Beşiktaş,1,5,Super Lig,,Turkey,False
2016-01-01,Antalyaspor,Bursaspor,3,0,Super Lig,,Turkey,False
2016-01-01,Antalyaspor,Rizespor,2,1,Super Lig,,Turkey,False
2016-01-01,Antalyaspor,Eskişehirspor,2,0,Super Lig,,Turkey,False
2016-01-01,Antalyaspor,Fenerbahçe,4,2,Super Lig,,Turkey,False
2016-01-01,Antalyaspor,Galatasaray,4,2,Super Lig,,Turkey,False
2016-01-01,Antalyaspor,Gaziantepspor,0,0,Super Lig,,Turkey,False
2016-01-01,Antalyaspor,Gençlerbirliği,3,1,Super Lig,,Turkey,False
2016-01-01,Antalyaspor,Başakşehir,1,2,Super Lig,,Turkey,False
2016-01-01,Antalyaspor,Kasımpaşa,0,0,Super Lig,,Turkey,False
2016-01-01,Antalyaspor,Kayserispor,1,1,Super Lig,,Turkey,False
2016-01-01,Antalyaspor,Konyaspor,1,0,Super Lig,,Turkey,False
2016-01-01,Antalyaspor,Mersin İdman Yurdu,3,2,Super Lig,,Turkey,False
2016-01-01,Antalyaspor,Osmanlıspor,1,1,Super Lig,,Turkey,False
2016-01-01,Antalyaspor,Sivasspor,1,1,Super Lig,,Turkey,False
2016-01-01,Antalyaspor,Trabzonspor,7,0,Super Lig,,Turkey,False
2016-01-01,Beşiktaş,Akhisar Belediyespor,0,2,Super Lig,,Turkey,False
2016-01-01,Beşiktaş,Antalyaspor,1,0,Super Lig,,Turkey,False
2016-01-01,Beşiktaş,Bursaspor,3,2,Super Lig,,Turkey,False
2016-01-01,Beşiktaş,Rizespor,1,0,Super Lig,,Turkey,False
2016-01-01,Beşiktaş,Eskişehirspor,3,1,Super Lig,,Turkey,False
2016-01-01,Beşiktaş,Gaziantepspor,4,0,Super Lig,,Turkey,False
2016-01-01,Beşiktaş,Gençlerbirliği,1,0,Super Lig,,Turkey,False
2016-01-01,Beşiktaş,Başakşehir,2,0,Super Lig,,Turkey,False
2016-01-01,Beşiktaş,Kasımpaşa,3,3,Super Lig,,Turkey,False
2016-01-01,Beşiktaş,Kayserispor,4,0,Super Lig,,Turkey,False
2016-01-01,Beşiktaş,Konyaspor,4,0,Super Lig,,Turkey,False
2016-01-01,Beşiktaş,Mersin İdman Yurdu,1,0,Super Lig,,Turkey,False
2016-01-01,Beşiktaş,Osmanlıspor,3,1,Super Lig,,Turkey,False
2016-01-01,Beşiktaş,Sivasspor,2,0,Super Lig,,Turkey,False
2016-01-01,Beşiktaş,Trabzonspor,1,2,Super Lig,,Turkey,False
2016-01-01,Bursaspor,Akhisar Belediyespor,0,2,Super Lig,,Turkey,False
2016-01-01,Bursaspor,Antalyaspor,0,2,Super Lig,,Turkey,False
2016-01-01,Bursaspor,Beşiktaş,0,1,Super Lig,,Turkey,False
2016-01-01,Bursaspor,Rizespor,1,0,Super Lig,,Turkey,False
2016-01-01,Bursaspor,Eskişehirspor,2,0,Super Lig,,Turkey,False
2016-01-01,Bursaspor,Fenerbahçe,0,0,Super Lig,,Turkey,False
2016-01-01,Bursaspor,Galatasaray,1,1,Super Lig,,Turkey,False
2016-01-01,Bursaspor,Gaziantepspor,0,1,Super Lig,,Turkey,False
2016-01-01,Bursaspor,Gençlerbirliği,3,2,Super Lig,,Turkey,False
2016-01-01,Bursaspor,Başakşehir,3,3,Super Lig,,Turkey,False
2016-01-01,Bursaspor,Kasımpaşa,4,1,Super Lig,,Turkey,False
2016-01-01,Bursaspor,Kayserispor,1,2,Super Lig,,Turkey,False
2016-01-01,Bursaspor,Konyaspor,1,1,Super Lig,,Turkey,False
2016-01-01,Bursaspor,Mersin İdman Yurdu,2,1,Super Lig,,Turkey,False
2016-01-01,Bursaspor,Osmanlıspor,0,4,Super Lig,,Turkey,False
2016-01-01,Bursaspor,Sivasspor,1,0,Super Lig,,Turkey,False
2016-01-01,Bursaspor,Trabzonspor,4,2,Super Lig,,Turkey,False
2016-01-01,Rizespor,Akhisar Belediyespor,0,2,Super Lig,,Turkey,False
2016-01-01,Rizespor,Antalyaspor,5,1,Super Lig,,Turkey,False
2016-01-01,Rizespor,Beşiktaş,1,2,Super Lig,,Turkey,False
2016-01-01,Rizespor,Bursaspor,2,3,Super Lig,,Turkey,False
2016-01-01,Rizespor,Eskişehirspor,1,1,Super Lig,,Turkey,False
2016-01-01,Rizespor,Fenerbahçe,1,1,Super Lig,,Turkey,False
2016-01-01,Rizespor,Galatasaray,4,3,Super Lig,,Turkey,False
2016-01-01,Rizespor,Gaziantepspor,1,0,Super Lig,,Turkey,False
2016-01-01,Rizespor,Gençlerbirliği,2,3,Super Lig,,Turkey,False
2016-01-01,Rizespor,Başakşehir,2,1,Super Lig,,Turkey,False
2016-01-01,Rizespor,Kasımpaşa,2,0,Super Lig,,Turkey,False
2016-01-01,Rizespor,Kayserispor,0,0,Super Lig,,Turkey,False
2016-01-01,Rizespor,Konyaspor,0,0,Super Lig,,Turkey,False
2016-01-01,Rizespor,Mersin İdman Yurdu,2,0,Super Lig,,Turkey,False
2016-01-01,Rizespor,Osmanlıspor,0,1,Super Lig,,Turkey,False
2016-01-01,Rizespor,Sivasspor,1,1,Super Lig,,Turkey,False
2016-01-01,Rizespor,Trabzonspor,3,0,Super Lig,,Turkey,False
2016-01-01,Eskişehirspor,Akhisar Belediyespor,3,3,Super Lig,,Turkey,False
2016-01-01,Eskişehirspor,Antalyaspor,3,2,Super Lig,,Turkey,False
2016-01-01,Eskişehirspor,Beşiktaş,1,2,Super Lig,,Turkey,False
2016-01-01,Eskişehirspor,Bursaspor,0,1,Super Lig,,Turkey,False
2016-01-01,Eskişehirspor,Rizespor,1,1,Super Lig,,Turkey,False
2016-01-01,Eskişehirspor,Fenerbahçe,0,3,Super Lig,,Turkey,False
2016-01-01,Eskişehirspor,Galatasaray,4,3,Super Lig,,Turkey,False
2016-01-01,Eskişehirspor,Gaziantepspor,1,2,Super Lig,,Turkey,False
2016-01-01,Eskişehirspor,Gençlerbirliği,2,0,Super Lig,,Turkey,False
2016-01-01,Eskişehirspor,Başakşehir,1,2,Super Lig,,Turkey,False
2016-01-01,Eskişehirspor,Kasımpaşa,0,3,Super Lig,,Turkey,False
2016-01-01,Eskişehirspor,Kayserispor,1,3,Super Lig,,Turkey,False
2016-01-01,Eskişehirspor,Konyaspor,1,2,Super Lig,,Turkey,False
2016-01-01,Eskişehirspor,Mersin İdman Yurdu,3,2,Super Lig,,Turkey,False
2016-01-01,Eskişehirspor,Osmanlıspor,0,2,Super Lig,,Turkey,False
2016-01-01,Eskişehirspor,Sivasspor,4,2,Super Lig,,Turkey,False
2016-01-01,Eskişehirspor,Trabzonspor,1,0,Super Lig,,Turkey,False
2016-01-01,Fenerbahçe,Akhisar Belediyespor,2,2,Super Lig,,Turkey,False
2016-01-01,Fenerbahçe,Antalyaspor,2,1,Super Lig,,Turkey,False
2016-01-01,Fenerbahçe,Bursaspor,2,1,Super Lig,,Turkey,False
2016-01-01,Fenerbahçe,Rizespor,2,1,Super Lig,,Turkey,False
2016-01-01,Fenerbahçe,Eskişehirspor,2,0,Super Lig,,Turkey,False
2016-01-01,Fenerbahçe,Gaziantepspor,3,0,Super Lig,,Turkey,False
2016-01-01,Fenerbahçe,Gençlerbirliği,2,1,Super Lig,,Turkey,False
2016-01-01,Fenerbahçe,Başakşehir,1,0,Super Lig,,Turkey,False
2016-01-01,Fenerbahçe,Kasımpaşa,3,1,Super Lig,,Turkey,False
2016-01-01,Fenerbahçe,Kayserispor,1,0,Super Lig,,Turkey,False
2016-01-01,Fenerbahçe,Konyaspor,1,0,Super Lig,,Turkey,False
2016-01-01,Fenerbahçe,Mersin İdman Yurdu,4,1,Super Lig,,Turkey,False
2016-01-01,Fenerbahçe,Osmanlıspor,0,0,Super Lig,,Turkey,False
2016-01-01,Fenerbahçe,Sivasspor,2,1,Super Lig,,Turkey,False
2016-01-01,Fenerbahçe,Trabzonspor,2,0,Super Lig,,Turkey,False
2016-01-01,Galatasaray,Akhisar Belediyespor,3,2,Super Lig,,Turkey,False
2016-01-01,Galatasaray,Antalyaspor,3,3,Super Lig,,Turkey,False
2016-01-01,Galatasaray,Bursaspor,3,0,Super Lig,,Turkey,False
2016-01-01,Galatasaray,Rizespor,1,1,Super Lig,,Turkey,False
2016-01-01,Galatasaray,Eskişehirspor,4,0,Super Lig,,Turkey,False
2016-01-01,Galatasaray,Gaziantepspor,2,1,Super Lig,,Turkey,False
2016-01-01,Galatasaray,Gençlerbirliği,4,1,Super Lig,,Turkey,False
2016-01-01,Galatasaray,Başakşehir,3,3,Super Lig,,Turkey,False
2016-01-01,Galatasaray,Kasımpaşa,4,1,Super Lig,,Turkey,False
2016-01-01,Galatasaray,Kayserispor,6,0,Super Lig,,Turkey,False
2016-01-01,Galatasaray,Konyaspor,0,0,Super Lig,,Turkey,False
2016-01-01,Galatasaray,Mersin İdman Yurdu,1,1,Super Lig,,Turkey,False
2016-01-01,Galatasaray,Osmanlıspor,1,2,Super Lig,,Turkey,False
2016-01-01,Galatasaray,Sivasspor,3,1,Super Lig,,Turkey,False
2016-01-01,Galatasaray,Trabzonspor,2,1,Super Lig,,Turkey,False
2016-01-01,Gaziantepspor,Akhisar Belediyespor,0,1,Super Lig,,Turkey,False
2016-01-01,Gaziantepspor,Antalyaspor,2,0,Super Lig,,Turkey,False
2016-01-01,Gaziantepspor,Beşiktaş,0,4,Super Lig,,Turkey,False
2016-01-01,Gaziantepspor,Bursaspor,2,3,Super Lig,,Turkey,False
2016-01-01,Gaziantepspor,Rizespor,2,0,Super Lig,,Turkey,False
2016-01-01,Gaziantepspor,Eskişehirspor,1,1,Super Lig,,Turkey,False
2016-01-01,Gaziantepspor,Fenerbahçe,2,2,Super Lig,,Turkey,False
2016-01-01,Gaziantepspor,Galatasaray,2,0,Super Lig,,Turkey,False
2016-01-01,Gaziantepspor,Gençlerbirliği,1,3,Super Lig,,Turkey,False
2016-01-01,Gaziantepspor,Başakşehir,0,1,Super Lig,,Turkey,False
2016-01-01,Gaziantepspor,Kasımpaşa,0,3,Super Lig,,Turkey,False
2016-01-01,Gaziantepspor,Kayserispor,1,0,Super Lig,,Turkey,False
2016-01-01,Gaziantepspor,Konyaspor,0,1,Super Lig,,Turkey,False
2016-01-01,Gaziantepspor,Mersin İdman Yurdu,1,0,Super Lig,,Turkey,False
2016-01-01,Gaziantepspor,Osmanlıspor,2,1,Super Lig,,Turkey,False
2016-01-01,Gaziantepspor,Sivasspor,0,1,Super Lig,,Turkey,False
2016-01-01,Gaziantepspor,Trabzonspor,0,1,Super Lig,,Turkey,False
2016-01-01,Gençlerbirliği,Akhisar Belediyespor,3,1,Super Lig,,Turkey,False
2016-01-01,Gençlerbirliği,Antalyaspor,1,0,Super Lig,,Turkey,False
2016-01-01,Gençlerbirliği,Beşiktaş,1,1,Super Lig,,Turkey,False
2016-01-01,Gençlerbirliği,Bursaspor,2,0,Super Lig,,Turkey,False
2016-01-01,Gençlerbirliği,Rizespor,2,3,Super Lig,,Turkey,False
2016-01-01,Gençlerbirliği,Eskişehirspor,3,1,Super Lig,,Turkey,False
2016-01-01,Gençlerbirliği,Fenerbahçe,0,1,Super Lig,,Turkey,False
2016-01-01,Gençlerbirliği,Galatasaray,1,1,Super Lig,,Turkey,False
2016-01-01,Gençlerbirliği,Gaziantepspor,2,2,Super Lig,,Turkey,False
2016-01-01,Gençlerbirliği,Başakşehir,0,0,Super Lig,,Turkey,False
2016-01-01,Gençlerbirliği,Kasımpaşa,1,0,Super Lig,,Turkey,False
2016-01-01,Gençlerbirliği,Kayserispor,2,0,Super Lig,,Turkey,False
2016-01-01,Gençlerbirliği,Konyaspor,0,1,Super Lig,,Turkey,False
2016-01-01,Gençlerbirliği,Mersin İdman Yurdu,1,1,Super Lig,,Turkey,False
2016-01-01,Gençlerbirliği,Osmanlıspor,1,0,Super Lig,,Turkey,False
2016-01-01,Gençlerbirliği,Sivasspor,0,1,Super Lig,,Turkey,False
2016-01-01,Gençlerbirliği,Trabzonspor,3,1,Super Lig,,Turkey,False
2016-01-01,Başakşehir,Akhisar Belediyespor,2,0,Super Lig,,Turkey,False
2016-01-01,Başakşehir,Antalyaspor,2,3,Super Lig,,Turkey,False
2016-01-01,Başakşehir,Beşiktaş,2,2,Super Lig,,Turkey,False
2016-01-01,Başakşehir,Bursaspor,2,1,Super Lig,,Turkey,False
2016-01-01,Başakşehir,Rizespor,1,0,Super Lig,,Turkey,False
2016-01-01,Başakşehir,Eskişehirspor,2,1,Super Lig,,Turkey,False
2016-01-01,Başakşehir,Fenerbahçe,2,1,Super Lig,,Turkey,False
2016-01-01,Başakşehir,Galatasaray,0,2,Super Lig,,Turkey,False
2016-01-01,Başakşehir,Gaziantepspor,4,1,Super Lig,,Turkey,False
2016-01-01,Başakşehir,Gençlerbirliği,2,0,Super Lig,,Turkey,False
2016-01-01,Başakşehir,Kasımpaşa,1,1,Super Lig,,Turkey,False
2016-01-01,Başakşehir,Kayserispor,1,0,Super Lig,,Turkey,False
2016-01-01,Başakşehir,Konyaspor,4,0,Super Lig,,Turkey,False
2016-01-01,Başakşehir,Mersin İdman Yurdu,3,0,Super Lig,,Turkey,False
2016-01-01,Başakşehir,Osmanlıspor,2,3,Super Lig,,Turkey,False
2016-01-01,Başakşehir,Sivasspor,2,2,Super Lig,,Turkey,False
2016-01-01,Başakşehir,Trabzonspor,1,0,Super Lig,,Turkey,False
2016-01-01,Kasımpaşa,Akhisar Belediyespor,2,1,Super Lig,,Turkey,False
2016-01-01,Kasımpaşa,Antalyaspor,2,1,Super Lig,,Turkey,False
2016-01-01,Kasımpaşa,Beşiktaş,2,1,Super Lig,,Turkey,False
2016-01-01,Kasımpaşa,Bursaspor,0,1,Super Lig,,Turkey,False
2016-01-01,Kasımpaşa,Rizespor,1,1,Super Lig,,Turkey,False
2016-01-01,Kasımpaşa,Eskişehirspor,2,1,Super Lig,,Turkey,False
2016-01-01,Kasımpaşa,Fenerbahçe,0,1,Super Lig,,Turkey,False
2016-01-01,Kasımpaşa,Galatasaray,2,2,Super Lig,,Turkey,False
2016-01-01,Kasımpaşa,Gaziantepspor,1,2,Super Lig,,Turkey,False
2016-01-01,Kasımpaşa,Gençlerbirliği,0,1,Super Lig,,Turkey,False
2016-01-01,Kasımpaşa,Başakşehir,1,0,Super Lig,,Turkey,False
2016-01-01,Kasımpaşa,Kayserispor,1,2,Super Lig,,Turkey,False
2016-01-01,Kasımpaşa,Konyaspor,2,1,Super Lig,,Turkey,False
2016-01-01,Kasımpaşa,Mersin İdman Yurdu,7,0,Super Lig,,Turkey,False
2016-01-01,Kasımpaşa,Osmanlıspor,1,1,Super Lig,,Turkey,False
2016-01-01,Kasımpaşa,Sivasspor,2,1,Super Lig,,Turkey,False
2016-01-01,Kasımpaşa,Trabzonspor,1,1,Super Lig,,Turkey,False
2016-01-01,Kayserispor,Akhisar Belediyespor,3,2,Super Lig,,Turkey,False
2016-01-01,Kayserispor,Antalyaspor,0,0,Super Lig,,Turkey,False
2016-01-01,Kayserispor,Beşiktaş,1,2,Super Lig,,Turkey,False
2016-01-01,Kayserispor,Bursaspor,2,1,Super Lig,,Turkey,False
2016-01-01,Kayserispor,Rizespor,0,0,Super Lig,,Turkey,False
2016-01-01,Kayserispor,Eskişehirspor,0,0,Super Lig,,Turkey,False
2016-01-01,Kayserispor,Fenerbahçe,0,1,Super Lig,,Turkey,False
2016-01-01,Kayserispor,Galatasaray,1,1,Super Lig,,Turkey,False
2016-01-01,Kayserispor,Gaziantepspor,2,2,Super Lig,,Turkey,False
2016-01-01,Kayserispor,Gençlerbirliği,0,2,Super Lig,,Turkey,False
2016-01-01,Kayserispor,Başakşehir,0,1,Super Lig,,Turkey,False
2016-01-01,Kayserispor,Kasımpaşa,0,0,Super Lig,,Turkey,False
2016-01-01,Kayserispor,Konyaspor,1,1,Super Lig,,Turkey,False
2016-01-01,Kayserispor,Mersin İdman Yurdu,0,1,Super Lig,,Turkey,False
2016-01-01,Kayserispor,Osmanlıspor,1,0,Super Lig,,Turkey,False
2016-01-01,Kayserispor,Sivasspor,1,1,Super Lig,,Turkey,False
2016-01-01,Kayserispor,Trabzonspor,0,1,Super Lig,,Turkey,False
2016-01-01,Konyaspor,Akhisar Belediyespor,1,1,Super Lig,,Turkey,False
2016-01-01,Konyaspor,Antalyaspor,3,2,Super Lig,,Turkey,False
2016-01-01,Konyaspor,Beşiktaş,2,1,Super Lig,,Turkey,False
2016-01-01,Konyaspor,Bursaspor,1,0,Super Lig,,Turkey,False
2016-01-01,Konyaspor,Rizespor,3,1,Super Lig,,Turkey,False
2016-01-01,Konyaspor,Eskişehirspor,3,2,Super Lig,,Turkey,False
2016-01-01,Konyaspor,Fenerbahçe,2,1,Super Lig,,Turkey,False
2016-01-01,Konyaspor,Galatasaray,1,4,Super Lig,,Turkey,False
2016-01-01,Konyaspor,Gaziantepspor,2,1,Super Lig,,Turkey,False
2016-01-01,Konyaspor,Gençlerbirliği,0,0,Super Lig,,Turkey,False
2016-01-01,Konyaspor,Başakşehir,1,1,Super Lig,,Turkey,False
2016-01-01,Konyaspor,Kasımpaşa,2,0,Super Lig,,Turkey,False
2016-01-01,Konyaspor,Kayserispor,1,0,Super Lig,,Turkey,False
2016-01-01,Konyaspor,Mersin İdman Yurdu,2,0,Super Lig,,Turkey,False
2016-01-01,Konyaspor,Osmanlıspor,1,1,Super Lig,,Turkey,False
2016-01-01,Konyaspor,Sivasspor,2,1,Super Lig,,Turkey,False
2016-01-01,Konyaspor,Trabzonspor,2,0,Super Lig,,Turkey,False
2016-01-01,Mersin İdman Yurdu,Akhisar Belediyespor,0,0,Super Lig,,Turkey,False
2016-01-01,Mersin İdman Yurdu,Antalyaspor,0,1,Super Lig,,Turkey,False
2016-01-01,Mersin İdman Yurdu,Beşiktaş,2,5,Super Lig,,Turkey,False
2016-01-01,Mersin İdman Yurdu,Bursaspor,2,5,Super Lig,,Turkey,False
2016-01-01,Mersin İdman Yurdu,Rizespor,3,0,Super Lig,,Turkey,False
2016-01-01,Mersin İdman Yurdu,Eskişehirspor,1,2,Super Lig,,Turkey,False
2016-01-01,Mersin İdman Yurdu,Fenerbahçe,1,3,Super Lig,,Turkey,False
2016-01-01,Mersin İdman Yurdu,Galatasaray,2,1,Super Lig,,Turkey,False
2016-01-01,Mersin İdman Yurdu,Gaziantepspor,0,0,Super Lig,,Turkey,False
2016-01-01,Mersin İdman Yurdu,Gençlerbirliği,1,3,Super Lig,,Turkey,False
2016-01-01,Mersin İdman Yurdu,Başakşehir,1,1,Super Lig,,Turkey,False
2016-01-01,Mersin İdman Yurdu,Kasımpaşa,1,2,Super Lig,,Turkey,False
2016-01-01,Mersin İdman Yurdu,Kayserispor,1,2,Super Lig,,Turkey,False
2016-01-01,Mersin İdman Yurdu,Konyaspor,0,2,Super Lig,,Turkey,False
2016-01-01,Mersin İdman Yurdu,Osmanlıspor,0,4,Super Lig,,Turkey,False
2016-01-01,Mersin İdman Yurdu,Sivasspor,1,0,Super Lig,,Turkey,False
2016-01-01,Mersin İdman Yurdu,Trabzonspor,3,2,Super Lig,,Turkey,False
2016-01-01,Osmanlıspor,Akhisar Belediyespor,1,0,Super Lig,,Turkey,False
2016-01-01,Osmanlıspor,Antalyaspor,3,0,Super Lig,,Turkey,False
2016-01-01,Osmanlıspor,Beşiktaş,2,3,Super Lig,,Turkey,False
2016-01-01,Osmanlıspor,Bursaspor,3,3,Super Lig,,Turkey,False
2016-01-01,Osmanlıspor,Rizespor,0,1,Super Lig,,Turkey,False
2016-01-01,Osmanlıspor,Eskişehirspor,0,0,Super Lig,,Turkey,False
2016-01-01,Osmanlıspor,Fenerbahçe,0,1,Super Lig,,Turkey,False
2016-01-01,Osmanlıspor,Galatasaray,3,2,Super Lig,,Turkey,False
2016-01-01,Osmanlıspor,Gaziantepspor,1,1,Super Lig,,Turkey,False
2016-01-01,Osmanlıspor,Gençlerbirliği,3,1,Super Lig,,Turkey,False
2016-01-01,Osmanlıspor,Başakşehir,0,3,Super Lig,,Turkey,False
2016-01-01,Osmanlıspor,Kasımpaşa,0,1,Super Lig,,Turkey,False
2016-01-01,Osmanlıspor,Kayserispor,1,1,Super Lig,,Turkey,False
2016-01-01,Osmanlıspor,Konyaspor,1,2,Super Lig,,Turkey,False
2016-01-01,Osmanlıspor,Mersin İdman Yurdu,3,1,Super Lig,,Turkey,False
2016-01-01,Osmanlıspor,Sivasspor,4,0,Super Lig,,Turkey,False
2016-01-01,Osmanlıspor,Trabzonspor,3,1,Super Lig,,Turkey,False
2016-01-01,Sivasspor,Akhisar Belediyespor,1,1,Super Lig,,Turkey,False
2016-01-01,Sivasspor,Antalyaspor,0,0,Super Lig,,Turkey,False
2016-01-01,Sivasspor,Beşiktaş,1,2,Super Lig,,Turkey,False
2016-01-01,Sivasspor,Bursaspor,1,2,Super Lig,,Turkey,False
2016-01-01,Sivasspor,Rizespor,2,1,Super Lig,,Turkey,False
2016-01-01,Sivasspor,Eskişehirspor,1,2,Super Lig,,Turkey,False
2016-01-01,Sivasspor,Fenerbahçe,2,2,Super Lig,,Turkey,False
2016-01-01,Sivasspor,Galatasaray,2,2,Super Lig,,Turkey,False
2016-01-01,Sivasspor,Gaziantepspor,3,0,Super Lig,,Turkey,False
2016-01-01,Sivasspor,Gençlerbirliği,2,1,Super Lig,,Turkey,False
2016-01-01,Sivasspor,Başakşehir,2,2,Super Lig,,Turkey,False
2016-01-01,Sivasspor,Kasımpaşa,1,0,Super Lig,,Turkey,False
2016-01-01,Sivasspor,Kayserispor,0,0,Super Lig,,Turkey,False
2016-01-01,Sivasspor,Konyaspor,0,0,Super Lig,,Turkey,False
2016-01-01,Sivasspor,Mersin İdman Yurdu,2,2,Super Lig,,Turkey,False
2016-01-01,Sivasspor,Osmanlıspor,1,1,Super Lig,,Turkey,False
2016-01-01,Sivasspor,Trabzonspor,0,2,Super Lig,,Turkey,False
2016-01-01,Trabzonspor,Akhisar Belediyespor,2,2,Super Lig,,Turkey,False
2016-01-01,Trabzonspor,Antalyaspor,3,0,Super Lig,,Turkey,False
2016-01-01,Trabzonspor,Beşiktaş,0,2,Super Lig,,Turkey,False
2016-01-01,Trabzonspor,Bursaspor,1,0,Super Lig,,Turkey,False
2016-01-01,Trabzonspor,Rizespor,6,0,Super Lig,,Turkey,False
2016-01-01,Trabzonspor,Eskişehirspor,3,1,Super Lig,,Turkey,False
2016-01-01,Trabzonspor,Fenerbahçe,0,4,Super Lig,,Turkey,False
2016-01-01,Trabzonspor,Galatasaray,0,1,Super Lig,,Turkey,False
2016-01-01,Trabzonspor,Gaziantepspor,2,2,Super Lig,,Turkey,False
2016-01-01,Trabzonspor,Gençlerbirliği,1,0,Super Lig,,Turkey,False
2016-01-01,Trabzonspor,Başakşehir,1,1,Super Lig,,Turkey,False
2016-01-01,Trabzonspor,Kasımpaşa,0,6,Super Lig,,Turkey,False
2016-01-01,Trabzonspor,Kayserispor,2,1,Super Lig,,Turkey,False
2016-01-01,Trabzonspor,Konyaspor,1,2,Super Lig,,Turkey,False
2016-01-01,Trabzonspor,Mersin İdman Yurdu,1,0,Super Lig,,Turkey,False
2016-01-01,Trabzonspor,Osmanlıspor,1,2,Super Lig,,Turkey,False
2016-01-01,Trabzonspor,Sivasspor,1,0,Super Lig,,Turkey,False
2017-01-01,Adanaspor,Akhisar Belediyespor,2,1,Super Lig,,Turkey,False
2017-01-01,Adanaspor,Alanyaspor,3,2,Super Lig,,Turkey,False
2017-01-01,Adanaspor,Antalyaspor,2,5,Super Lig,,Turkey,False
2017-01-01,Adanaspor,Beşiktaş,1,2,Super Lig,,Turkey,False
2017-01-01,Adanaspor,Bursaspor,1,2,Super Lig,,Turkey,False
2017-01-01,Adanaspor,Rizespor,1,3,Super Lig,,Turkey,False
2017-01-01,Adanaspor,Fenerbahçe,1,3,Super Lig,,Turkey,False
2017-01-01,Adanaspor,Galatasaray,0,1,Super Lig,,Turkey,False
2017-01-01,Adanaspor,Gaziantepspor,0,0,Super Lig,,Turkey,False
2017-01-01,Adanaspor,Gençlerbirliği,0,2,Super Lig,,Turkey,False
2017-01-01,Adanaspor,Başakşehir,1,1,Super Lig,,Turkey,False
2017-01-01,Adanaspor,Karabükspor,1,2,Super Lig,,Turkey,False
2017-01-01,Adanaspor,Kasımpaşa,3,0,Super Lig,,Turkey,False
2017-01-01,Adanaspor,Kayserispor,2,1,Super Lig,,Turkey,False
2017-01-01,Adanaspor,Konyaspor,0,1,Super Lig,,Turkey,False
2017-01-01,Adanaspor,Osmanlıspor,1,5,Super Lig,,Turkey,False
2017-01-01,Adanaspor,Trabzonspor,1,1,Super Lig,,Turkey,False
2017-01-01,Akhisar Belediyespor,Adanaspor,1,0,Super Lig,,Turkey,False
2017-01-01,Akhisar Belediyespor,Alanyaspor,3,0,Super Lig,,Turkey,False
2017-01-01,Akhisar Belediyespor,Antalyaspor,3,0,Super Lig,,Turkey,False
2017-01-01,Akhisar Belediyespor,Beşiktaş,0,2,Super Lig,,Turkey,False
2017-01-01,Akhisar Belediyespor,Bursaspor,5,1,Super Lig,,Turkey,False
2017-01-01,Akhisar Belediyespor,Rizespor,1,0,Super Lig,,Turkey,False
2017-01-01,Akhisar Belediyespor,Fenerbahçe,1,3,Super Lig,,Turkey,False
2017-01-01,Akhisar Belediyespor,Galatasaray,1,3,Super Lig,,Turkey,False
2017-01-01,Akhisar Belediyespor,Gaziantepspor,6,0,Super Lig,,Turkey,False
2017-01-01,Akhisar Belediyespor,Gençlerbirliği,0,0,Super Lig,,Turkey,False
2017-01-01,Akhisar Belediyespor,Başakşehir,2,1,Super Lig,,Turkey,False
2017-01-01,Akhisar Belediyespor,Karabükspor,2,3,Super Lig,,Turkey,False
2017-01-01,Akhisar Belediyespor,Kasımpaşa,1,0,Super Lig,,Turkey,False
2017-01-01,Akhisar Belediyespor,Kayserispor,0,0,Super Lig,,Turkey,False
2017-01-01,Akhisar Belediyespor,Konyaspor,1,0,Super Lig,,Turkey,False
2017-01-01,Akhisar Belediyespor,Osmanlıspor,1,2,Super Lig,,Turkey,False
2017-01-01,Akhisar Belediyespor,Trabzonspor,1,3,Super Lig,,Turkey,False
2017-01-01,Alanyaspor,Adanaspor,4,1,Super Lig,,Turkey,False
2017-01-01,Alanyaspor,Akhisar Belediyespor,0,0,Super Lig,,Turkey,False
2017-01-01,Alanyaspor,Antalyaspor,2,1,Super Lig,,Turkey,False
2017-01-01,Alanyaspor,Beşiktaş,1,4,Super Lig,,Turkey,False
2017-01-01,Alanyaspor,Bursaspor,0,2,Super Lig,,Turkey,False
2017-01-01,Alanyaspor,Rizespor,2,3,Super Lig,,Turkey,False
2017-01-01,Alanyaspor,Fenerbahçe,2,3,Super Lig,,Turkey,False
2017-01-01,Alanyaspor,Galatasaray,2,3,Super Lig,,Turkey,False
2017-01-01,Alanyaspor,Gaziantepspor,4,3,Super Lig,,Turkey,False
2017-01-01,Alanyaspor,Gençlerbirliği,3,0,Super Lig,,Turkey,False
2017-01-01,Alanyaspor,Başakşehir,0,5,Super Lig,,Turkey,False
2017-01-01,Alanyaspor,Karabükspor,4,2,Super Lig,,Turkey,False
2017-01-01,Alanyaspor,Kasımpaşa,3,1,Super Lig,,Turkey,False
2017-01-01,Alanyaspor,Kayserispor,3,0,Super Lig,,Turkey,False
2017-01-01,Alanyaspor,Konyaspor,2,3,Super Lig,,Turkey,False
2017-01-01,Alanyaspor,Osmanlıspor,0,1,Super Lig,,Turkey,False
2017-01-01,Alanyaspor,Trabzonspor,3,0,Super Lig,,Turkey,False
2017-01-01,Antalyaspor,Adanaspor,1,0,Super Lig,,Turkey,False
2017-01-01,Antalyaspor,Akhisar Belediyespor,0,0,Super Lig,,Turkey,False
2017-01-01,Antalyaspor,Alanyaspor,2,1,Super Lig,,Turkey,False
2017-01-01,Antalyaspor,Beşiktaş,0,0,Super Lig,,Turkey,False
2017-01-01,Antalyaspor,Bursaspor,2,1,Super Lig,,Turkey,False
2017-01-01,Antalyaspor,Rizespor,1,1,Super Lig,,Turkey,False
2017-01-01,Antalyaspor,Fenerbahçe,1,0,Super Lig,,Turkey,False
2017-01-01,Antalyaspor,Galatasaray,2,3,Super Lig,,Turkey,False
2017-01-01,Antalyaspor,Gaziantepspor,4,1,Super Lig,,Turkey,False
2017-01-01,Antalyaspor,Gençlerbirliği,1,0,Super Lig,,Turkey,False
2017-01-01,Antalyaspor,Başakşehir,0,1,Super Lig,,Turkey,False
2017-01-01,Antalyaspor,Karabükspor,1,0,Super Lig,,Turkey,False
2017-01-01,Antalyaspor,Kasımpaşa,2,1,Super Lig,,Turkey,False
2017-01-01,Antalyaspor,Kayserispor,2,1,Super Lig,,Turkey,False
2017-01-01,Antalyaspor,Konyaspor,1,3,Super Lig,,Turkey,False
2017-01-01,Antalyaspor,Osmanlıspor,0,0,Super Lig,,Turkey,False
2017-01-01,Antalyaspor,Trabzonspor,0,3,Super Lig,,Turkey,False
2017-01-01,Beşiktaş,Adanaspor,3,2,Super Lig,,Turkey,False
2017-01-01,Beşiktaş,Akhisar Belediyespor,3,1,Super Lig,,Turkey,False
2017-01-01,Beşiktaş,Alanyaspor,4,1,Super Lig,,Turkey,False
2017-01-01,Beşiktaş,Antalyaspor,3,0,Super Lig,,Turkey,False
2017-01-01,Beşiktaş,Bursaspor,2,1,Super Lig,,Turkey,False
2017-01-01,Beşiktaş,Rizespor,1,0,Super Lig,,Turkey,False
2017-01-01,Beşiktaş,Gaziantepspor,1,0,Super Lig,,Turkey,False
2017-01-01,Beşiktaş,Gençlerbirliği,3,0,Super Lig,,Turkey,False
2017-01-01,Beşiktaş,Başakşehir,1,1,Super Lig,,Turkey,False
2017-01-01,Beşiktaş,Karabükspor,3,1,Super Lig,,Turkey,False
2017-01-01,Beşiktaş,Kasımpaşa,4,1,Super Lig,,Turkey,False
2017-01-01,Beşiktaş,Kayserispor,2,2,Super Lig,,Turkey,False
2017-01-01,Beşiktaş,Konyaspor,5,1,Super Lig,,Turkey,False
2017-01-01,Beşiktaş,Osmanlıspor,4,0,Super Lig,,Turkey,False
2017-01-01,Beşiktaş,Trabzonspor,2,1,Super Lig,,Turkey,False
2017-01-01,Bursaspor,Adanaspor,0,1,Super Lig,,Turkey,False
2017-01-01,Bursaspor,Akhisar Belediyespor,0,0,Super Lig,,Turkey,False
2017-01-01,Bursaspor,Alanyaspor,1,3,Super Lig,,Turkey,False
2017-01-01,Bursaspor,Antalyaspor,2,1,Super Lig,,Turkey,False
2017-01-01,Bursaspor,Beşiktaş,0,2,Super Lig,,Turkey,False
2017-01-01,Bursaspor,Rizespor,2,1,Super Lig,,Turkey,False
2017-01-01,Bursaspor,Fenerbahçe,1,1,Super Lig,,Turkey,False
2017-01-01,Bursaspor,Galatasaray,0,5,Super Lig,,Turkey,False
2017-01-01,Bursaspor,Gaziantepspor,2,1,Super Lig,,Turkey,False
2017-01-01,Bursaspor,Gençlerbirliği,1,2,Super Lig,,Turkey,False
2017-01-01,Bursaspor,Başakşehir,0,2,Super Lig,,Turkey,False
2017-01-01,Bursaspor,Karabükspor,3,0,Super Lig,,Turkey,False
2017-01-01,Bursaspor,Kasımpaşa,1,0,Super Lig,,Turkey,False
2017-01-01,Bursaspor,Kayserispor,3,1,Super Lig,,Turkey,False
2017-01-01,Bursaspor,Konyaspor,2,0,Super Lig,,Turkey,False
2017-01-01,Bursaspor,Osmanlıspor,0,0,Super Lig,,Turkey,False
2017-01-01,Bursaspor,Trabzonspor,1,2,Super Lig,,Turkey,False
2017-01-01,Rizespor,Adanaspor,2,2,Super Lig,,Turkey,False
2017-01-01,Rizespor,Akhisar Belediyespor,1,0,Super Lig,,Turkey,False
2017-01-01,Rizespor,Alanyaspor,1,0,Super Lig,,Turkey,False
2017-01-01,Rizespor,Antalyaspor,1,2,Super Lig,,Turkey,False
2017-01-01,Rizespor,Beşiktaş,0,1,Super Lig,,Turkey,False
2017-01-01,Rizespor,Bursaspor,6,0,Super Lig,,Turkey,False
2017-01-01,Rizespor,Fenerbahçe,1,5,Super Lig,,Turkey,False
2017-01-01,Rizespor,Galatasaray,1,1,Super Lig,,Turkey,False
2017-01-01,Rizespor,Gaziantepspor,2,0,Super Lig,,Turkey,False
2017-01-01,Rizespor,Gençlerbirliği,2,1,Super Lig,,Turkey,False
2017-01-01,Rizespor,Başakşehir,3,3,Super Lig,,Turkey,False
2017-01-01,Rizespor,Karabükspor,1,0,Super Lig,,Turkey,False
2017-01-01,Rizespor,Kasımpaşa,0,1,Super Lig,,Turkey,False
2017-01-01,Rizespor,Kayserispor,2,4,Super Lig,,Turkey,False
2017-01-01,Rizespor,Konyaspor,1,1,Super Lig,,Turkey,False
2017-01-01,Rizespor,Osmanlıspor,0,1,Super Lig,,Turkey,False
2017-01-01,Rizespor,Trabzonspor,0,1,Super Lig,,Turkey,False
2017-01-01,Fenerbahçe,Adanaspor,2,2,Super Lig,,Turkey,False
2017-01-01,Fenerbahçe,Akhisar Belediyespor,3,1,Super Lig,,Turkey,False
2017-01-01,Fenerbahçe,Alanyaspor,1,1,Super Lig,,Turkey,False
2017-01-01,Fenerbahçe,Antalyaspor,0,1,Super Lig,,Turkey,False
2017-01-01,Fenerbahçe,Bursaspor,0,1,Super Lig,,Turkey,False
2017-01-01,Fenerbahçe,Rizespor,2,1,Super Lig,,Turkey,False
2017-01-01,Fenerbahçe,Gaziantepspor,2,1,Super Lig,,Turkey,False
2017-01-01,Fenerbahçe,Gençlerbirliği,3,0,Super Lig,,Turkey,False
2017-01-01,Fenerbahçe,Başakşehir,1,0,Super Lig,,Turkey,False
2017-01-01,Fenerbahçe,Karabükspor,5,0,Super Lig,,Turkey,False
2017-01-01,Fenerbahçe,Kasımpaşa,0,0,Super Lig,,Turkey,False
2017-01-01,Fenerbahçe,Kayserispor,3,3,Super Lig,,Turkey,False
2017-01-01,Fenerbahçe,Konyaspor,2,3,Super Lig,,Turkey,False
2017-01-01,Fenerbahçe,Osmanlıspor,1,0,Super Lig,,Turkey,False
2017-01-01,Fenerbahçe,Trabzonspor,1,1,Super Lig,,Turkey,False
2017-01-01,Galatasaray,Adanaspor,4,0,Super Lig,,Turkey,False
2017-01-01,Galatasaray,Akhisar Belediyespor,6,0,Super Lig,,Turkey,False
2017-01-01,Galatasaray,Alanyaspor,5,1,Super Lig,,Turkey,False
2017-01-01,Galatasaray,Antalyaspor,3,1,Super Lig,,Turkey,False
2017-01-01,Galatasaray,Bursaspor,3,1,Super Lig,,Turkey,False
2017-01-01,Galatasaray,Rizespor,2,0,Super Lig,,Turkey,False
2017-01-01,Galatasaray,Gaziantepspor,3,1,Super Lig,,Turkey,False
2017-01-01,Galatasaray,Gençlerbirliği,3,2,Super Lig,,Turkey,False
2017-01-01,Galatasaray,Başakşehir,1,2,Super Lig,,Turkey,False
2017-01-01,Galatasaray,Karabükspor,1,0,Super Lig,,Turkey,False
2017-01-01,Galatasaray,Kasımpaşa,1,3,Super Lig,,Turkey,False
2017-01-01,Galatasaray,Kayserispor,1,2,Super Lig,,Turkey,False
2017-01-01,Galatasaray,Konyaspor,2,1,Super Lig,,Turkey,False
2017-01-01,Galatasaray,Osmanlıspor,2,0,Super Lig,,Turkey,False
2017-01-01,Galatasaray,Trabzonspor,0,1,Super Lig,,Turkey,False
2017-01-01,Gaziantepspor,Adanaspor,1,0,Super Lig,,Turkey,False
2017-01-01,Gaziantepspor,Akhisar Belediyespor,1,2,Super Lig,,Turkey,False
2017-01-01,Gaziantepspor,Alanyaspor,2,3,Super Lig,,Turkey,False
2017-01-01,Gaziantepspor,Antalyaspor,0,3,Super Lig,,Turkey,False
2017-01-01,Gaziantepspor,Beşiktaş,0,4,Super Lig,,Turkey,False
2017-01-01,Gaziantepspor,Bursaspor,3,2,Super Lig,,Turkey,False
2017-01-01,Gaziantepspor,Rizespor,1,2,Super Lig,,Turkey,False
2017-01-01,Gaziantepspor,Fenerbahçe,1,1,Super Lig,,Turkey,False
2017-01-01,Gaziantepspor,Galatasaray,1,2,Super Lig,,Turkey,False
2017-01-01,Gaziantepspor,Gençlerbirliği,0,1,Super Lig,,Turkey,False
2017-01-01,Gaziantepspor,Başakşehir,0,1,Super Lig,,Turkey,False
2017-01-01,Gaziantepspor,Karabükspor,0,0,Super Lig,,Turkey,False
2017-01-01,Gaziantepspor,Kasımpaşa,0,2,Super Lig,,Turkey,False
2017-01-01,Gaziantepspor,Kayserispor,1,2,Super Lig,,Turkey,False
2017-01-01,Gaziantepspor,Konyaspor,0,3,Super Lig,,Turkey,False
2017-01-01,Gaziantepspor,Osmanlıspor,3,1,Super Lig,,Turkey,False
2017-01-01,Gaziantepspor,Trabzonspor,1,0,Super Lig,,Turkey,False
2017-01-01,Gençlerbirliği,Adanaspor,0,1,Super Lig,,Turkey,False
2017-01-01,Gençlerbirliği,Akhisar Belediyespor,2,0,Super Lig,,Turkey,False
2017-01-01,Gençlerbirliği,Alanyaspor,0,0,Super Lig,,Turkey,False
2017-01-01,Gençlerbirliği,Antalyaspor,1,1,Super Lig,,Turkey,False
2017-01-01,Gençlerbirliği,Beşiktaş,1,1,Super Lig,,Turkey,False
2017-01-01,Gençlerbirliği,Bursaspor,3,1,Super Lig,,Turkey,False
2017-01-01,Gençlerbirliği,Rizespor,1,0,Super Lig,,Turkey,False
2017-01-01,Gençlerbirliği,Fenerbahçe,1,2,Super Lig,,Turkey,False
2017-01-01,Gençlerbirliği,Galatasaray,0,1,Super Lig,,Turkey,False
2017-01-01,Gençlerbirliği,Gaziantepspor,2,0,Super Lig,,Turkey,False
2017-01-01,Gençlerbirliği,Başakşehir,0,0,Super Lig,,Turkey,False
2017-01-01,Gençlerbirliği,Karabükspor,2,0,Super Lig,,Turkey,False
2017-01-01,Gençlerbirliği,Kasımpaşa,1,0,Super Lig,,Turkey,False
2017-01-01,Gençlerbirliği,Kayserispor,2,1,Super Lig,,Turkey,False
2017-01-01,Gençlerbirliği,Konyaspor,2,0,Super Lig,,Turkey,False
2017-01-01,Gençlerbirliği,Osmanlıspor,1,1,Super Lig,,Turkey,False
2017-01-01,Gençlerbirliği,Trabzonspor,0,0,Super Lig,,Turkey,False
2017-01-01,Başakşehir,Adanaspor,2,1,Super Lig,,Turkey,False
2017-01-01,Başakşehir,Akhisar Belediyespor,5,1,Super Lig,,Turkey,False
2017-01-01,Başakşehir,Alanyaspor,2,1,Super Lig,,Turkey,False
2017-01-01,Başakşehir,Antalyaspor,2,2,Super Lig,,Turkey,False
2017-01-01,Başakşehir,Beşiktaş,3,1,Super Lig,,Turkey,False
2017-01-01,Başakşehir,Bursaspor,1,0,Super Lig,,Turkey,False
2017-01-01,Başakşehir,Rizespor,2,1,Super Lig,,Turkey,False
2017-01-01,Başakşehir,Fenerbahçe,1,0,Super Lig,,Turkey,False
2017-01-01,Başakşehir,Galatasaray,4,0,Super Lig,,Turkey,False
2017-01-01,Başakşehir,Gaziantepspor,0,0,Super Lig,,Turkey,False
2017-01-01,Başakşehir,Gençlerbirliği,2,1,Super Lig,,Turkey,False
2017-01-01,Başakşehir,Karabükspor,3,3,Super Lig,,Turkey,False
2017-01-01,Başakşehir,Kasımpaşa,3,1,Super Lig,,Turkey,False
2017-01-01,Başakşehir,Kayserispor,5,0,Super Lig,,Turkey,False
2017-01-01,Başakşehir,Konyaspor,1,1,Super Lig,,Turkey,False
2017-01-01,Başakşehir,Osmanlıspor,2,2,Super Lig,,Turkey,False
2017-01-01,Başakşehir,Trabzonspor,1,0,Super Lig,,Turkey,False
2017-01-01,Karabükspor,Adanaspor,2,0,Super Lig,,Turkey,False
2017-01-01,Karabükspor,Akhisar Belediyespor,1,0,Super Lig,,Turkey,False
2017-01-01,Karabükspor,Alanyaspor,0,2,Super Lig,,Turkey,False
2017-01-01,Karabükspor,Antalyaspor,3,2,Super Lig,,Turkey,False
2017-01-01,Karabükspor,Beşiktaş,2,1,Super Lig,,Turkey,False
2017-01-01,Karabükspor,Bursaspor,0,0,Super Lig,,Turkey,False
2017-01-01,Karabükspor,Rizespor,3,0,Super Lig,,Turkey,False
2017-01-01,Karabükspor,Fenerbahçe,0,1,Super Lig,,Turkey,False
2017-01-01,Karabükspor,Galatasaray,2,1,Super Lig,,Turkey,False
2017-01-01,Karabükspor,Gaziantepspor,2,0,Super Lig,,Turkey,False
2017-01-01,Karabükspor,Gençlerbirliği,1,0,Super Lig,,Turkey,False
2017-01-01,Karabükspor,Başakşehir,0,2,Super Lig,,Turkey,False
2017-01-01,Karabükspor,Kasımpaşa,0,0,Super Lig,,Turkey,False
2017-01-01,Karabükspor,Kayserispor,2,2,Super Lig,,Turkey,False
2017-01-01,Karabükspor,Konyaspor,1,1,Super Lig,,Turkey,False
2017-01-01,Karabükspor,Osmanlıspor,1,0,Super Lig,,Turkey,False
2017-01-01,Karabükspor,Trabzonspor,4,0,Super Lig,,Turkey,False
2017-01-01,Kasımpaşa,Adanaspor,1,1,Super Lig,,Turkey,False
2017-01-01,Kasımpaşa,Akhisar Belediyespor,0,2,Super Lig,,Turkey,False
2017-01-01,Kasımpaşa,Alanyaspor,2,1,Super Lig,,Turkey,False
2017-01-01,Kasımpaşa,Antalyaspor,0,3,Super Lig,,Turkey,False
2017-01-01,Kasımpaşa,Beşiktaş,2,1,Super Lig,,Turkey,False
2017-01-01,Kasımpaşa,Bursaspor,4,0,Super Lig,,Turkey,False
2017-01-01,Kasımpaşa,Rizespor,4,2,Super Lig,,Turkey,False
2017-01-01,Kasımpaşa,Fenerbahçe,1,5,Super Lig,,Turkey,False
2017-01-01,Kasımpaşa,Galatasaray,1,2,Super Lig,,Turkey,False
2017-01-01,Kasımpaşa,Gaziantepspor,0,0,Super Lig,,Turkey,False
2017-01-01,Kasımpaşa,Gençlerbirliği,3,0,Super Lig,,Turkey,False
2017-01-01,Kasımpaşa,Başakşehir,4,0,Super Lig,,Turkey,False
2017-01-01,Kasımpaşa,Karabükspor,2,2,Super Lig,,Turkey,False
2017-01-01,Kasımpaşa,Kayserispor,3,1,Super Lig,,Turkey,False
2017-01-01,Kasımpaşa,Konyaspor,1,1,Super Lig,,Turkey,False
2017-01-01,Kasımpaşa,Osmanlıspor,3,2,Super Lig,,Turkey,False
2017-01-01,Kasımpaşa,Trabzonspor,0,1,Super Lig,,Turkey,False
2017-01-01,Kayserispor,Adanaspor,1,1,Super Lig,,Turkey,False
2017-01-01,Kayserispor,Akhisar Belediyespor,0,2,Super Lig,,Turkey,False
2017-01-01,Kayserispor,Alanyaspor,3,0,Super Lig,,Turkey,False
2017-01-01,Kayserispor,Antalyaspor,0,1,Super Lig,,Turkey,False
2017-01-01,Kayserispor,Beşiktaş,0,1,Super Lig,,Turkey,False
2017-01-01,Kayserispor,Bursaspor,2,0,Super Lig,,Turkey,False
2017-01-01,Kayserispor,Rizespor,2,1,Super Lig,,Turkey,False
2017-01-01,Kayserispor,Fenerbahçe,4,1,Super Lig,,Turkey,False
2017-01-01,Kayserispor,Galatasaray,1,1,Super Lig,,Turkey,False
2017-01-01,Kayserispor,Gaziantepspor,3,4,Super Lig,,Turkey,False
2017-01-01,Kayserispor,Gençlerbirliği,0,2,Super Lig,,Turkey,False
2017-01-01,Kayserispor,Başakşehir,0,1,Super Lig,,Turkey,False
2017-01-01,Kayserispor,Karabükspor,2,0,Super Lig,,Turkey,False
2017-01-01,Kayserispor,Kasımpaşa,2,2,Super Lig,,Turkey,False
2017-01-01,Kayserispor,Konyaspor,2,1,Super Lig,,Turkey,False
2017-01-01,Kayserispor,Osmanlıspor,1,4,Super Lig,,Turkey,False
2017-01-01,Kayserispor,Trabzonspor,0,1,Super Lig,,Turkey,False
2017-01-01,Konyaspor,Adanaspor,1,0,Super Lig,,Turkey,False
2017-01-01,Konyaspor,Akhisar Belediyespor,0,3,Super Lig,,Turkey,False
2017-01-01,Konyaspor,Alanyaspor,2,3,Super Lig,,Turkey,False
2017-01-01,Konyaspor,Antalyaspor,1,1,Super Lig,,Turkey,False
2017-01-01,Konyaspor,Beşiktaş,2,2,Super Lig,,Turkey,False
2017-01-01,Konyaspor,Bursaspor,2,0,Super Lig,,Turkey,False
2017-01-01,Konyaspor,Rizespor,2,1,Super Lig,,Turkey,False
2017-01-01,Konyaspor,Fenerbahçe,0,1,Super Lig,,Turkey,False
2017-01-01,Konyaspor,Galatasaray,0,1,Super Lig,,Turkey,False
2017-01-01,Konyaspor,Gaziantepspor,1,2,Super Lig,,Turkey,False
2017-01-01,Konyaspor,Gençlerbirliği,1,1,Super Lig,,Turkey,False
2017-01-01,Konyaspor,Başakşehir,0,3,Super Lig,,Turkey,False
2017-01-01,Konyaspor,Karabükspor,3,0,Super Lig,,Turkey,False
2017-01-01,Konyaspor,Kasımpaşa,2,1,Super Lig,,Turkey,False
2017-01-01,Konyaspor,Kayserispor,1,0,Super Lig,,Turkey,False
2017-01-01,Konyaspor,Osmanlıspor,1,1,Super Lig,,Turkey,False
2017-01-01,Konyaspor,Trabzonspor,1,1,Super Lig,,Turkey,False
2017-01-01,Osmanlıspor,Adanaspor,1,0,Super Lig,,Turkey,False
2017-01-01,Osmanlıspor,Akhisar Belediyespor,0,4,Super Lig,,Turkey,False
2017-01-01,Osmanlıspor,Alanyaspor,2,0,Super Lig,,Turkey,False
2017-01-01,Osmanlıspor,Antalyaspor,1,2,Super Lig,,Turkey,False
2017-01-01,Osmanlıspor,Beşiktaş,0,2,Super Lig,,Turkey,False
2017-01-01,Osmanlıspor,Bursaspor,1,1,Super Lig,,Turkey,False
2017-01-01,Osmanlıspor,Rizespor,1,2,Super Lig,,Turkey,False
2017-01-01,Osmanlıspor,Fenerbahçe,1,1,Super Lig,,Turkey,False
2017-01-01,Osmanlıspor,Galatasaray,2,2,Super Lig,,Turkey,False
2017-01-01,Osmanlıspor,Gaziantepspor,0,2,Super Lig,,Turkey,False
2017-01-01,Osmanlıspor,Gençlerbirliği,2,2,Super Lig,,Turkey,False
2017-01-01,Osmanlıspor,Başakşehir,0,1,Super Lig,,Turkey,False
2017-01-01,Osmanlıspor,Karabükspor,2,1,Super Lig,,Turkey,False
2017-01-01,Osmanlıspor,Kasımpaşa,1,2,Super Lig,,Turkey,False
2017-01-01,Osmanlıspor,Kayserispor,1,1,Super Lig,,Turkey,False
2017-01-01,Osmanlıspor,Konyaspor,0,0,Super Lig,,Turkey,False
2017-01-01,Osmanlıspor,Trabzonspor,0,1,Super Lig,,Turkey,False
2017-01-01,Trabzonspor,Adanaspor,4,1,Super Lig,,Turkey,False
2017-01-01,Trabzonspor,Akhisar Belediyespor,0,0,Super Lig,,Turkey,False
2017-01-01,Trabzonspor,Alanyaspor,0,0,Super Lig,,Turkey,False
2017-01-01,Trabzonspor,Antalyaspor,0,1,Super Lig,,Turkey,False
2017-01-01,Trabzonspor,Beşiktaş,3,4,Super Lig,,Turkey,False
2017-01-01,Trabzonspor,Bursaspor,1,2,Super Lig,,Turkey,False
2017-01-01,Trabzonspor,Rizespor,2,2,Super Lig,,Turkey,False
2017-01-01,Trabzonspor,Fenerbahçe,0,3,Super Lig,,Turkey,False
2017-01-01,Trabzonspor,Galatasaray,2,0,Super Lig,,Turkey,False
2017-01-01,Trabzonspor,Gaziantepspor,4,0,Super Lig,,Turkey,False
2017-01-01,Trabzonspor,Gençlerbirliği,0,0,Super Lig,,Turkey,False
2017-01-01,Trabzonspor,Başakşehir,0,0,Super Lig,,Turkey,False
2017-01-01,Trabzonspor,Karabükspor,1,0,Super Lig,,Turkey,False
2017-01-01,Trabzonspor,Kasımpaşa,2,0,Super Lig,,Turkey,False
2017-01-01,Trabzonspor,Kayserispor,2,3,Super Lig,,Turkey,False
2017-01-01,Trabzonspor,Konyaspor,1,0,Super Lig,,Turkey,False
2017-01-01,Trabzonspor,Osmanlıspor,0,2,Super Lig,,Turkey,False
2018-01-01,Akhisar Belediyespor,Alanyaspor,0,4,Super Lig,,Turkey,False
2018-01-01,Akhisar Belediyespor,Antalyaspor,1,1,Super Lig,,Turkey,False
2018-01-01,Akhisar Belediyespor,Başakşehir,1,2,Super Lig,,Turkey,False
2018-01-01,Akhisar Belediyespor,Beşiktaş,0,3,Super Lig,,Turkey,False
2018-01-01,Akhisar Belediyespor,Bursaspor,1,0,Super Lig,,Turkey,False
2018-01-01,Akhisar Belediyespor,Fenerbahçe,1,0,Super Lig,,Turkey,False
2018-01-01,Akhisar Belediyespor,Galatasaray,1,2,Super Lig,,Turkey,False
2018-01-01,Akhisar Belediyespor,Gençlerbirliği,3,3,Super Lig,,Turkey,False
2018-01-01,Akhisar Belediyespor,Göztepe,1,1,Super Lig,,Turkey,False
2018-01-01,Akhisar Belediyespor,Kardemir Karabükspor,2,1,Super Lig,,Turkey,False
2018-01-01,Akhisar Belediyespor,Kasımpaşa,2,1,Super Lig,,Turkey,False
2018-01-01,Akhisar Belediyespor,Kayserispor,0,2,Super Lig,,Turkey,False
2018-01-01,Akhisar Belediyespor,Konyaspor,3,0,Super Lig,,Turkey,False
2018-01-01,Akhisar Belediyespor,Osmanlıspor,2,1,Super Lig,,Turkey,False
2018-01-01,Akhisar Belediyespor,Sivasspor,1,0,Super Lig,,Turkey,False
2018-01-01,Akhisar Belediyespor,Trabzonspor,1,3,Super Lig,,Turkey,False
2018-01-01,Akhisar Belediyespor,Yeni Malatyaspor,0,0,Super Lig,,Turkey,False
2018-01-01,Alanyaspor,Akhisar Belediyespor,3,1,Super Lig,,Turkey,False
2018-01-01,Alanyaspor,Antalyaspor,3,2,Super Lig,,Turkey,False
2018-01-01,Alanyaspor,Başakşehir,4,1,Super Lig,,Turkey,False
2018-01-01,Alanyaspor,Beşiktaş,1,2,Super Lig,,Turkey,False
2018-01-01,Alanyaspor,Bursaspor,3,1,Super Lig,,Turkey,False
2018-01-01,Alanyaspor,Fenerbahçe,1,4,Super Lig,,Turkey,False
2018-01-01,Alanyaspor,Galatasaray,2,3,Super Lig,,Turkey,False
2018-01-01,Alanyaspor,Gençlerbirliği,4,1,Super Lig,,Turkey,False
2018-01-01,Alanyaspor,Göztepe,1,1,Super Lig,,Turkey,False
2018-01-01,Alanyaspor,Kardemir Karabükspor,1,1,Super Lig,,Turkey,False
2018-01-01,Alanyaspor,Kasımpaşa,1,3,Super Lig,,Turkey,False
2018-01-01,Alanyaspor,Kayserispor,1,2,Super Lig,,Turkey,False
2018-01-01,Alanyaspor,Konyaspor,1,2,Super Lig,,Turkey,False
2018-01-01,Alanyaspor,Osmanlıspor,1,1,Super Lig,,Turkey,False
2018-01-01,Alanyaspor,Sivasspor,1,1,Super Lig,,Turkey,False
2018-01-01,Alanyaspor,Trabzonspor,1,2,Super Lig,,Turkey,False
2018-01-01,Alanyaspor,Yeni Malatyaspor,1,0,Super Lig,,Turkey,False
2018-01-01,Antalyaspor,Akhisar Belediyespor,2,2,Super Lig,,Turkey,False
2018-01-01,Antalyaspor,Alanyaspor,3,1,Super Lig,,Turkey,False
2018-01-01,Antalyaspor,Başakşehir,0,2,Super Lig,,Turkey,False
2018-01-01,Antalyaspor,Beşiktaş,1,2,Super Lig,,Turkey,False
2018-01-01,Antalyaspor,Bursaspor,2,0,Super Lig,,Turkey,False
2018-01-01,Antalyaspor,Fenerbahçe,0,1,Super Lig,,Turkey,False
2018-01-01,Antalyaspor,Galatasaray,1,1,Super Lig,,Turkey,False
2018-01-01,Antalyaspor,Gençlerbirliği,1,1,Super Lig,,Turkey,False
2018-01-01,Antalyaspor,Göztepe,1,3,Super Lig,,Turkey,False
2018-01-01,Antalyaspor,Kardemir Karabükspor,2,1,Super Lig,,Turkey,False
2018-01-01,Antalyaspor,Kasımpaşa,2,1,Super Lig,,Turkey,False
2018-01-01,Antalyaspor,Kayserispor,2,1,Super Lig,,Turkey,False
2018-01-01,Antalyaspor,Konyaspor,0,0,Super Lig,,Turkey,False
2018-01-01,Antalyaspor,Osmanlıspor,3,0,Super Lig,,Turkey,False
2018-01-01,Antalyaspor,Sivasspor,1,4,Super Lig,,Turkey,False
2018-01-01,Antalyaspor,Trabzonspor,1,2,Super Lig,,Turkey,False
2018-01-01,Antalyaspor,Yeni Malatyaspor,3,1,Super Lig,,Turkey,False
2018-01-01,Başakşehir,Akhisar Belediyespor,2,1,Super Lig,,Turkey,False
2018-01-01,Başakşehir,Alanyaspor,2,1,Super Lig,,Turkey,False
2018-01-01,Başakşehir,Antalyaspor,4,1,Super Lig,,Turkey,False
2018-01-01,Başakşehir,Beşiktaş,1,0,Super Lig,,Turkey,False
2018-01-01,Başakşehir,Bursaspor,1,0,Super Lig,,Turkey,False
2018-01-01,Başakşehir,Fenerbahçe,0,2,Super Lig,,Turkey,False
2018-01-01,Başakşehir,Galatasaray,5,1,Super Lig,,Turkey,False
2018-01-01,Başakşehir,Gençlerbirliği,1,1,Super Lig,,Turkey,False
2018-01-01,Başakşehir,Göztepe,2,0,Super Lig,,Turkey,False
2018-01-01,Başakşehir,Kardemir Karabükspor,5,0,Super Lig,,Turkey,False
2018-01-01,Başakşehir,Kasımpaşa,3,2,Super Lig,,Turkey,False
2018-01-01,Başakşehir,Kayserispor,3,1,Super Lig,,Turkey,False
2018-01-01,Başakşehir,Konyaspor,2,1,Super Lig,,Turkey,False
2018-01-01,Başakşehir,Osmanlıspor,1,0,Super Lig,,Turkey,False
2018-01-01,Başakşehir,Sivasspor,1,1,Super Lig,,Turkey,False
2018-01-01,Başakşehir,Trabzonspor,2,2,Super Lig,,Turkey,False
2018-01-01,Başakşehir,Yeni Malatyaspor,1,0,Super Lig,,Turkey,False
2018-01-01,Beşiktaş,Akhisar Belediyespor,0,0,Super Lig,,Turkey,False
2018-01-01,Beşiktaş,Alanyaspor,1,0,Super Lig,,Turkey,False
2018-01-01,Beşiktaş,Antalyaspor,2,0,Super Lig,,Turkey,False
2018-01-01,Beşiktaş,Başakşehir,1,1,Super Lig,,Turkey,False
2018-01-01,Beşiktaş,Bursaspor,2,1,Super Lig,,Turkey,False
2018-01-01,Beşiktaş,Gençlerbirliği,1,0,Super Lig,,Turkey,False
2018-01-01,Beşiktaş,Göztepe,5,1,Super Lig,,Turkey,False
2018-01-01,Beşiktaş,Kardemir Karabükspor,5,0,Super Lig,,Turkey,False
2018-01-01,Beşiktaş,Kasımpaşa,2,1,Super Lig,,Turkey,False
2018-01-01,Beşiktaş,Kayserispor,2,0,Super Lig,,Turkey,False
2018-01-01,Beşiktaş,Konyaspor,2,0,Super Lig,,Turkey,False
2018-01-01,Beşiktaş,Osmanlıspor,5,1,Super Lig,,Turkey,False
2018-01-01,Beşiktaş,Sivasspor,5,1,Super Lig,,Turkey,False
2018-01-01,Beşiktaş,Trabzonspor,2,2,Super Lig,,Turkey,False
2018-01-01,Beşiktaş,Yeni Malatyaspor,3,1,Super Lig,,Turkey,False
2018-01-01,Bursaspor,Akhisar Belediyespor,3,0,Super Lig,,Turkey,False
2018-01-01,Bursaspor,Alanyaspor,3,2,Super Lig,,Turkey,False
2018-01-01,Bursaspor,Antalyaspor,4,0,Super Lig,,Turkey,False
2018-01-01,Bursaspor,Başakşehir,0,3,Super Lig,,Turkey,False
2018-01-01,Bursaspor,Beşiktaş,2,2,Super Lig,,Turkey,False
2018-01-01,Bursaspor,Fenerbahçe,0,1,Super Lig,,Turkey,False
2018-01-01,Bursaspor,Galatasaray,1,2,Super Lig,,Turkey,False
2018-01-01,Bursaspor,Gençlerbirliği,1,1,Super Lig,,Turkey,False
2018-01-01,Bursaspor,Göztepe,0,0,Super Lig,,Turkey,False
2018-01-01,Bursaspor,Kardemir Karabükspor,2,1,Super Lig,,Turkey,False
2018-01-01,Bursaspor,Kasımpaşa,0,1,Super Lig,,Turkey,False
2018-01-01,Bursaspor,Kayserispor,1,0,Super Lig,,Turkey,False
2018-01-01,Bursaspor,Konyaspor,2,1,Super Lig,,Turkey,False
2018-01-01,Bursaspor,Osmanlıspor,3,1,Super Lig,,Turkey,False
2018-01-01,Bursaspor,Sivasspor,1,0,Super Lig,,Turkey,False
2018-01-01,Bursaspor,Trabzonspor,1,3,Super Lig,,Turkey,False
2018-01-01,Bursaspor,Yeni Malatyaspor,0,0,Super Lig,,Turkey,False
2018-01-01,Fenerbahçe,Akhisar Belediyespor,2,3,Super Lig,,Turkey,False
2018-01-01,Fenerbahçe,Alanyaspor,3,0,Super Lig,,Turkey,False
2018-01-01,Fenerbahçe,Antalyaspor,4,1,Super Lig,,Turkey,False
2018-01-01,Fenerbahçe,Başakşehir,2,3,Super Lig,,Turkey,False
2018-01-01,Fenerbahçe,Bursaspor,2,1,Super Lig,,Turkey,False
2018-01-01,Fenerbahçe,Gençlerbirliği,2,2,Super Lig,,Turkey,False
2018-01-01,Fenerbahçe,Göztepe,2,1,Super Lig,,Turkey,False
2018-01-01,Fenerbahçe,Kardemir Karabükspor,2,0,Super Lig,,Turkey,False
2018-01-01,Fenerbahçe,Kasımpaşa,4,2,Super Lig,,Turkey,False
2018-01-01,Fenerbahçe,Kayserispor,3,3,Super Lig,,Turkey,False
2018-01-01,Fenerbahçe,Konyaspor,3,2,Super Lig,,Turkey,False
2018-01-01,Fenerbahçe,Osmanlıspor,2,0,Super Lig,,Turkey,False
2018-01-01,Fenerbahçe,Sivasspor,4,1,Super Lig,,Turkey,False
2018-01-01,Fenerbahçe,Trabzonspor,2,2,Super Lig,,Turkey,False
2018-01-01,Fenerbahçe,Yeni Malatyaspor,3,1,Super Lig,,Turkey,False
2018-01-01,Galatasaray,Akhisar Belediyespor,4,2,Super Lig,,Turkey,False
2018-01-01,Galatasaray,Alanyaspor,2,0,Super Lig,,Turkey,False
2018-01-01,Galatasaray,Antalyaspor,3,0,Super Lig,,Turkey,False
2018-01-01,Galatasaray,Başakşehir,2,0,Super Lig,,Turkey,False
2018-01-01,Galatasaray,Bursaspor,5,0,Super Lig,,Turkey,False
2018-01-01,Galatasaray,Gençlerbirliği,5,1,Super Lig,,Turkey,False
2018-01-01,Galatasaray,Göztepe,3,1,Super Lig,,Turkey,False
2018-01-01,Galatasaray,Kardemir Karabükspor,3,2,Super Lig,,Turkey,False
2018-01-01,Galatasaray,Kasımpaşa,2,0,Super Lig,,Turkey,False
2018-01-01,Galatasaray,Kayserispor,4,1,Super Lig,,Turkey,False
2018-01-01,Galatasaray,Konyaspor,2,1,Super Lig,,Turkey,False
2018-01-01,Galatasaray,Osmanlıspor,2,0,Super Lig,,Turkey,False
2018-01-01,Galatasaray,Sivasspor,3,0,Super Lig,,Turkey,False
2018-01-01,Galatasaray,Trabzonspor,2,1,Super Lig,,Turkey,False
2018-01-01,Galatasaray,Yeni Malatyaspor,2,0,Super Lig,,Turkey,False
2018-01-01,Gençlerbirliği,Akhisar Belediyespor,1,1,Super Lig,,Turkey,False
2018-01-01,Gençlerbirliği,Alanyaspor,0,1,Super Lig,,Turkey,False
2018-01-01,Gençlerbirliği,Antalyaspor,0,1,Super Lig,,Turkey,False
2018-01-01,Gençlerbirliği,Başakşehir,1,0,Super Lig,,Turkey,False
2018-01-01,Gençlerbirliği,Beşiktaş,2,1,Super Lig,,Turkey,False
2018-01-01,Gençlerbirliği,Bursaspor,1,0,Super Lig,,Turkey,False
2018-01-01,Gençlerbirliği,Fenerbahçe,1,2,Super Lig,,Turkey,False
2018-01-01,Gençlerbirliği,Galatasaray,1,0,Super Lig,,Turkey,False
2018-01-01,Gençlerbirliği,Göztepe,3,0,Super Lig,,Turkey,False
2018-01-01,Gençlerbirliği,Kardemir Karabükspor,1,1,Super Lig,,Turkey,False
2018-01-01,Gençlerbirliği,Kasımpaşa,0,0,Super Lig,,Turkey,False
2018-01-01,Gençlerbirliği,Kayserispor,1,2,Super Lig,,Turkey,False
2018-01-01,Gençlerbirliği,Konyaspor,2,1,Super Lig,,Turkey,False
2018-01-01,Gençlerbirliği,Osmanlıspor,0,3,Super Lig,,Turkey,False
2018-01-01,Gençlerbirliği,Sivasspor,4,0,Super Lig,,Turkey,False
2018-01-01,Gençlerbirliği,Trabzonspor,0,0,Super Lig,,Turkey,False
2018-01-01,Gençlerbirliği,Yeni Malatyaspor,0,1,Super Lig,,Turkey,False
2018-01-01,Göztepe,Akhisar Belediyespor,2,0,Super Lig,,Turkey,False
2018-01-01,Göztepe,Alanyaspor,3,3,Super Lig,,Turkey,False
2018-01-01,Göztepe,Antalyaspor,2,1,Super Lig,,Turkey,False
2018-01-01,Göztepe,Başakşehir,1,2,Super Lig,,Turkey,False
2018-01-01,Göztepe,Beşiktaş,1,3,Super Lig,,Turkey,False
2018-01-01,Göztepe,Bursaspor,2,1,Super Lig,,Turkey,False
2018-01-01,Göztepe,Fenerbahçe,2,2,Super Lig,,Turkey,False
2018-01-01,Göztepe,Galatasaray,0,1,Super Lig,,Turkey,False
2018-01-01,Göztepe,Gençlerbirliği,3,2,Super Lig,,Turkey,False
2018-01-01,Göztepe,Kardemir Karabükspor,5,0,Super Lig,,Turkey,False
2018-01-01,Göztepe,Kasımpaşa,0,2,Super Lig,,Turkey,False
2018-01-01,Göztepe,Kayserispor,1,1,Super Lig,,Turkey,False
2018-01-01,Göztepe,Konyaspor,1,0,Super Lig,,Turkey,False
2018-01-01,Göztepe,Osmanlıspor,3,3,Super Lig,,Turkey,False
2018-01-01,Göztepe,Sivasspor,1,0,Super Lig,,Turkey,False
2018-01-01,Göztepe,Trabzonspor,3,2,Super Lig,,Turkey,False
2018-01-01,Göztepe,Yeni Malatyaspor,0,0,Super Lig,,Turkey,False
2018-01-01,Kardemir Karabükspor,Akhisar Belediyespor,0,3,Super Lig,,Turkey,False
2018-01-01,Kardemir Karabükspor,Alanyaspor,1,0,Super Lig,,Turkey,False
2018-01-01,Kardemir Karabükspor,Antalyaspor,1,2,Super Lig,,Turkey,False
2018-01-01,Kardemir Karabükspor,Başakşehir,3,1,Super Lig,,Turkey,False
2018-01-01,Kardemir Karabükspor,Beşiktaş,0,1,Super Lig,,Turkey,False
2018-01-01,Kardemir Karabükspor,Bursaspor,1,4,Super Lig,,Turkey,False
2018-01-01,Kardemir Karabükspor,Fenerbahçe,0,7,Super Lig,,Turkey,False
2018-01-01,Kardemir Karabükspor,Galatasaray,0,7,Super Lig,,Turkey,False
2018-01-01,Kardemir Karabükspor,Gençlerbirliği,0,2,Super Lig,,Turkey,False
2018-01-01,Kardemir Karabükspor,Göztepe,0,1,Super Lig,,Turkey,False
2018-01-01,Kardemir Karabükspor,Kasımpaşa,0,2,Super Lig,,Turkey,False
2018-01-01,Kardemir Karabükspor,Kayserispor,1,0,Super Lig,,Turkey,False
2018-01-01,Kardemir Karabükspor,Konyaspor,0,1,Super Lig,,Turkey,False
2018-01-01,Kardemir Karabükspor,Osmanlıspor,0,4,Super Lig,,Turkey,False
2018-01-01,Kardemir Karabükspor,Sivasspor,0,1,Super Lig,,Turkey,False
2018-01-01,Kardemir Karabükspor,Trabzonspor,1,1,Super Lig,,Turkey,False
2018-01-01,Kardemir Karabükspor,Yeni Malatyaspor,2,4,Super Lig,,Turkey,False
2018-01-01,Kasımpaşa,Akhisar Belediyespor,2,0,Super Lig,,Turkey,False
2018-01-01,Kasımpaşa,Alanyaspor,3,2,Super Lig,,Turkey,False
2018-01-01,Kasımpaşa,Antalyaspor,2,3,Super Lig,,Turkey,False
2018-01-01,Kasımpaşa,Başakşehir,1,2,Super Lig,,Turkey,False
2018-01-01,Kasımpaşa,Beşiktaş,2,2,Super Lig,,Turkey,False
2018-01-01,Kasımpaşa,Bursaspor,2,2,Super Lig,,Turkey,False
2018-01-01,Kasımpaşa,Fenerbahçe,1,4,Super Lig,,Turkey,False
2018-01-01,Kasımpaşa,Galatasaray,2,1,Super Lig,,Turkey,False
2018-01-01,Kasımpaşa,Gençlerbirliği,3,1,Super Lig,,Turkey,False
2018-01-01,Kasımpaşa,Göztepe,3,1,Super Lig,,Turkey,False
2018-01-01,Kasımpaşa,Kardemir Karabükspor,2,0,Super Lig,,Turkey,False
2018-01-01,Kasımpaşa,Kayserispor,1,1,Super Lig,,Turkey,False
2018-01-01,Kasımpaşa,Konyaspor,2,1,Super Lig,,Turkey,False
2018-01-01,Kasımpaşa,Osmanlıspor,1,1,Super Lig,,Turkey,False
2018-01-01,Kasımpaşa,Sivasspor,2,3,Super Lig,,Turkey,False
2018-01-01,Kasımpaşa,Trabzonspor,0,3,Super Lig,,Turkey,False
2018-01-01,Kasımpaşa,Yeni Malatyaspor,3,2,Super Lig,,Turkey,False
2018-01-01,Kayserispor,Akhisar Belediyespor,1,2,Super Lig,,Turkey,False
2018-01-01,Kayserispor,Alanyaspor,1,2,Super Lig,,Turkey,False
2018-01-01,Kayserispor,Antalyaspor,2,0,Super Lig,,Turkey,False
2018-01-01,Kayserispor,Başakşehir,1,1,Super Lig,,Turkey,False
2018-01-01,Kayserispor,Beşiktaş,1,1,Super Lig,,Turkey,False
2018-01-01,Kayserispor,Bursaspor,3,1,Super Lig,,Turkey,False
2018-01-01,Kayserispor,Fenerbahçe,0,5,Super Lig,,Turkey,False
2018-01-01,Kayserispor,Galatasaray,1,3,Super Lig,,Turkey,False
2018-01-01,Kayserispor,Gençlerbirliği,3,2,Super Lig,,Turkey,False
2018-01-01,Kayserispor,Göztepe,1,0,Super Lig,,Turkey,False
2018-01-01,Kayserispor,Kardemir Karabükspor,3,2,Super Lig,,Turkey,False
2018-01-01,Kayserispor,Kasımpaşa,3,2,Super Lig,,Turkey,False
2018-01-01,Kayserispor,Konyaspor,2,1,Super Lig,,Turkey,False
2018-01-01,Kayserispor,Osmanlıspor,2,2,Super Lig,,Turkey,False
2018-01-01,Kayserispor,Sivasspor,1,1,Super Lig,,Turkey,False
2018-01-01,Kayserispor,Trabzonspor,0,0,Super Lig,,Turkey,False
2018-01-01,Kayserispor,Yeni Malatyaspor,0,1,Super Lig,,Turkey,False
2018-01-01,Konyaspor,Akhisar Belediyespor,2,0,Super Lig,,Turkey,False
2018-01-01,Konyaspor,Alanyaspor,0,2,Super Lig,,Turkey,False
2018-01-01,Konyaspor,Antalyaspor,1,1,Super Lig,,Turkey,False
2018-01-01,Konyaspor,Başakşehir,1,1,Super Lig,,Turkey,False
2018-01-01,Konyaspor,Beşiktaş,1,1,Super Lig,,Turkey,False
2018-01-01,Konyaspor,Bursaspor,0,3,Super Lig,,Turkey,False
2018-01-01,Konyaspor,Fenerbahçe,1,1,Super Lig,,Turkey,False
2018-01-01,Konyaspor,Galatasaray,0,2,Super Lig,,Turkey,False
2018-01-01,Konyaspor,Gençlerbirliği,3,0,Super Lig,,Turkey,False
2018-01-01,Konyaspor,Göztepe,1,1,Super Lig,,Turkey,False
2018-01-01,Konyaspor,Kardemir Karabükspor,2,0,Super Lig,,Turkey,False
2018-01-01,Konyaspor,Kasımpaşa,2,0,Super Lig,,Turkey,False
2018-01-01,Konyaspor,Osmanlıspor,1,0,Super Lig,,Turkey,False
2018-01-01,Konyaspor,Kayserispor,2,0,Super Lig,,Turkey,False
2018-01-01,Konyaspor,Sivasspor,5,0,Super Lig,,Turkey,False
2018-01-01,Konyaspor,Trabzonspor,2,2,Super Lig,,Turkey,False
2018-01-01,Konyaspor,Yeni Malatyaspor,0,1,Super Lig,,Turkey,False
2018-01-01,Osmanlıspor,Akhisar Belediyespor,3,2,Super Lig,,Turkey,False
2018-01-01,Osmanlıspor,Alanyaspor,3,0,Super Lig,,Turkey,False
2018-01-01,Osmanlıspor,Antalyaspor,0,0,Super Lig,,Turkey,False
2018-01-01,Osmanlıspor,Başakşehir,1,4,Super Lig,,Turkey,False
2018-01-01,Osmanlıspor,Beşiktaş,2,3,Super Lig,,Turkey,False
2018-01-01,Osmanlıspor,Bursaspor,2,1,Super Lig,,Turkey,False
2018-01-01,Osmanlıspor,Fenerbahçe,1,1,Super Lig,,Turkey,False
2018-01-01,Osmanlıspor,Galatasaray,1,3,Super Lig,,Turkey,False
2018-01-01,Osmanlıspor,Gençlerbirliği,2,0,Super Lig,,Turkey,False
2018-01-01,Osmanlıspor,Göztepe,0,2,Super Lig,,Turkey,False
2018-01-01,Osmanlıspor,Kardemir Karabükspor,3,0,Super Lig,,Turkey,False
2018-01-01,Osmanlıspor,Kasımpaşa,3,0,Super Lig,,Turkey,False
2018-01-01,Osmanlıspor,Kayserispor,0,1,Super Lig,,Turkey,False
2018-01-01,Osmanlıspor,Konyaspor,0,0,Super Lig,,Turkey,False
2018-01-01,Osmanlıspor,Sivasspor,2,4,Super Lig,,Turkey,False
2018-01-01,Osmanlıspor,Trabzonspor,3,3,Super Lig,,Turkey,False
2018-01-01,Osmanlıspor,Yeni Malatyaspor,0,0,Super Lig,,Turkey,False
2018-01-01,Sivasspor,Akhisar Belediyespor,1,1,Super Lig,,Turkey,False
2018-01-01,Sivasspor,Alanyaspor,2,2,Super Lig,,Turkey,False
2018-01-01,Sivasspor,Antalyaspor,3,1,Super Lig,,Turkey,False
2018-01-01,Sivasspor,Başakşehir,1,0,Super Lig,,Turkey,False
2018-01-01,Sivasspor,Beşiktaş,2,1,Super Lig,,Turkey,False
2018-01-01,Sivasspor,Bursaspor,0,0,Super Lig,,Turkey,False
2018-01-01,Sivasspor,Fenerbahçe,1,2,Super Lig,,Turkey,False
2018-01-01,Sivasspor,Galatasaray,2,1,Super Lig,,Turkey,False
2018-01-01,Sivasspor,Gençlerbirliği,1,0,Super Lig,,Turkey,False
2018-01-01,Sivasspor,Göztepe,2,3,Super Lig,,Turkey,False
2018-01-01,Sivasspor,Kardemir Karabükspor,1,0,Super Lig,,Turkey,False
2018-01-01,Sivasspor,Kasımpaşa,2,2,Super Lig,,Turkey,False
2018-01-01,Sivasspor,Kayserispor,0,2,Super Lig,,Turkey,False
2018-01-01,Sivasspor,Konyaspor,2,1,Super Lig,,Turkey,False
2018-01-01,Sivasspor,Osmanlıspor,3,2,Super Lig,,Turkey,False
2018-01-01,Sivasspor,Trabzonspor,1,2,Super Lig,,Turkey,False
2018-01-01,Sivasspor,Yeni Malatyaspor,2,0,Super Lig,,Turkey,False
2018-01-01,Trabzonspor,Akhisar Belediyespor,1,6,Super Lig,,Turkey,False
2018-01-01,Trabzonspor,Alanyaspor,3,4,Super Lig,,Turkey,False
2018-01-01,Trabzonspor,Antalyaspor,3,0,Super Lig,,Turkey,False
2018-01-01,Trabzonspor,Başakşehir,0,1,Super Lig,,Turkey,False
2018-01-01,Trabzonspor,Beşiktaş,0,2,Super Lig,,Turkey,False
2018-01-01,Trabzonspor,Bursaspor,1,0,Super Lig,,Turkey,False
2018-01-01,Trabzonspor,Fenerbahçe,1,1,Super Lig,,Turkey,False
2018-01-01,Trabzonspor,Galatasaray,2,1,Super Lig,,Turkey,False
2018-01-01,Trabzonspor,Gençlerbirliği,3,1,Super Lig,,Turkey,False
2018-01-01,Trabzonspor,Göztepe,0,0,Super Lig,,Turkey,False
2018-01-01,Trabzonspor,Kardemir Karabükspor,3,0,Super Lig,,Turkey,False
2018-01-01,Trabzonspor,Kasımpaşa,2,5,Super Lig,,Turkey,False
2018-01-01,Trabzonspor,Kayserispor,4,0,Super Lig,,Turkey,False
2018-01-01,Trabzonspor,Konyaspor,2,1,Super Lig,,Turkey,False
2018-01-01,Trabzonspor,Osmanlıspor,4,3,Super Lig,,Turkey,False
2018-01-01,Trabzonspor,Sivasspor,0,2,Super Lig,,Turkey,False
2018-01-01,Trabzonspor,Yeni Malatyaspor,4,1,Super Lig,,Turkey,False
2018-01-01,Yeni Malatyaspor,Akhisar Belediyespor,0,0,Super Lig,,Turkey,False
2018-01-01,Yeni Malatyaspor,Alanyaspor,1,1,Super Lig,,Turkey,False
2018-01-01,Yeni Malatyaspor,Antalyaspor,1,1,Super Lig,,Turkey,False
2018-01-01,Yeni Malatyaspor,Başakşehir,0,2,Super Lig,,Turkey,False
2018-01-01,Yeni Malatyaspor,Beşiktaş,0,0,Super Lig,,Turkey,False
2018-01-01,Yeni Malatyaspor,Bursaspor,2,4,Super Lig,,Turkey,False
2018-01-01,Yeni Malatyaspor,Fenerbahçe,0,2,Super Lig,,Turkey,False
2018-01-01,Yeni Malatyaspor,Galatasaray,2,1,Super Lig,,Turkey,False
2018-01-01,Yeni Malatyaspor,Gençlerbirliği,4,1,Super Lig,,Turkey,False
2018-01-01,Yeni Malatyaspor,Göztepe,2,3,Super Lig,,Turkey,False
2018-01-01,Yeni Malatyaspor,Kardemir Karabükspor,3,1,Super Lig,,Turkey,False
2018-01-01,Yeni Malatyaspor,Kasımpaşa,1,1,Super Lig,,Turkey,False
2018-01-01,Yeni Malatyaspor,Kayserispor,3,2,Super Lig,,Turkey,False
2018-01-01,Yeni Malatyaspor,Konyaspor,1,1,Super Lig,,Turkey,False
2018-01-01,Yeni Malatyaspor,Osmanlıspor,3,1,Super Lig,,Turkey,False
2018-01-01,Yeni Malatyaspor,Sivasspor,1,0,Super Lig,,Turkey,False
2018-01-01,Yeni Malatyaspor,Trabzonspor,1,0,Super Lig,,Turkey,False
2019-01-01,Akhisarspor,Alanyaspor,3,1,Super Lig,,Turkey,False
2019-01-01,Akhisarspor,Ankaragücü,1,1,Super Lig,,Turkey,False
2019-01-01,Akhisarspor,Antalyaspor,1,2,Super Lig,,Turkey,False
2019-01-01,Akhisarspor,Beşiktaş,0,3,Super Lig,,Turkey,False
2019-01-01,Akhisarspor,Bursaspor,2,4,Super Lig,,Turkey,False
2019-01-01,Akhisarspor,Rizespor,1,1,Super Lig,,Turkey,False
2019-01-01,Akhisarspor,Erzurumspor,1,1,Super Lig,,Turkey,False
2019-01-01,Akhisarspor,Fenerbahçe,3,0,Super Lig,,Turkey,False
2019-01-01,Akhisarspor,Galatasaray,3,0,Super Lig,,Turkey,False
2019-01-01,Akhisarspor,Göztepe,1,0,Super Lig,,Turkey,False
2019-01-01,Akhisarspor,Başakşehir,0,3,Super Lig,,Turkey,False
2019-01-01,Akhisarspor,Kasımpaşa,2,3,Super Lig,,Turkey,False
2019-01-01,Akhisarspor,Kayserispor,2,2,Super Lig,,Turkey,False
2019-01-01,Akhisarspor,Konyaspor,0,0,Super Lig,,Turkey,False
2019-01-01,Akhisarspor,Sivasspor,1,1,Super Lig,,Turkey,False
2019-01-01,Akhisarspor,Trabzonspor,1,3,Super Lig,,Turkey,False
2019-01-01,Akhisarspor,Yeni Malatyaspor,0,2,Super Lig,,Turkey,False
2019-01-01,Alanyaspor,Akhisarspor,2,1,Super Lig,,Turkey,False
2019-01-01,Alanyaspor,Ankaragücü,0,2,Super Lig,,Turkey,False
2019-01-01,Alanyaspor,Antalyaspor,0,1,Super Lig,,Turkey,False
2019-01-01,Alanyaspor,Beşiktaş,0,0,Super Lig,,Turkey,False
2019-01-01,Alanyaspor,Bursaspor,1,0,Super Lig,,Turkey,False
2019-01-01,Alanyaspor,Rizespor,1,1,Super Lig,,Turkey,False
2019-01-01,Alanyaspor,Erzurumspor,2,1,Super Lig,,Turkey,False
2019-01-01,Alanyaspor,Fenerbahçe,1,0,Super Lig,,Turkey,False
2019-01-01,Alanyaspor,Galatasaray,1,1,Super Lig,,Turkey,False
2019-01-01,Alanyaspor,Göztepe,1,0,Super Lig,,Turkey,False
2019-01-01,Alanyaspor,Başakşehir,1,1,Super Lig,,Turkey,False
2019-01-01,Alanyaspor,Kasımpaşa,3,0,Super Lig,,Turkey,False
2019-01-01,Alanyaspor,Kayserispor,5,0,Super Lig,,Turkey,False
2019-01-01,Alanyaspor,Konyaspor,2,4,Super Lig,,Turkey,False
2019-01-01,Alanyaspor,Sivasspor,2,0,Super Lig,,Turkey,False
2019-01-01,Alanyaspor,Trabzonspor,1,0,Super Lig,,Turkey,False
2019-01-01,Alanyaspor,Yeni Malatyaspor,0,1,Super Lig,,Turkey,False
2019-01-01,Ankaragücü,Akhisarspor,1,0,Super Lig,,Turkey,False
2019-01-01,Ankaragücü,Alanyaspor,0,2,Super Lig,,Turkey,False
2019-01-01,Ankaragücü,Antalyaspor,0,1,Super Lig,,Turkey,False
2019-01-01,Ankaragücü,Beşiktaş,1,4,Super Lig,,Turkey,False
2019-01-01,Ankaragücü,Bursaspor,0,0,Super Lig,,Turkey,False
2019-01-01,Ankaragücü,Rizespor,2,2,Super Lig,,Turkey,False
2019-01-01,Ankaragücü,Erzurumspor,2,1,Super Lig,,Turkey,False
2019-01-01,Ankaragücü,Fenerbahçe,1,1,Super Lig,,Turkey,False
2019-01-01,Ankaragücü,Galatasaray,1,3,Super Lig,,Turkey,False
2019-01-01,Ankaragücü,Göztepe,0,3,Super Lig,,Turkey,False
2019-01-01,Ankaragücü,Başakşehir,0,1,Super Lig,,Turkey,False
2019-01-01,Ankaragücü,Kasımpaşa,3,0,Super Lig,,Turkey,False
2019-01-01,Ankaragücü,Kayserispor,3,1,Super Lig,,Turkey,False
2019-01-01,Ankaragücü,Konyaspor,0,0,Super Lig,,Turkey,False
2019-01-01,Ankaragücü,Sivasspor,3,1,Super Lig,,Turkey,False
2019-01-01,Ankaragücü,Trabzonspor,2,2,Super Lig,,Turkey,False
2019-01-01,Ankaragücü,Yeni Malatyaspor,1,0,Super Lig,,Turkey,False
2019-01-01,Antalyaspor,Akhisarspor,1,2,Super Lig,,Turkey,False
2019-01-01,Antalyaspor,Alanyaspor,3,0,Super Lig,,Turkey,False
2019-01-01,Antalyaspor,Ankaragücü,2,4,Super Lig,,Turkey,False
2019-01-01,Antalyaspor,Beşiktaş,2,6,Super Lig,,Turkey,False
2019-01-01,Antalyaspor,Bursaspor,0,1,Super Lig,,Turkey,False
2019-01-01,Antalyaspor,Rizespor,2,1,Super Lig,,Turkey,False
2019-01-01,Antalyaspor,Erzurumspor,1,1,Super Lig,,Turkey,False
2019-01-01,Antalyaspor,Fenerbahçe,0,0,Super Lig,,Turkey,False
2019-01-01,Antalyaspor,Galatasaray,0,1,Super Lig,,Turkey,False
2019-01-01,Antalyaspor,Göztepe,1,0,Super Lig,,Turkey,False
2019-01-01,Antalyaspor,Başakşehir,0,1,Super Lig,,Turkey,False
2019-01-01,Antalyaspor,Kasımpaşa,1,0,Super Lig,,Turkey,False
2019-01-01,Antalyaspor,Kayserispor,0,0,Super Lig,,Turkey,False
2019-01-01,Antalyaspor,Konyaspor,3,3,Super Lig,,Turkey,False
2019-01-01,Antalyaspor,Sivasspor,2,1,Super Lig,,Turkey,False
2019-01-01,Antalyaspor,Trabzonspor,1,1,Super Lig,,Turkey,False
2019-01-01,Antalyaspor,Yeni Malatyaspor,3,0,Super Lig,,Turkey,False
2019-01-01,Beşiktaş,Akhisarspor,2,1,Super Lig,,Turkey,False
2019-01-01,Beşiktaş,Alanyaspor,2,1,Super Lig,,Turkey,False
2019-01-01,Beşiktaş,Ankaragücü,4,1,Super Lig,,Turkey,False
2019-01-01,Beşiktaş,Antalyaspor,2,3,Super Lig,,Turkey,False
2019-01-01,Beşiktaş,Bursaspor,2,0,Super Lig,,Turkey,False
2019-01-01,Beşiktaş,Rizespor,4,1,Super Lig,,Turkey,False
2019-01-01,Beşiktaş,Erzurumspor,1,1,Super Lig,,Turkey,False
2019-01-01,Beşiktaş,Göztepe,1,0,Super Lig,,Turkey,False
2019-01-01,Beşiktaş,Başakşehir,2,1,Super Lig,,Turkey,False
2019-01-01,Beşiktaş,Kasımpaşa,3,2,Super Lig,,Turkey,False
2019-01-01,Beşiktaş,Kayserispor,2,0,Super Lig,,Turkey,False
2019-01-01,Beşiktaş,Konyaspor,3,2,Super Lig,,Turkey,False
2019-01-01,Beşiktaş,Sivasspor,1,2,Super Lig,,Turkey,False
2019-01-01,Beşiktaş,Trabzonspor,2,2,Super Lig,,Turkey,False
2019-01-01,Beşiktaş,Yeni Malatyaspor,2,1,Super Lig,,Turkey,False
2019-01-01,Bursaspor,Akhisarspor,0,0,Super Lig,,Turkey,False
2019-01-01,Bursaspor,Alanyaspor,2,0,Super Lig,,Turkey,False
2019-01-01,Bursaspor,Ankaragücü,1,0,Super Lig,,Turkey,False
2019-01-01,Bursaspor,Antalyaspor,0,2,Super Lig,,Turkey,False
2019-01-01,Bursaspor,Beşiktaş,1,1,Super Lig,,Turkey,False
2019-01-01,Bursaspor,Rizespor,0,2,Super Lig,,Turkey,False
2019-01-01,Bursaspor,Erzurumspor,2,1,Super Lig,,Turkey,False
2019-01-01,Bursaspor,Fenerbahçe,1,1,Super Lig,,Turkey,False
2019-01-01,Bursaspor,Galatasaray,2,3,Super Lig,,Turkey,False
2019-01-01,Bursaspor,Göztepe,0,0,Super Lig,,Turkey,False
2019-01-01,Bursaspor,Başakşehir,0,0,Super Lig,,Turkey,False
2019-01-01,Bursaspor,Kasımpaşa,1,2,Super Lig,,Turkey,False
2019-01-01,Bursaspor,Kayserispor,0,0,Super Lig,,Turkey,False
2019-01-01,Bursaspor,Konyaspor,0,0,Super Lig,,Turkey,False
2019-01-01,Bursaspor,Sivasspor,3,2,Super Lig,,Turkey,False
2019-01-01,Bursaspor,Trabzonspor,0,1,Super Lig,,Turkey,False
2019-01-01,Bursaspor,Yeni Malatyaspor,1,1,Super Lig,,Turkey,False
2019-01-01,Rizespor,Akhisarspor,3,1,Super Lig,,Turkey,False
2019-01-01,Rizespor,Alanyaspor,1,1,Super Lig,,Turkey,False
2019-01-01,Rizespor,Ankaragücü,1,1,Super Lig,,Turkey,False
2019-01-01,Rizespor,Antalyaspor,1,1,Super Lig,,Turkey,False
2019-01-01,Rizespor,Beşiktaş,2,7,Super Lig,,Turkey,False
2019-01-01,Rizespor,Bursaspor,1,1,Super Lig,,Turkey,False
2019-01-01,Rizespor,Erzurumspor,0,0,Super Lig,,Turkey,False
2019-01-01,Rizespor,Fenerbahçe,3,0,Super Lig,,Turkey,False
2019-01-01,Rizespor,Galatasaray,2,3,Super Lig,,Turkey,False
2019-01-01,Rizespor,Göztepe,1,0,Super Lig,,Turkey,False
2019-01-01,Rizespor,Başakşehir,1,2,Super Lig,,Turkey,False
2019-01-01,Rizespor,Kasımpaşa,2,3,Super Lig,,Turkey,False
2019-01-01,Rizespor,Kayserispor,3,0,Super Lig,,Turkey,False
2019-01-01,Rizespor,Konyaspor,1,1,Super Lig,,Turkey,False
2019-01-01,Rizespor,Sivasspor,0,0,Super Lig,,Turkey,False
2019-01-01,Rizespor,Trabzonspor,2,3,Super Lig,,Turkey,False
2019-01-01,Rizespor,Yeni Malatyaspor,3,0,Super Lig,,Turkey,False
2019-01-01,Erzurumspor,Akhisarspor,2,1,Super Lig,,Turkey,False
2019-01-01,Erzurumspor,Alanyaspor,1,0,Super Lig,,Turkey,False
2019-01-01,Erzurumspor,Ankaragücü,0,1,Super Lig,,Turkey,False
2019-01-01,Erzurumspor,Antalyaspor,1,0,Super Lig,,Turkey,False
2019-01-01,Erzurumspor,Beşiktaş,1,3,Super Lig,,Turkey,False
2019-01-01,Erzurumspor,Bursaspor,2,0,Super Lig,,Turkey,False
2019-01-01,Erzurumspor,Rizespor,0,1,Super Lig,,Turkey,False
2019-01-01,Erzurumspor,Fenerbahçe,0,1,Super Lig,,Turkey,False
2019-01-01,Erzurumspor,Galatasaray,1,1,Super Lig,,Turkey,False
2019-01-01,Erzurumspor,Göztepe,2,1,Super Lig,,Turkey,False
2019-01-01,Erzurumspor,Başakşehir,0,1,Super Lig,,Turkey,False
2019-01-01,Erzurumspor,Kasımpaşa,1,1,Super Lig,,Turkey,False
2019-01-01,Erzurumspor,Kayserispor,1,1,Super Lig,,Turkey,False
2019-01-01,Erzurumspor,Konyaspor,1,2,Super Lig,,Turkey,False
2019-01-01,Erzurumspor,Sivasspor,4,2,Super Lig,,Turkey,False
2019-01-01,Erzurumspor,Trabzonspor,0,1,Super Lig,,Turkey,False
2019-01-01,Erzurumspor,Yeni Malatyaspor,1,3,Super Lig,,Turkey,False
2019-01-01,Fenerbahçe,Akhisarspor,2,1,Super Lig,,Turkey,False
2019-01-01,Fenerbahçe,Alanyaspor,2,0,Super Lig,,Turkey,False
2019-01-01,Fenerbahçe,Ankaragücü,1,3,Super Lig,,Turkey,False
2019-01-01,Fenerbahçe,Antalyaspor,3,1,Super Lig,,Turkey,False
2019-01-01,Fenerbahçe,Bursaspor,2,1,Super Lig,,Turkey,False
2019-01-01,Fenerbahçe,Rizespor,3,2,Super Lig,,Turkey,False
2019-01-01,Fenerbahçe,Erzurumspor,2,2,Super Lig,,Turkey,False
2019-01-01,Fenerbahçe,Göztepe,2,0,Super Lig,,Turkey,False
2019-01-01,Fenerbahçe,Başakşehir,0,0,Super Lig,,Turkey,False
2019-01-01,Fenerbahçe,Kasımpaşa,2,2,Super Lig,,Turkey,False
2019-01-01,Fenerbahçe,Kayserispor,2,3,Super Lig,,Turkey,False
2019-01-01,Fenerbahçe,Konyaspor,1,1,Super Lig,,Turkey,False
2019-01-01,Fenerbahçe,Sivasspor,2,1,Super Lig,,Turkey,False
2019-01-01,Fenerbahçe,Trabzonspor,1,1,Super Lig,,Turkey,False
2019-01-01,Fenerbahçe,Yeni Malatyaspor,3,2,Super Lig,,Turkey,False
2019-01-01,Galatasaray,Akhisarspor,1,0,Super Lig,,Turkey,False
2019-01-01,Galatasaray,Alanyaspor,6,0,Super Lig,,Turkey,False
2019-01-01,Galatasaray,Ankaragücü,6,0,Super Lig,,Turkey,False
2019-01-01,Galatasaray,Antalyaspor,5,0,Super Lig,,Turkey,False
2019-01-01,Galatasaray,Bursaspor,1,1,Super Lig,,Turkey,False
2019-01-01,Galatasaray,Rizespor,2,2,Super Lig,,Turkey,False
2019-01-01,Galatasaray,Erzurumspor,1,0,Super Lig,,Turkey,False
2019-01-01,Galatasaray,Göztepe,1,0,Super Lig,,Turkey,False
2019-01-01,Galatasaray,Başakşehir,2,1,Super Lig,,Turkey,False
2019-01-01,Galatasaray,Kasımpaşa,4,1,Super Lig,,Turkey,False
2019-01-01,Galatasaray,Kayserispor,3,1,Super Lig,,Turkey,False
2019-01-01,Galatasaray,Konyaspor,1,1,Super Lig,,Turkey,False
2019-01-01,Galatasaray,Sivasspor,4,2,Super Lig,,Turkey,False
2019-01-01,Galatasaray,Trabzonspor,3,1,Super Lig,,Turkey,False
2019-01-01,Galatasaray,Yeni Malatyaspor,3,0,Super Lig,,Turkey,False
2019-01-01,Göztepe,Akhisarspor,0,1,Super Lig,,Turkey,False
2019-01-01,Göztepe,Alanyaspor,3,2,Super Lig,,Turkey,False
2019-01-01,Göztepe,Ankaragücü,2,1,Super Lig,,Turkey,False
2019-01-01,Göztepe,Antalyaspor,4,1,Super Lig,,Turkey,False
2019-01-01,Göztepe,Beşiktaş,2,0,Super Lig,,Turkey,False
2019-01-01,Göztepe,Bursaspor,0,0,Super Lig,,Turkey,False
2019-01-01,Göztepe,Rizespor,2,0,Super Lig,,Turkey,False
2019-01-01,Göztepe,Erzurumspor,0,1,Super Lig,,Turkey,False
2019-01-01,Göztepe,Fenerbahçe,1,0,Super Lig,,Turkey,False
2019-01-01,Göztepe,Galatasaray,0,1,Super Lig,,Turkey,False
2019-01-01,Göztepe,Başakşehir,0,2,Super Lig,,Turkey,False
2019-01-01,Göztepe,Kasımpaşa,0,0,Super Lig,,Turkey,False
2019-01-01,Göztepe,Kayserispor,2,0,Super Lig,,Turkey,False
2019-01-01,Göztepe,Konyaspor,3,2,Super Lig,,Turkey,False
2019-01-01,Göztepe,Sivasspor,3,3,Super Lig,,Turkey,False
2019-01-01,Göztepe,Trabzonspor,1,3,Super Lig,,Turkey,False
2019-01-01,Göztepe,Yeni Malatyaspor,1,3,Super Lig,,Turkey,False
2019-01-01,Başakşehir,Akhisarspor,3,1,Super Lig,,Turkey,False
2019-01-01,Başakşehir,Alanyaspor,1,1,Super Lig,,Turkey,False
2019-01-01,Başakşehir,Ankaragücü,2,1,Super Lig,,Turkey,False
2019-01-01,Başakşehir,Antalyaspor,4,0,Super Lig,,Turkey,False
2019-01-01,Başakşehir,Beşiktaş,1,0,Super Lig,,Turkey,False
2019-01-01,Başakşehir,Bursaspor,3,0,Super Lig,,Turkey,False
2019-01-01,Başakşehir,Rizespor,1,1,Super Lig,,Turkey,False
2019-01-01,Başakşehir,Erzurumspor,1,1,Super Lig,,Turkey,False
2019-01-01,Başakşehir,Fenerbahçe,2,1,Super Lig,,Turkey,False
2019-01-01,Başakşehir,Galatasaray,1,1,Super Lig,,Turkey,False
2019-01-01,Başakşehir,Göztepe,0,2,Super Lig,,Turkey,False
2019-01-01,Başakşehir,Kasımpaşa,2,0,Super Lig,,Turkey,False
2019-01-01,Başakşehir,Kayserispor,1,0,Super Lig,,Turkey,False
2019-01-01,Başakşehir,Konyaspor,2,0,Super Lig,,Turkey,False
2019-01-01,Başakşehir,Sivasspor,0,1,Super Lig,,Turkey,False
2019-01-01,Başakşehir,Trabzonspor,2,0,Super Lig,,Turkey,False
2019-01-01,Başakşehir,Yeni Malatyaspor,1,1,Super Lig,,Turkey,False
2019-01-01,Kasımpaşa,Akhisarspor,5,0,Super Lig,,Turkey,False
2019-01-01,Kasımpaşa,Alanyaspor,1,2,Super Lig,,Turkey,False
2019-01-01,Kasımpaşa,Ankaragücü,2,1,Super Lig,,Turkey,False
2019-01-01,Kasımpaşa,Antalyaspor,1,2,Super Lig,,Turkey,False
2019-01-01,Kasımpaşa,Beşiktaş,4,1,Super Lig,,Turkey,False
2019-01-01,Kasımpaşa,Bursaspor,1,1,Super Lig,,Turkey,False
2019-01-01,Kasımpaşa,Rizespor,0,1,Super Lig,,Turkey,False
2019-01-01,Kasımpaşa,Erzurumspor,2,1,Super Lig,,Turkey,False
2019-01-01,Kasımpaşa,Fenerbahçe,1,3,Super Lig,,Turkey,False
2019-01-01,Kasımpaşa,Galatasaray,1,4,Super Lig,,Turkey,False
2019-01-01,Kasımpaşa,Göztepe,3,1,Super Lig,,Turkey,False
2019-01-01,Kasımpaşa,Başakşehir,2,1,Super Lig,,Turkey,False
2019-01-01,Kasımpaşa,Kayserispor,0,3,Super Lig,,Turkey,False
2019-01-01,Kasımpaşa,Konyaspor,1,1,Super Lig,,Turkey,False
2019-01-01,Kasımpaşa,Sivasspor,1,3,Super Lig,,Turkey,False
2019-01-01,Kasımpaşa,Trabzonspor,2,2,Super Lig,,Turkey,False
2019-01-01,Kasımpaşa,Yeni Malatyaspor,3,0,Super Lig,,Turkey,False
2019-01-01,Kayserispor,Akhisarspor,1,0,Super Lig,,Turkey,False
2019-01-01,Kayserispor,Alanyaspor,1,1,Super Lig,,Turkey,False
2019-01-01,Kayserispor,Ankaragücü,0,2,Super Lig,,Turkey,False
2019-01-01,Kayserispor,Antalyaspor,2,0,Super Lig,,Turkey,False
2019-01-01,Kayserispor,Beşiktaş,2,2,Super Lig,,Turkey,False
2019-01-01,Kayserispor,Bursaspor,1,1,Super Lig,,Turkey,False
2019-01-01,Kayserispor,Rizespor,2,2,Super Lig,,Turkey,False
2019-01-01,Kayserispor,Erzurumspor,0,2,Super Lig,,Turkey,False
2019-01-01,Kayserispor,Fenerbahçe,1,0,Super Lig,,Turkey,False
2019-01-01,Kayserispor,Galatasaray,0,3,Super Lig,,Turkey,False
2019-01-01,Kayserispor,Göztepe,2,1,Super Lig,,Turkey,False
2019-01-01,Kayserispor,Başakşehir,1,1,Super Lig,,Turkey,False
2019-01-01,Kayserispor,Kasımpaşa,2,1,Super Lig,,Turkey,False
2019-01-01,Kayserispor,Konyaspor,0,2,Super Lig,,Turkey,False
2019-01-01,Kayserispor,Sivasspor,2,0,Super Lig,,Turkey,False
2019-01-01,Kayserispor,Trabzonspor,0,2,Super Lig,,Turkey,False
2019-01-01,Kayserispor,Yeni Malatyaspor,0,0,Super Lig,,Turkey,False
2019-01-01,Konyaspor,Akhisarspor,0,0,Super Lig,,Turkey,False
2019-01-01,Konyaspor,Alanyaspor,2,0,Super Lig,,Turkey,False
2019-01-01,Konyaspor,Ankaragücü,2,0,Super Lig,,Turkey,False
2019-01-01,Konyaspor,Antalyaspor,2,0,Super Lig,,Turkey,False
2019-01-01,Konyaspor,Beşiktaş,2,2,Super Lig,,Turkey,False
2019-01-01,Konyaspor,Bursaspor,1,1,Super Lig,,Turkey,False
2019-01-01,Konyaspor,Rizespor,0,2,Super Lig,,Turkey,False
2019-01-01,Konyaspor,Erzurumspor,3,2,Super Lig,,Turkey,False
2019-01-01,Konyaspor,Fenerbahçe,0,1,Super Lig,,Turkey,False
2019-01-01,Konyaspor,Galatasaray,0,0,Super Lig,,Turkey,False
2019-01-01,Konyaspor,Göztepe,1,1,Super Lig,,Turkey,False
2019-01-01,Konyaspor,Başakşehir,0,1,Super Lig,,Turkey,False
2019-01-01,Konyaspor,Kasımpaşa,3,2,Super Lig,,Turkey,False
2019-01-01,Konyaspor,Kayserispor,0,1,Super Lig,,Turkey,False
2019-01-01,Konyaspor,Sivasspor,1,1,Super Lig,,Turkey,False
2019-01-01,Konyaspor,Trabzonspor,2,2,Super Lig,,Turkey,False
2019-01-01,Konyaspor,Yeni Malatyaspor,1,1,Super Lig,,Turkey,False
2019-01-01,Sivasspor,Akhisarspor,2,1,Super Lig,,Turkey,False
2019-01-01,Sivasspor,Alanyaspor,1,0,Super Lig,,Turkey,False
2019-01-01,Sivasspor,Ankaragücü,4,0,Super Lig,,Turkey,False
2019-01-01,Sivasspor,Antalyaspor,1,2,Super Lig,,Turkey,False
2019-01-01,Sivasspor,Beşiktaş,1,2,Super Lig,,Turkey,False
2019-01-01,Sivasspor,Bursaspor,2,0,Super Lig,,Turkey,False
2019-01-01,Sivasspor,Rizespor,1,1,Super Lig,,Turkey,False
2019-01-01,Sivasspor,Erzurumspor,2,2,Super Lig,,Turkey,False
2019-01-01,Sivasspor,Fenerbahçe,0,0,Super Lig,,Turkey,False
2019-01-01,Sivasspor,Galatasaray,4,3,Super Lig,,Turkey,False
2019-01-01,Sivasspor,Göztepe,2,0,Super Lig,,Turkey,False
2019-01-01,Sivasspor,Başakşehir,0,0,Super Lig,,Turkey,False
2019-01-01,Sivasspor,Kasımpaşa,0,3,Super Lig,,Turkey,False
2019-01-01,Sivasspor,Kayserispor,1,3,Super Lig,,Turkey,False
2019-01-01,Sivasspor,Konyaspor,0,0,Super Lig,,Turkey,False
2019-01-01,Sivasspor,Trabzonspor,1,1,Super Lig,,Turkey,False
2019-01-01,Sivasspor,Yeni Malatyaspor,2,0,Super Lig,,Turkey,False
2019-01-01,Trabzonspor,Akhisarspor,2,1,Super Lig,,Turkey,False
2019-01-01,Trabzonspor,Alanyaspor,0,2,Super Lig,,Turkey,False
2019-01-01,Trabzonspor,Ankaragücü,1,0,Super Lig,,Turkey,False
2019-01-01,Trabzonspor,Antalyaspor,4,1,Super Lig,,Turkey,False
2019-01-01,Trabzonspor,Beşiktaş,2,1,Super Lig,,Turkey,False
2019-01-01,Trabzonspor,Bursaspor,1,1,Super Lig,,Turkey,False
2019-01-01,Trabzonspor,Rizespor,4,1,Super Lig,,Turkey,False
2019-01-01,Trabzonspor,Erzurumspor,0,0,Super Lig,,Turkey,False
2019-01-01,Trabzonspor,Fenerbahçe,2,1,Super Lig,,Turkey,False
2019-01-01,Trabzonspor,Galatasaray,4,0,Super Lig,,Turkey,False
2019-01-01,Trabzonspor,Göztepe,1,2,Super Lig,,Turkey,False
2019-01-01,Trabzonspor,Başakşehir,2,4,Super Lig,,Turkey,False
2019-01-01,Trabzonspor,Kasımpaşa,4,2,Super Lig,,Turkey,False
2019-01-01,Trabzonspor,Kayserispor,4,2,Super Lig,,Turkey,False
2019-01-01,Trabzonspor,Konyaspor,3,0,Super Lig,,Turkey,False
2019-01-01,Trabzonspor,Sivasspor,3,1,Super Lig,,Turkey,False
2019-01-01,Trabzonspor,Yeni Malatyaspor,2,1,Super Lig,,Turkey,False
2019-01-01,Yeni Malatyaspor,Akhisarspor,1,1,Super Lig,,Turkey,False
2019-01-01,Yeni Malatyaspor,Alanyaspor,1,1,Super Lig,,Turkey,False
2019-01-01,Yeni Malatyaspor,Ankaragücü,3,1,Super Lig,,Turkey,False
2019-01-01,Yeni Malatyaspor,Antalyaspor,2,0,Super Lig,,Turkey,False
2019-01-01,Yeni Malatyaspor,Beşiktaş,1,2,Super Lig,,Turkey,False
2019-01-01,Yeni Malatyaspor,Bursaspor,1,2,Super Lig,,Turkey,False
2019-01-01,Yeni Malatyaspor,Rizespor,1,0,Super Lig,,Turkey,False
2019-01-01,Yeni Malatyaspor,Erzurumspor,3,1,Super Lig,,Turkey,False
2019-01-01,Yeni Malatyaspor,Fenerbahçe,1,0,Super Lig,,Turkey,False
2019-01-01,Yeni Malatyaspor,Galatasaray,2,0,Super Lig,,Turkey,False
2019-01-01,Yeni Malatyaspor,Göztepe,3,2,Super Lig,,Turkey,False
2019-01-01,Yeni Malatyaspor,Başakşehir,0,2,Super Lig,,Turkey,False
2019-01-01,Yeni Malatyaspor,Kasımpaşa,2,1,Super Lig,,Turkey,False
2019-01-01,Yeni Malatyaspor,Kayserispor,1,1,Super Lig,,Turkey,False
2019-01-01,Yeni Malatyaspor,Konyaspor,0,1,Super Lig,,Turkey,False
2019-01-01,Yeni Malatyaspor,Sivasspor,4,4,Super Lig,,Turkey,False
2019-01-01,Yeni Malatyaspor,Trabzonspor,5,0,Super Lig,,Turkey,False
2020-01-01,Sivasspor,Beşiktaş,3,0,Super Lig,,Turkey,False
2020-01-01,Gençlerbirliği,Rizespor,0,1,Super Lig,,Turkey,False
2020-01-01,Fenerbahçe,Gaziantep,5,0,Super Lig,,Turkey,False
2020-01-01,Yeni Malatyaspor,Başakşehir,3,0,Super Lig,,Turkey,False
2020-01-01,Kasımpaşa,Trabzonspor,1,1,Super Lig,,Turkey,False
2020-01-01,Kayserispor,Alanyaspor,0,1,Super Lig,,Turkey,False
2020-01-01,Konyaspor,Ankaragücü,0,0,Super Lig,,Turkey,False
2020-01-01,Denizlispor,Galatasaray,2,0,Super Lig,,Turkey,False
2020-01-01,Göztepe,Antalyaspor,0,1,Super Lig,,Turkey,False
2020-01-01,Antalyaspor,Denizlispor,0,2,Super Lig,,Turkey,False
2020-01-01,Galatasaray,Konyaspor,1,1,Super Lig,,Turkey,False
2020-01-01,Ankaragücü,Kayserispor,1,1,Super Lig,,Turkey,False
2020-01-01,Alanyaspor,Kasımpaşa,4,1,Super Lig,,Turkey,False
2020-01-01,Trabzonspor,Yeni Malatyaspor,2,1,Super Lig,,Turkey,False
2020-01-01,Başakşehir,Fenerbahçe,1,2,Super Lig,,Turkey,False
2020-01-01,Gaziantep,Gençlerbirliği,4,1,Super Lig,,Turkey,False
2020-01-01,Rizespor,Sivasspor,2,1,Super Lig,,Turkey,False
2020-01-01,Beşiktaş,Göztepe,3,0,Super Lig,,Turkey,False
2020-01-01,Beşiktaş,Rizespor,1,1,Super Lig,,Turkey,False
2020-01-01,Sivasspor,Gaziantep,1,1,Super Lig,,Turkey,False
2020-01-01,Gençlerbirliği,Başakşehir,1,2,Super Lig,,Turkey,False
2020-01-01,Fenerbahçe,Trabzonspor,1,1,Super Lig,,Turkey,False
2020-01-01,Yeni Malatyaspor,Alanyaspor,2,3,Super Lig,,Turkey,False
2020-01-01,Kasımpaşa,Ankaragücü,0,1,Super Lig,,Turkey,False
2020-01-01,Kayserispor,Galatasaray,2,3,Super Lig,,Turkey,False
2020-01-01,Konyaspor,Antalyaspor,2,2,Super Lig,,Turkey,False
2020-01-01,Göztepe,Denizlispor,0,0,Super Lig,,Turkey,False
2020-01-01,Denizlispor,Konyaspor,0,1,Super Lig,,Turkey,False
2020-01-01,Antalyaspor,Kayserispor,2,2,Super Lig,,Turkey,False
2020-01-01,Galatasaray,Kasımpaşa,1,0,Super Lig,,Turkey,False
2020-01-01,Ankaragücü,Yeni Malatyaspor,0,4,Super Lig,,Turkey,False
2020-01-01,Alanyaspor,Fenerbahçe,3,1,Super Lig,,Turkey,False
2020-01-01,Trabzonspor,Gençlerbirliği,2,2,Super Lig,,Turkey,False
2020-01-01,Başakşehir,Sivasspor,1,1,Super Lig,,Turkey,False
2020-01-01,Gaziantep,Beşiktaş,3,2,Super Lig,,Turkey,False
2020-01-01,Rizespor,Göztepe,0,0,Super Lig,,Turkey,False
2020-01-01,Rizespor,Gaziantep,1,2,Super Lig,,Turkey,False
2020-01-01,Beşiktaş,Başakşehir,1,1,Super Lig,,Turkey,False
2020-01-01,Sivasspor,Trabzonspor,2,1,Super Lig,,Turkey,False
2020-01-01,Gençlerbirliği,Alanyaspor,1,1,Super Lig,,Turkey,False
2020-01-01,Fenerbahçe,Ankaragücü,2,1,Super Lig,,Turkey,False
2020-01-01,Yeni Malatyaspor,Galatasaray,1,1,Super Lig,,Turkey,False
2020-01-01,Kasımpaşa,Antalyaspor,3,0,Super Lig,,Turkey,False
2020-01-01,Kayserispor,Denizlispor,1,1,Super Lig,,Turkey,False
2020-01-01,Göztepe,Konyaspor,1,0,Super Lig,,Turkey,False
2020-01-01,Konyaspor,Kayserispor,2,1,Super Lig,,Turkey,False
2020-01-01,Denizlispor,Kasımpaşa,0,1,Super Lig,,Turkey,False
2020-01-01,Antalyaspor,Yeni Malatyaspor,3,0,Super Lig,,Turkey,False
2020-01-01,Ankaragücü,Gençlerbirliği,2,1,Super Lig,,Turkey,False
2020-01-01,Alanyaspor,Sivasspor,1,1,Super Lig,,Turkey,False
2020-01-01,Trabzonspor,Beşiktaş,4,1,Super Lig,,Turkey,False
2020-01-01,Başakşehir,Rizespor,5,0,Super Lig,,Turkey,False
2020-01-01,Gaziantep,Göztepe,1,1,Super Lig,,Turkey,False
2020-01-01,Gaziantep,Başakşehir,1,2,Super Lig,,Turkey,False
2020-01-01,Rizespor,Trabzonspor,1,2,Super Lig,,Turkey,False
2020-01-01,Beşiktaş,Alanyaspor,2,0,Super Lig,,Turkey,False
2020-01-01,Sivasspor,Ankaragücü,3,1,Super Lig,,Turkey,False
2020-01-01,Gençlerbirliği,Galatasaray,0,0,Super Lig,,Turkey,False
2020-01-01,Fenerbahçe,Antalyaspor,0,1,Super Lig,,Turkey,False
2020-01-01,Yeni Malatyaspor,Denizlispor,5,1,Super Lig,,Turkey,False
2020-01-01,Kasımpaşa,Konyaspor,1,4,Super Lig,,Turkey,False
2020-01-01,Göztepe,Kayserispor,4,0,Super Lig,,Turkey,False
2020-01-01,Kayserispor,Kasımpaşa,1,1,Super Lig,,Turkey,False
2020-01-01,Konyaspor,Yeni Malatyaspor,0,2,Super Lig,,Turkey,False
2020-01-01,Denizlispor,Fenerbahçe,1,2,Super Lig,,Turkey,False
2020-01-01,Antalyaspor,Gençlerbirliği,0,6,Super Lig,,Turkey,False
2020-01-01,Galatasaray,Sivasspor,3,2,Super Lig,,Turkey,False
2020-01-01,Ankaragücü,Beşiktaş,0,0,Super Lig,,Turkey,False
2020-01-01,Alanyaspor,Rizespor,5,2,Super Lig,,Turkey,False
2020-01-01,Trabzonspor,Gaziantep,4,1,Super Lig,,Turkey,False
2020-01-01,Başakşehir,Göztepe,2,1,Super Lig,,Turkey,False
2020-01-01,Başakşehir,Trabzonspor,2,2,Super Lig,,Turkey,False
2020-01-01,Gaziantep,Alanyaspor,1,1,Super Lig,,Turkey,False
2020-01-01,Rizespor,Ankaragücü,2,0,Super Lig,,Turkey,False
2020-01-01,Sivasspor,Antalyaspor,2,1,Super Lig,,Turkey,False
2020-01-01,Gençlerbirliği,Denizlispor,0,2,Super Lig,,Turkey,False
2020-01-01,Fenerbahçe,Konyaspor,5,1,Super Lig,,Turkey,False
2020-01-01,Yeni Malatyaspor,Kayserispor,4,0,Super Lig,,Turkey,False
2020-01-01,Göztepe,Kasımpaşa,1,4,Super Lig,,Turkey,False
2020-01-01,Kasımpaşa,Yeni Malatyaspor,2,2,Super Lig,,Turkey,False
2020-01-01,Kayserispor,Fenerbahçe,1,0,Super Lig,,Turkey,False
2020-01-01,Konyaspor,Gençlerbirliği,1,1,Super Lig,,Turkey,False
2020-01-01,Denizlispor,Sivasspor,0,2,Super Lig,,Turkey,False
2020-01-01,Antalyaspor,Beşiktaş,1,2,Super Lig,,Turkey,False
2020-01-01,Galatasaray,Rizespor,2,0,Super Lig,,Turkey,False
2020-01-01,Ankaragücü,Gaziantep,1,2,Super Lig,,Turkey,False
2020-01-01,Alanyaspor,Başakşehir,0,0,Super Lig,,Turkey,False
2020-01-01,Trabzonspor,Göztepe,0,1,Super Lig,,Turkey,False
2020-01-01,Trabzonspor,Alanyaspor,1,0,Super Lig,,Turkey,False
2020-01-01,Başakşehir,Ankaragücü,2,1,Super Lig,,Turkey,False
2020-01-01,Gaziantep,Galatasaray,0,2,Super Lig,,Turkey,False
2020-01-01,Rizespor,Antalyaspor,1,0,Super Lig,,Turkey,False
2020-01-01,Beşiktaş,Denizlispor,1,0,Super Lig,,Turkey,False
2020-01-01,Sivasspor,Konyaspor,2,0,Super Lig,,Turkey,False
2020-01-01,Gençlerbirliği,Kayserispor,2,1,Super Lig,,Turkey,False
2020-01-01,Fenerbahçe,Kasımpaşa,3,2,Super Lig,,Turkey,False
2020-01-01,Göztepe,Yeni Malatyaspor,1,1,Super Lig,,Turkey,False
2020-01-01,Yeni Malatyaspor,Fenerbahçe,0,0,Super Lig,,Turkey,False
2020-01-01,Kasımpaşa,Gençlerbirliği,1,2,Super Lig,,Turkey,False
2020-01-01,Kayserispor,Sivasspor,1,4,Super Lig,,Turkey,False
2020-01-01,Konyaspor,Beşiktaş,0,1,Super Lig,,Turkey,False
2020-01-01,Denizlispor,Rizespor,2,0,Super Lig,,Turkey,False
2020-01-01,Antalyaspor,Gaziantep,1,1,Super Lig,,Turkey,False
2020-01-01,Galatasaray,Başakşehir,0,1,Super Lig,,Turkey,False
2020-01-01,Ankaragücü,Trabzonspor,0,3,Super Lig,,Turkey,False
2020-01-01,Alanyaspor,Göztepe,0,1,Super Lig,,Turkey,False
2020-01-01,Alanyaspor,Ankaragücü,5,0,Super Lig,,Turkey,False
2020-01-01,Trabzonspor,Galatasaray,1,1,Super Lig,,Turkey,False
2020-01-01,Başakşehir,Antalyaspor,2,0,Super Lig,,Turkey,False
2020-01-01,Gaziantep,Denizlispor,1,2,Super Lig,,Turkey,False
2020-01-01,Rizespor,Konyaspor,3,1,Super Lig,,Turkey,False
2020-01-01,Beşiktaş,Kayserispor,4,1,Super Lig,,Turkey,False
2020-01-01,Sivasspor,Kasımpaşa,2,0,Super Lig,,Turkey,False
2020-01-01,Gençlerbirliği,Yeni Malatyaspor,3,3,Super Lig,,Turkey,False
2020-01-01,Göztepe,Fenerbahçe,2,2,Super Lig,,Turkey,False
2020-01-01,Fenerbahçe,Gençlerbirliği,5,2,Super Lig,,Turkey,False
2020-01-01,Yeni Malatyaspor,Sivasspor,1,3,Super Lig,,Turkey,False
2020-01-01,Kasımpaşa,Beşiktaş,2,3,Super Lig,,Turkey,False
2020-01-01,Kayserispor,Rizespor,1,0,Super Lig,,Turkey,False
2020-01-01,Konyaspor,Gaziantep,0,0,Super Lig,,Turkey,False
2020-01-01,Denizlispor,Başakşehir,1,1,Super Lig,,Turkey,False
2020-01-01,Antalyaspor,Trabzonspor,1,3,Super Lig,,Turkey,False
2020-01-01,Galatasaray,Alanyaspor,1,0,Super Lig,,Turkey,False
2020-01-01,Ankaragücü,Göztepe,1,3,Super Lig,,Turkey,False
2020-01-01,Galatasaray,Ankaragücü,2,2,Super Lig,,Turkey,False
2020-01-01,Alanyaspor,Antalyaspor,0,0,Super Lig,,Turkey,False
2020-01-01,Trabzonspor,Denizlispor,1,2,Super Lig,,Turkey,False
2020-01-01,Başakşehir,Konyaspor,1,1,Super Lig,,Turkey,False
2020-01-01,Gaziantep,Kayserispor,3,0,Super Lig,,Turkey,False
2020-01-01,Rizespor,Kasımpaşa,0,3,Super Lig,,Turkey,False
2020-01-01,Beşiktaş,Yeni Malatyaspor,0,2,Super Lig,,Turkey,False
2020-01-01,Sivasspor,Fenerbahçe,3,1,Super Lig,,Turkey,False
2020-01-01,Gençlerbirliği,Göztepe,3,1,Super Lig,,Turkey,False
2020-01-01,Gençlerbirliği,Sivasspor,2,2,Super Lig,,Turkey,False
2020-01-01,Yeni Malatyaspor,Rizespor,0,2,Super Lig,,Turkey,False
2020-01-01,Kasımpaşa,Gaziantep,3,4,Super Lig,,Turkey,False
2020-01-01,Kayserispor,Başakşehir,1,4,Super Lig,,Turkey,False
2020-01-01,Konyaspor,Trabzonspor,0,1,Super Lig,,Turkey,False
2020-01-01,Denizlispor,Alanyaspor,1,5,Super Lig,,Turkey,False
2020-01-01,Antalyaspor,Ankaragücü,2,2,Super Lig,,Turkey,False
2020-01-01,Göztepe,Galatasaray,2,1,Super Lig,,Turkey,False
2020-01-01,Galatasaray,Antalyaspor,5,0,Super Lig,,Turkey,False
2020-01-01,Ankaragücü,Denizlispor,2,2,Super Lig,,Turkey,False
2020-01-01,Alanyaspor,Konyaspor,2,1,Super Lig,,Turkey,False
2020-01-01,Trabzonspor,Kayserispor,6,2,Super Lig,,Turkey,False
2020-01-01,Başakşehir,Kasımpaşa,5,1,Super Lig,,Turkey,False
2020-01-01,Gaziantep,Yeni Malatyaspor,1,1,Super Lig,,Turkey,False
2020-01-01,Rizespor,Fenerbahçe,1,2,Super Lig,,Turkey,False
2020-01-01,Beşiktaş,Gençlerbirliği,4,1,Super Lig,,Turkey,False
2020-01-01,Sivasspor,Göztepe,1,0,Super Lig,,Turkey,False
2020-01-01,Beşiktaş,Sivasspor,1,2,Super Lig,,Turkey,False
2020-01-01,Rizespor,Gençlerbirliği,2,0,Super Lig,,Turkey,False
2020-01-01,Gaziantep,Fenerbahçe,0,2,Super Lig,,Turkey,False
2020-01-01,Başakşehir,Yeni Malatyaspor,4,1,Super Lig,,Turkey,False
2020-01-01,Trabzonspor,Kasımpaşa,6,0,Super Lig,,Turkey,False
2020-01-01,Alanyaspor,Kayserispor,5,1,Super Lig,,Turkey,False
2020-01-01,Ankaragücü,Konyaspor,0,1,Super Lig,,Turkey,False
2020-01-01,Galatasaray,Denizlispor,2,1,Super Lig,,Turkey,False
2020-01-01,Antalyaspor,Göztepe,0,3,Super Lig,,Turkey,False
2020-01-01,Denizlispor,Antalyaspor,0,3,Super Lig,,Turkey,False
2020-01-01,Konyaspor,Galatasaray,0,3,Super Lig,,Turkey,False
2020-01-01,Kayserispor,Ankaragücü,1,1,Super Lig,,Turkey,False
2020-01-01,Kasımpaşa,Alanyaspor,1,2,Super Lig,,Turkey,False
2020-01-01,Yeni Malatyaspor,Trabzonspor,1,3,Super Lig,,Turkey,False
2020-01-01,Fenerbahçe,Başakşehir,2,0,Super Lig,,Turkey,False
2020-01-01,Gençlerbirliği,Gaziantep,1,0,Super Lig,,Turkey,False
2020-01-01,Sivasspor,Rizespor,1,1,Super Lig,,Turkey,False
2020-01-01,Göztepe,Beşiktaş,2,1,Super Lig,,Turkey,False
2020-01-01,Rizespor,Beşiktaş,1,2,Super Lig,,Turkey,False
2020-01-01,Gaziantep,Sivasspor,5,1,Super Lig,,Turkey,False
2020-01-01,Başakşehir,Gençlerbirliği,3,1,Super Lig,,Turkey,False
2020-01-01,Trabzonspor,Fenerbahçe,2,1,Super Lig,,Turkey,False
2020-01-01,Alanyaspor,Yeni Malatyaspor,2,1,Super Lig,,Turkey,False
2020-01-01,Ankaragücü,Kasımpaşa,1,1,Super Lig,,Turkey,False
2020-01-01,Galatasaray,Kayserispor,4,1,Super Lig,,Turkey,False
2020-01-01,Antalyaspor,Konyaspor,0,0,Super Lig,,Turkey,False
2020-01-01,Denizlispor,Göztepe,1,1,Super Lig,,Turkey,False
2020-01-01,Konyaspor,Denizlispor,0,0,Super Lig,,Turkey,False
2020-01-01,Kayserispor,Antalyaspor,2,2,Super Lig,,Turkey,False
2020-01-01,Kasımpaşa,Galatasaray,0,3,Super Lig,,Turkey,False
2020-01-01,Yeni Malatyaspor,Ankaragücü,0,1,Super Lig,,Turkey,False
2020-01-01,Fenerbahçe,Alanyaspor,1,1,Super Lig,,Turkey,False
2020-01-01,Gençlerbirliği,Trabzonspor,0,2,Super Lig,,Turkey,False
2020-01-01,Sivasspor,Başakşehir,1,1,Super Lig,,Turkey,False
2020-01-01,Beşiktaş,Gaziantep,3,0,Super Lig,,Turkey,False
2020-01-01,Göztepe,Rizespor,2,0,Super Lig,,Turkey,False
2020-01-01,Gaziantep,Rizespor,2,0,Super Lig,,Turkey,False
2020-01-01,Başakşehir,Beşiktaş,1,0,Super Lig,,Turkey,False
2020-01-01,Trabzonspor,Sivasspor,2,1,Super Lig,,Turkey,False
2020-01-01,Alanyaspor,Gençlerbirliği,0,1,Super Lig,,Turkey,False
2020-01-01,Ankaragücü,Fenerbahçe,2,1,Super Lig,,Turkey,False
2020-01-01,Galatasaray,Yeni Malatyaspor,1,0,Super Lig,,Turkey,False
2020-01-01,Antalyaspor,Kasımpaşa,3,1,Super Lig,,Turkey,False
2020-01-01,Denizlispor,Kayserispor,0,1,Super Lig,,Turkey,False
2020-01-01,Konyaspor,Göztepe,1,3,Super Lig,,Turkey,False
2020-01-01,Kayserispor,Konyaspor,2,2,Super Lig,,Turkey,False
2020-01-01,Kasımpaşa,Denizlispor,2,0,Super Lig,,Turkey,False
2020-01-01,Yeni Malatyaspor,Antalyaspor,1,2,Super Lig,,Turkey,False
2020-01-01,Gençlerbirliği,Ankaragücü,1,0,Super Lig,,Turkey,False
2020-01-01,Sivasspor,Alanyaspor,1,0,Super Lig,,Turkey,False
2020-01-01,Beşiktaş,Trabzonspor,2,2,Super Lig,,Turkey,False
2020-01-01,Rizespor,Başakşehir,1,2,Super Lig,,Turkey,False
2020-01-01,Göztepe,Gaziantep,1,1,Super Lig,,Turkey,False
2020-01-01,Başakşehir,Gaziantep,3,1,Super Lig,,Turkey,False
2020-01-01,Trabzonspor,Rizespor,5,2,Super Lig,,Turkey,False
2020-01-01,Alanyaspor,Beşiktaş,1,2,Super Lig,,Turkey,False
2020-01-01,Ankaragücü,Sivasspor,0,3,Super Lig,,Turkey,False
2020-01-01,Galatasaray,Gençlerbirliği,3,0,Super Lig,,Turkey,False
2020-01-01,Antalyaspor,Fenerbahçe,2,2,Super Lig,,Turkey,False
2020-01-01,Denizlispor,Yeni Malatyaspor,2,0,Super Lig,,Turkey,False
2020-01-01,Konyaspor,Kasımpaşa,0,0,Super Lig,,Turkey,False
2020-01-01,Kayserispor,Göztepe,1,0,Super Lig,,Turkey,False
2020-01-01,Kasımpaşa,Kayserispor,5,1,Super Lig,,Turkey,False
2020-01-01,Yeni Malatyaspor,Konyaspor,1,1,Super Lig,,Turkey,False
2020-01-01,Fenerbahçe,Denizlispor,2,2,Super Lig,,Turkey,False
2020-01-01,Gençlerbirliği,Antalyaspor,1,1,Super Lig,,Turkey,False
2020-01-01,Sivasspor,Galatasaray,2,2,Super Lig,,Turkey,False
2020-01-01,Beşiktaş,Ankaragücü,2,1,Super Lig,,Turkey,False
2020-01-01,Rizespor,Alanyaspor,1,1,Super Lig,,Turkey,False
2020-01-01,Gaziantep,Trabzonspor,1,1,Super Lig,,Turkey,False
2020-01-01,Göztepe,Başakşehir,0,3,Super Lig,,Turkey,False
2020-01-01,Trabzonspor,Başakşehir,1,1,Super Lig,,Turkey,False
2020-01-01,Alanyaspor,Gaziantep,1,0,Super Lig,,Turkey,False
2020-01-01,Ankaragücü,Rizespor,2,1,Super Lig,,Turkey,False
2020-01-01,Antalyaspor,Sivasspor,1,0,Super Lig,,Turkey,False
2020-01-01,Denizlispor,Gençlerbirliği,1,0,Super Lig,,Turkey,False
2020-01-01,Konyaspor,Fenerbahçe,1,0,Super Lig,,Turkey,False
2020-01-01,Kayserispor,Yeni Malatyaspor,2,1,Super Lig,,Turkey,False
2020-01-01,Kasımpaşa,Göztepe,2,0,Super Lig,,Turkey,False
2020-01-01,Yeni Malatyaspor,Kasımpaşa,1,2,Super Lig,,Turkey,False
2020-01-01,Fenerbahçe,Kayserispor,2,1,Super Lig,,Turkey,False
2020-01-01,Gençlerbirliği,Konyaspor,2,1,Super Lig,,Turkey,False
2020-01-01,Sivasspor,Denizlispor,1,0,Super Lig,,Turkey,False
2020-01-01,Beşiktaş,Antalyaspor,1,2,Super Lig,,Turkey,False
2020-01-01,Rizespor,Galatasaray,2,0,Super Lig,,Turkey,False
2020-01-01,Gaziantep,Ankaragücü,1,1,Super Lig,,Turkey,False
2020-01-01,Başakşehir,Alanyaspor,2,0,Super Lig,,Turkey,False
2020-01-01,Göztepe,Trabzonspor,1,3,Super Lig,,Turkey,False
2020-01-01,Alanyaspor,Trabzonspor,2,2,Super Lig,,Turkey,False
2020-01-01,Ankaragücü,Başakşehir,1,2,Super Lig,,Turkey,False
2020-01-01,Galatasaray,Gaziantep,3,3,Super Lig,,Turkey,False
2020-01-01,Antalyaspor,Rizespor,3,1,Super Lig,,Turkey,False
2020-01-01,Denizlispor,Beşiktaş,1,5,Super Lig,,Turkey,False
2020-01-01,Konyaspor,Sivasspor,2,2,Super Lig,,Turkey,False
2020-01-01,Kayserispor,Gençlerbirliği,2,0,Super Lig,,Turkey,False
2020-01-01,Kasımpaşa,Fenerbahçe,2,0,Super Lig,,Turkey,False
2020-01-01,Yeni Malatyaspor,Göztepe,2,1,Super Lig,,Turkey,False
2020-01-01,Beşiktaş,Konyaspor,3,0,Super Lig,,Turkey,False
2020-01-01,Fenerbahçe,Yeni Malatyaspor,3,2,Super Lig,,Turkey,False
2020-01-01,Göztepe,Alanyaspor,3,3,Super Lig,,Turkey,False
2020-01-01,Trabzonspor,Ankaragücü,1,1,Super Lig,,Turkey,False
2020-01-01,Rizespor,Denizlispor,2,2,Super Lig,,Turkey,False
2020-01-01,Sivasspor,Kayserispor,0,2,Super Lig,,Turkey,False
2020-01-01,Başakşehir,Galatasaray,1,1,Super Lig,,Turkey,False
2020-01-01,Gaziantep,Antalyaspor,1,1,Super Lig,,Turkey,False
2020-01-01,Gençlerbirliği,Kasımpaşa,0,2,Super Lig,,Turkey,False
2020-01-01,Denizlispor,Gaziantep,0,1,Super Lig,,Turkey,False
2020-01-01,Ankaragücü,Alanyaspor,1,4,Super Lig,,Turkey,False
2020-01-01,Yeni Malatyaspor,Gençlerbirliği,0,0,Super Lig,,Turkey,False
2020-01-01,Antalyaspor,Başakşehir,0,2,Super Lig,,Turkey,False
2020-01-01,Fenerbahçe,Göztepe,2,1,Super Lig,,Turkey,False
2020-01-01,Kasımpaşa,Sivasspor,0,0,Super Lig,,Turkey,False
2020-01-01,Galatasaray,Trabzonspor,1,3,Super Lig,,Turkey,False
2020-01-01,Konyaspor,Rizespor,1,0,Super Lig,,Turkey,False
2020-01-01,Kayserispor,Beşiktaş,3,1,Super Lig,,Turkey,False
2020-01-01,Gençlerbirliği,Fenerbahçe,1,1,Super Lig,,Turkey,False
2020-01-01,Başakşehir,Denizlispor,2,0,Super Lig,,Turkey,False
2020-01-01,Sivasspor,Yeni Malatyaspor,0,1,Super Lig,,Turkey,False
2020-01-01,Trabzonspor,Antalyaspor,2,2,Super Lig,,Turkey,False
2020-01-01,Alanyaspor,Galatasaray,4,1,Super Lig,,Turkey,False
2020-01-01,Göztepe,Ankaragücü,2,2,Super Lig,,Turkey,False
2020-01-01,Rizespor,Kayserispor,3,2,Super Lig,,Turkey,False
2020-01-01,Beşiktaş,Kasımpaşa,3,2,Super Lig,,Turkey,False
2020-01-01,Gaziantep,Konyaspor,3,1,Super Lig,,Turkey,False
2020-01-01,Göztepe,Gençlerbirliği,1,3,Super Lig,,Turkey,False
2020-01-01,Ankaragücü,Galatasaray,1,0,Super Lig,,Turkey,False
2020-01-01,Antalyaspor,Alanyaspor,1,0,Super Lig,,Turkey,False
2020-01-01,Fenerbahçe,Sivasspor,1,2,Super Lig,,Turkey,False
2020-01-01,Kasımpaşa,Rizespor,2,0,Super Lig,,Turkey,False
2020-01-01,Kayserispor,Gaziantep,1,1,Super Lig,,Turkey,False
2020-01-01,Denizlispor,Trabzonspor,2,1,Super Lig,,Turkey,False
2020-01-01,Konyaspor,Başakşehir,4,3,Super Lig,,Turkey,False
2020-01-01,Yeni Malatyaspor,Beşiktaş,0,1,Super Lig,,Turkey,False
2020-01-01,Galatasaray,Göztepe,3,1,Super Lig,,Turkey,False
2020-01-01,Gaziantep,Kasımpaşa,2,2,Super Lig,,Turkey,False
2020-01-01,Sivasspor,Gençlerbirliği,2,0,Super Lig,,Turkey,False
2020-01-01,Rizespor,Yeni Malatyaspor,3,0,Super Lig,,Turkey,False
2020-01-01,Başakşehir,Kayserispor,1,0,Super Lig,,Turkey,False
2020-01-01,Trabzonspor,Konyaspor,3,4,Super Lig,,Turkey,False
2020-01-01,Alanyaspor,Denizlispor,1,0,Super Lig,,Turkey,False
2020-01-01,Ankaragücü,Antalyaspor,0,1,Super Lig,,Turkey,False
2020-01-01,Antalyaspor,Galatasaray,2,2,Super Lig,,Turkey,False
2020-01-01,Denizlispor,Ankaragücü,0,1,Super Lig,,Turkey,False
2020-01-01,Fenerbahçe,Rizespor,3,1,Super Lig,,Turkey,False
2020-01-01,Gençlerbirliği,Beşiktaş,0,3,Super Lig,,Turkey,False
2020-01-01,Göztepe,Sivasspor,3,1,Super Lig,,Turkey,False
2020-01-01,Kayserispor,Trabzonspor,1,2,Super Lig,,Turkey,False
2020-01-01,Konyaspor,Alanyaspor,2,3,Super Lig,,Turkey,False
2020-01-01,Yeni Malatyaspor,Gaziantep,0,1,Super Lig,,Turkey,False
2020-01-01,Kasımpaşa,Başakşehir,3,2,Super Lig,,Turkey,False
2021-01-01,Alanyaspor,Ankaragücü,4,3,Super Lig,,Turkey,False
2021-01-01,Alanyaspor,Antalyaspor,4,0,Super Lig,,Turkey,False
2021-01-01,Alanyaspor,Beşiktaş,2,1,Super Lig,,Turkey,False
2021-01-01,Alanyaspor,Rizespor,2,1,Super Lig,,Turkey,False
2021-01-01,Alanyaspor,Denizlispor,3,2,Super Lig,,Turkey,False
2021-01-01,Alanyaspor,Erzurumspor,2,3,Super Lig,,Turkey,False
2021-01-01,Alanyaspor,Karagümrük,2,0,Super Lig,,Turkey,False
2021-01-01,Alanyaspor,Fenerbahçe,0,0,Super Lig,,Turkey,False
2021-01-01,Alanyaspor,Galatasaray,0,1,Super Lig,,Turkey,False
2021-01-01,Alanyaspor,Gaziantep,3,2,Super Lig,,Turkey,False
2021-01-01,Alanyaspor,Gençlerbirliği,1,2,Super Lig,,Turkey,False
2021-01-01,Alanyaspor,Göztepe,1,1,Super Lig,,Turkey,False
2021-01-01,Alanyaspor,Hatayspor,6,0,Super Lig,,Turkey,False
2021-01-01,Alanyaspor,Başakşehir,3,0,Super Lig,,Turkey,False
2021-01-01,Alanyaspor,Kasımpaşa,1,2,Super Lig,,Turkey,False
2021-01-01,Alanyaspor,Kayserispor,2,0,Super Lig,,Turkey,False
2021-01-01,Alanyaspor,Konyaspor,1,0,Super Lig,,Turkey,False
2021-01-01,Alanyaspor,Sivasspor,3,1,Super Lig,,Turkey,False
2021-01-01,Alanyaspor,Trabzonspor,1,1,Super Lig,,Turkey,False
2021-01-01,Alanyaspor,Yeni Malatyaspor,1,1,Super Lig,,Turkey,False
2021-01-01,Ankaragücü,Alanyaspor,0,1,Super Lig,,Turkey,False
2021-01-01,Ankaragücü,Antalyaspor,1,0,Super Lig,,Turkey,False
2021-01-01,Ankaragücü,Beşiktaş,0,1,Super Lig,,Turkey,False
2021-01-01,Ankaragücü,Rizespor,1,1,Super Lig,,Turkey,False
2021-01-01,Ankaragücü,Denizlispor,1,1,Super Lig,,Turkey,False
2021-01-01,Ankaragücü,Erzurumspor,1,2,Super Lig,,Turkey,False
2021-01-01,Ankaragücü,Karagümrük,2,2,Super Lig,,Turkey,False
2021-01-01,Ankaragücü,Fenerbahçe,1,2,Super Lig,,Turkey,False
2021-01-01,Ankaragücü,Galatasaray,2,1,Super Lig,,Turkey,False
2021-01-01,Ankaragücü,Gaziantep,0,1,Super Lig,,Turkey,False
2021-01-01,Ankaragücü,Gençlerbirliği,2,1,Super Lig,,Turkey,False
2021-01-01,Ankaragücü,Göztepe,3,0,Super Lig,,Turkey,False
2021-01-01,Ankaragücü,Hatayspor,2,0,Super Lig,,Turkey,False
2021-01-01,Ankaragücü,Başakşehir,1,2,Super Lig,,Turkey,False
2021-01-01,Ankaragücü,Kasımpaşa,1,0,Super Lig,,Turkey,False
2021-01-01,Ankaragücü,Kayserispor,0,1,Super Lig,,Turkey,False
2021-01-01,Ankaragücü,Konyaspor,4,3,Super Lig,,Turkey,False
2021-01-01,Ankaragücü,Sivasspor,1,4,Super Lig,,Turkey,False
2021-01-01,Ankaragücü,Trabzonspor,0,1,Super Lig,,Turkey,False
2021-01-01,Ankaragücü,Yeni Malatyaspor,3,1,Super Lig,,Turkey,False
2021-01-01,Antalyaspor,Alanyaspor,0,2,Super Lig,,Turkey,False
2021-01-01,Antalyaspor,Ankaragücü,1,0,Super Lig,,Turkey,False
2021-01-01,Antalyaspor,Beşiktaş,1,1,Super Lig,,Turkey,False
2021-01-01,Antalyaspor,Rizespor,2,3,Super Lig,,Turkey,False
2021-01-01,Antalyaspor,Denizlispor,1,0,Super Lig,,Turkey,False
2021-01-01,Antalyaspor,Erzurumspor,3,1,Super Lig,,Turkey,False
2021-01-01,Antalyaspor,Karagümrük,3,1,Super Lig,,Turkey,False
2021-01-01,Antalyaspor,Fenerbahçe,1,2,Super Lig,,Turkey,False
2021-01-01,Antalyaspor,Galatasaray,0,1,Super Lig,,Turkey,False
2021-01-01,Antalyaspor,Gaziantep,1,1,Super Lig,,Turkey,False
2021-01-01,Antalyaspor,Gençlerbirliği,2,0,Super Lig,,Turkey,False
2021-01-01,Antalyaspor,Göztepe,2,3,Super Lig,,Turkey,False
2021-01-01,Antalyaspor,Hatayspor,0,6,Super Lig,,Turkey,False
2021-01-01,Antalyaspor,Başakşehir,0,0,Super Lig,,Turkey,False
2021-01-01,Antalyaspor,Kasımpaşa,1,1,Super Lig,,Turkey,False
2021-01-01,Antalyaspor,Kayserispor,2,0,Super Lig,,Turkey,False
2021-01-01,Antalyaspor,Konyaspor,0,0,Super Lig,,Turkey,False
2021-01-01,Antalyaspor,Sivasspor,2,4,Super Lig,,Turkey,False
2021-01-01,Antalyaspor,Trabzonspor,1,1,Super Lig,,Turkey,False
2021-01-01,Antalyaspor,Yeni Malatyaspor,1,1,Super Lig,,Turkey,False
2021-01-01,Beşiktaş,Alanyaspor,3,0,Super Lig,,Turkey,False
2021-01-01,Beşiktaş,Ankaragücü,2,2,Super Lig,,Turkey,False
2021-01-01,Beşiktaş,Antalyaspor,1,1,Super Lig,,Turkey,False
2021-01-01,Beşiktaş,Rizespor,6,0,Super Lig,,Turkey,False
2021-01-01,Beşiktaş,Denizlispor,3,0,Super Lig,,Turkey,False
2021-01-01,Beşiktaş,Erzurumspor,4,0,Super Lig,,Turkey,False
2021-01-01,Beşiktaş,Karagümrük,1,2,Super Lig,,Turkey,False
2021-01-01,Beşiktaş,Gaziantep,2,1,Super Lig,,Turkey,False
2021-01-01,Beşiktaş,Gençlerbirliği,0,1,Super Lig,,Turkey,False
2021-01-01,Beşiktaş,Göztepe,2,1,Super Lig,,Turkey,False
2021-01-01,Beşiktaş,Hatayspor,7,0,Super Lig,,Turkey,False
2021-01-01,Beşiktaş,Başakşehir,3,2,Super Lig,,Turkey,False
2021-01-01,Beşiktaş,Kasımpaşa,3,0,Super Lig,,Turkey,False
2021-01-01,Beşiktaş,Kayserispor,3,1,Super Lig,,Turkey,False
2021-01-01,Beşiktaş,Konyaspor,1,0,Super Lig,,Turkey,False
2021-01-01,Beşiktaş,Sivasspor,3,0,Super Lig,,Turkey,False
2021-01-01,Beşiktaş,Trabzonspor,1,2,Super Lig,,Turkey,False
2021-01-01,Beşiktaş,Yeni Malatyaspor,1,0,Super Lig,,Turkey,False
2021-01-01,Rizespor,Alanyaspor,1,1,Super Lig,,Turkey,False
2021-01-01,Rizespor,Ankaragücü,5,3,Super Lig,,Turkey,False
2021-01-01,Rizespor,Antalyaspor,2,1,Super Lig,,Turkey,False
2021-01-01,Rizespor,Beşiktaş,2,3,Super Lig,,Turkey,False
2021-01-01,Rizespor,Denizlispor,1,1,Super Lig,,Turkey,False
2021-01-01,Rizespor,Erzurumspor,0,2,Super Lig,,Turkey,False
2021-01-01,Rizespor,Karagümrük,0,0,Super Lig,,Turkey,False
2021-01-01,Rizespor,Fenerbahçe,1,2,Super Lig,,Turkey,False
2021-01-01,Rizespor,Galatasaray,0,4,Super Lig,,Turkey,False
2021-01-01,Rizespor,Gaziantep,3,0,Super Lig,,Turkey,False
2021-01-01,Rizespor,Gençlerbirliği,1,1,Super Lig,,Turkey,False
2021-01-01,Rizespor,Göztepe,3,2,Super Lig,,Turkey,False
2021-01-01,Rizespor,Hatayspor,1,0,Super Lig,,Turkey,False
2021-01-01,Rizespor,Başakşehir,0,2,Super Lig,,Turkey,False
2021-01-01,Rizespor,Kasımpaşa,1,1,Super Lig,,Turkey,False
2021-01-01,Rizespor,Kayserispor,1,0,Super Lig,,Turkey,False
2021-01-01,Rizespor,Konyaspor,5,3,Super Lig,,Turkey,False
2021-01-01,Rizespor,Sivasspor,0,0,Super Lig,,Turkey,False
2021-01-01,Rizespor,Trabzonspor,0,0,Super Lig,,Turkey,False
2021-01-01,Rizespor,Yeni Malatyaspor,0,4,Super Lig,,Turkey,False
2021-01-01,Denizlispor,Alanyaspor,1,0,Super Lig,,Turkey,False
2021-01-01,Denizlispor,Ankaragücü,1,2,Super Lig,,Turkey,False
2021-01-01,Denizlispor,Antalyaspor,1,1,Super Lig,,Turkey,False
2021-01-01,Denizlispor,Beşiktaş,2,3,Super Lig,,Turkey,False
2021-01-01,Denizlispor,Rizespor,0,1,Super Lig,,Turkey,False
2021-01-01,Denizlispor,Erzurumspor,2,3,Super Lig,,Turkey,False
2021-01-01,Denizlispor,Karagümrük,1,2,Super Lig,,Turkey,False
2021-01-01,Denizlispor,Fenerbahçe,0,2,Super Lig,,Turkey,False
2021-01-01,Denizlispor,Galatasaray,1,4,Super Lig,,Turkey,False
2021-01-01,Denizlispor,Gaziantep,0,1,Super Lig,,Turkey,False
2021-01-01,Denizlispor,Gençlerbirliği,1,0,Super Lig,,Turkey,False
2021-01-01,Denizlispor,Göztepe,2,1,Super Lig,,Turkey,False
2021-01-01,Denizlispor,Hatayspor,0,2,Super Lig,,Turkey,False
2021-01-01,Denizlispor,Başakşehir,0,0,Super Lig,,Turkey,False
2021-01-01,Denizlispor,Kasımpaşa,1,1,Super Lig,,Turkey,False
2021-01-01,Denizlispor,Kayserispor,0,1,Super Lig,,Turkey,False
2021-01-01,Denizlispor,Konyaspor,0,0,Super Lig,,Turkey,False
2021-01-01,Denizlispor,Sivasspor,1,1,Super Lig,,Turkey,False
2021-01-01,Denizlispor,Trabzonspor,0,0,Super Lig,,Turkey,False
2021-01-01,Denizlispor,Yeni Malatyaspor,3,2,Super Lig,,Turkey,False
2021-01-01,Erzurumspor,Alanyaspor,1,1,Super Lig,,Turkey,False
2021-01-01,Erzurumspor,Ankaragücü,1,0,Super Lig,,Turkey,False
2021-01-01,Erzurumspor,Antalyaspor,2,2,Super Lig,,Turkey,False
2021-01-01,Erzurumspor,Beşiktaş,2,4,Super Lig,,Turkey,False
2021-01-01,Erzurumspor,Rizespor,0,0,Super Lig,,Turkey,False
2021-01-01,Erzurumspor,Denizlispor,1,2,Super Lig,,Turkey,False
2021-01-01,Erzurumspor,Karagümrük,2,2,Super Lig,,Turkey,False
2021-01-01,Erzurumspor,Fenerbahçe,0,3,Super Lig,,Turkey,False
2021-01-01,Erzurumspor,Galatasaray,1,2,Super Lig,,Turkey,False
2021-01-01,Erzurumspor,Gaziantep,1,1,Super Lig,,Turkey,False
2021-01-01,Erzurumspor,Gençlerbirliği,0,1,Super Lig,,Turkey,False
2021-01-01,Erzurumspor,Göztepe,1,1,Super Lig,,Turkey,False
2021-01-01,Erzurumspor,Hatayspor,1,3,Super Lig,,Turkey,False
2021-01-01,Erzurumspor,Başakşehir,1,2,Super Lig,,Turkey,False
2021-01-01,Erzurumspor,Kasımpaşa,0,1,Super Lig,,Turkey,False
2021-01-01,Erzurumspor,Kayserispor,1,1,Super Lig,,Turkey,False
2021-01-01,Erzurumspor,Konyaspor,1,2,Super Lig,,Turkey,False
2021-01-01,Erzurumspor,Sivasspor,1,2,Super Lig,,Turkey,False
2021-01-01,Erzurumspor,Trabzonspor,0,0,Super Lig,,Turkey,False
2021-01-01,Erzurumspor,Yeni Malatyaspor,1,0,Super Lig,,Turkey,False
2021-01-01,Karagümrük,Alanyaspor,2,0,Super Lig,,Turkey,False
2021-01-01,Karagümrük,Ankaragücü,0,1,Super Lig,,Turkey,False
2021-01-01,Karagümrük,Antalyaspor,2,2,Super Lig,,Turkey,False
2021-01-01,Karagümrük,Beşiktaş,1,4,Super Lig,,Turkey,False
2021-01-01,Karagümrük,Rizespor,2,1,Super Lig,,Turkey,False
2021-01-01,Karagümrük,Denizlispor,5,1,Super Lig,,Turkey,False
2021-01-01,Karagümrük,Erzurumspor,5,1,Super Lig,,Turkey,False
2021-01-01,Karagümrük,Fenerbahçe,1,2,Super Lig,,Turkey,False
2021-01-01,Karagümrük,Galatasaray,2,1,Super Lig,,Turkey,False
2021-01-01,Karagümrük,Gaziantep,2,0,Super Lig,,Turkey,False
2021-01-01,Karagümrük,Gençlerbirliği,5,1,Super Lig,,Turkey,False
2021-01-01,Karagümrük,Göztepe,1,1,Super Lig,,Turkey,False
2021-01-01,Karagümrük,Hatayspor,1,0,Super Lig,,Turkey,False
2021-01-01,Karagümrük,Başakşehir,2,0,Super Lig,,Turkey,False
2021-01-01,Karagümrük,Kasımpaşa,1,1,Super Lig,,Turkey,False
2021-01-01,Karagümrük,Kayserispor,3,0,Super Lig,,Turkey,False
2021-01-01,Karagümrük,Konyaspor,2,1,Super Lig,,Turkey,False
2021-01-01,Karagümrük,Sivasspor,1,1,Super Lig,,Turkey,False
2021-01-01,Karagümrük,Trabzonspor,1,2,Super Lig,,Turkey,False
2021-01-01,Karagümrük,Yeni Malatyaspor,3,0,Super Lig,,Turkey,False
2021-01-01,Fenerbahçe,Alanyaspor,2,1,Super Lig,,Turkey,False
2021-01-01,Fenerbahçe,Ankaragücü,3,1,Super Lig,,Turkey,False
2021-01-01,Fenerbahçe,Antalyaspor,1,1,Super Lig,,Turkey,False
2021-01-01,Fenerbahçe,Rizespor,1,0,Super Lig,,Turkey,False
2021-01-01,Fenerbahçe,Denizlispor,1,0,Super Lig,,Turkey,False
2021-01-01,Fenerbahçe,Erzurumspor,3,1,Super Lig,,Turkey,False
2021-01-01,Fenerbahçe,Karagümrük,2,1,Super Lig,,Turkey,False
2021-01-01,Fenerbahçe,Gaziantep,3,1,Super Lig,,Turkey,False
2021-01-01,Fenerbahçe,Gençlerbirliği,1,2,Super Lig,,Turkey,False
2021-01-01,Fenerbahçe,Göztepe,0,1,Super Lig,,Turkey,False
2021-01-01,Fenerbahçe,Hatayspor,0,0,Super Lig,,Turkey,False
2021-01-01,Fenerbahçe,Başakşehir,4,1,Super Lig,,Turkey,False
2021-01-01,Fenerbahçe,Kasımpaşa,3,2,Super Lig,,Turkey,False
2021-01-01,Fenerbahçe,Kayserispor,3,0,Super Lig,,Turkey,False
2021-01-01,Fenerbahçe,Konyaspor,0,2,Super Lig,,Turkey,False
2021-01-01,Fenerbahçe,Sivasspor,1,2,Super Lig,,Turkey,False
2021-01-01,Fenerbahçe,Trabzonspor,3,1,Super Lig,,Turkey,False
2021-01-01,Fenerbahçe,Yeni Malatyaspor,0,3,Super Lig,,Turkey,False
2021-01-01,Galatasaray,Alanyaspor,1,2,Super Lig,,Turkey,False
2021-01-01,Galatasaray,Ankaragücü,1,0,Super Lig,,Turkey,False
2021-01-01,Galatasaray,Antalyaspor,0,0,Super Lig,,Turkey,False
2021-01-01,Galatasaray,Rizespor,3,4,Super Lig,,Turkey,False
2021-01-01,Galatasaray,Denizlispor,6,1,Super Lig,,Turkey,False
2021-01-01,Galatasaray,Erzurumspor,2,0,Super Lig,,Turkey,False
2021-01-01,Galatasaray,Karagümrük,1,1,Super Lig,,Turkey,False
2021-01-01,Galatasaray,Gaziantep,3,1,Super Lig,,Turkey,False
2021-01-01,Galatasaray,Gençlerbirliği,6,0,Super Lig,,Turkey,False
2021-01-01,Galatasaray,Göztepe,3,1,Super Lig,,Turkey,False
2021-01-01,Galatasaray,Hatayspor,3,0,Super Lig,,Turkey,False
2021-01-01,Galatasaray,Başakşehir,3,0,Super Lig,,Turkey,False
2021-01-01,Galatasaray,Kasımpaşa,2,1,Super Lig,,Turkey,False
2021-01-01,Galatasaray,Kayserispor,1,1,Super Lig,,Turkey,False
2021-01-01,Galatasaray,Konyaspor,1,0,Super Lig,,Turkey,False
2021-01-01,Galatasaray,Sivasspor,2,2,Super Lig,,Turkey,False
2021-01-01,Galatasaray,Trabzonspor,1,1,Super Lig,,Turkey,False
2021-01-01,Galatasaray,Yeni Malatyaspor,3,1,Super Lig,,Turkey,False
2021-01-01,Gaziantep,Alanyaspor,3,1,Super Lig,,Turkey,False
2021-01-01,Gaziantep,Ankaragücü,2,0,Super Lig,,Turkey,False
2021-01-01,Gaziantep,Antalyaspor,0,0,Super Lig,,Turkey,False
2021-01-01,Gaziantep,Beşiktaş,3,1,Super Lig,,Turkey,False
2021-01-01,Gaziantep,Rizespor,4,5,Super Lig,,Turkey,False
2021-01-01,Gaziantep,Denizlispor,2,0,Super Lig,,Turkey,False
2021-01-01,Gaziantep,Erzurumspor,2,3,Super Lig,,Turkey,False
2021-01-01,Gaziantep,Karagümrük,2,2,Super Lig,,Turkey,False
2021-01-01,Gaziantep,Fenerbahçe,3,1,Super Lig,,Turkey,False
2021-01-01,Gaziantep,Galatasaray,1,2,Super Lig,,Turkey,False
2021-01-01,Gaziantep,Gençlerbirliği,2,1,Super Lig,,Turkey,False
2021-01-01,Gaziantep,Göztepe,2,0,Super Lig,,Turkey,False
2021-01-01,Gaziantep,Hatayspor,1,1,Super Lig,,Turkey,False
2021-01-01,Gaziantep,Başakşehir,2,0,Super Lig,,Turkey,False
2021-01-01,Gaziantep,Kasımpaşa,2,2,Super Lig,,Turkey,False
2021-01-01,Gaziantep,Kayserispor,2,1,Super Lig,,Turkey,False
2021-01-01,Gaziantep,Konyaspor,1,0,Super Lig,,Turkey,False
2021-01-01,Gaziantep,Sivasspor,0,1,Super Lig,,Turkey,False
2021-01-01,Gaziantep,Trabzonspor,1,1,Super Lig,,Turkey,False
2021-01-01,Gaziantep,Yeni Malatyaspor,2,2,Super Lig,,Turkey,False
2021-01-01,Gençlerbirliği,Alanyaspor,2,1,Super Lig,,Turkey,False
2021-01-01,Gençlerbirliği,Ankaragücü,1,1,Super Lig,,Turkey,False
2021-01-01,Gençlerbirliği,Antalyaspor,0,1,Super Lig,,Turkey,False
2021-01-01,Gençlerbirliği,Beşiktaş,0,3,Super Lig,,Turkey,False
2021-01-01,Gençlerbirliği,Rizespor,2,1,Super Lig,,Turkey,False
2021-01-01,Gençlerbirliği,Denizlispor,1,2,Super Lig,,Turkey,False
2021-01-01,Gençlerbirliği,Erzurumspor,1,1,Super Lig,,Turkey,False
2021-01-01,Gençlerbirliği,Karagümrük,1,3,Super Lig,,Turkey,False
2021-01-01,Gençlerbirliği,Fenerbahçe,1,5,Super Lig,,Turkey,False
2021-01-01,Gençlerbirliği,Galatasaray,0,2,Super Lig,,Turkey,False
2021-01-01,Gençlerbirliği,Gaziantep,1,1,Super Lig,,Turkey,False
2021-01-01,Gençlerbirliği,Göztepe,5,3,Super Lig,,Turkey,False
2021-01-01,Gençlerbirliği,Hatayspor,3,1,Super Lig,,Turkey,False
2021-01-01,Gençlerbirliği,Başakşehir,0,1,Super Lig,,Turkey,False
2021-01-01,Gençlerbirliği,Kasımpaşa,2,1,Super Lig,,Turkey,False
2021-01-01,Gençlerbirliği,Kayserispor,3,2,Super Lig,,Turkey,False
2021-01-01,Gençlerbirliği,Konyaspor,0,0,Super Lig,,Turkey,False
2021-01-01,Gençlerbirliği,Sivasspor,2,3,Super Lig,,Turkey,False
2021-01-01,Gençlerbirliği,Trabzonspor,1,2,Super Lig,,Turkey,False
2021-01-01,Gençlerbirliği,Yeni Malatyaspor,1,1,Super Lig,,Turkey,False
2021-01-01,Göztepe,Alanyaspor,1,0,Super Lig,,Turkey,False
2021-01-01,Göztepe,Ankaragücü,3,1,Super Lig,,Turkey,False
2021-01-01,Göztepe,Antalyaspor,0,1,Super Lig,,Turkey,False
2021-01-01,Göztepe,Beşiktaş,1,2,Super Lig,,Turkey,False
2021-01-01,Göztepe,Rizespor,2,0,Super Lig,,Turkey,False
2021-01-01,Göztepe,Denizlispor,5,1,Super Lig,,Turkey,False
2021-01-01,Göztepe,Erzurumspor,3,1,Super Lig,,Turkey,False
2021-01-01,Göztepe,Karagümrük,1,1,Super Lig,,Turkey,False
2021-01-01,Göztepe,Fenerbahçe,2,3,Super Lig,,Turkey,False
2021-01-01,Göztepe,Galatasaray,1,3,Super Lig,,Turkey,False
2021-01-01,Göztepe,Gaziantep,2,2,Super Lig,,Turkey,False
2021-01-01,Göztepe,Gençlerbirliği,4,0,Super Lig,,Turkey,False
2021-01-01,Göztepe,Hatayspor,0,1,Super Lig,,Turkey,False
2021-01-01,Göztepe,Başakşehir,2,1,Super Lig,,Turkey,False
2021-01-01,Göztepe,Kasımpaşa,1,0,Super Lig,,Turkey,False
2021-01-01,Göztepe,Kayserispor,1,1,Super Lig,,Turkey,False
2021-01-01,Göztepe,Konyaspor,0,1,Super Lig,,Turkey,False
2021-01-01,Göztepe,Sivasspor,3,5,Super Lig,,Turkey,False
2021-01-01,Göztepe,Trabzonspor,1,1,Super Lig,,Turkey,False
2021-01-01,Göztepe,Yeni Malatyaspor,2,2,Super Lig,,Turkey,False
2021-01-01,Hatayspor,Alanyaspor,0,0,Super Lig,,Turkey,False
2021-01-01,Hatayspor,Ankaragücü,4,1,Super Lig,,Turkey,False
2021-01-01,Hatayspor,Antalyaspor,3,2,Super Lig,,Turkey,False
2021-01-01,Hatayspor,Beşiktaş,2,2,Super Lig,,Turkey,False
2021-01-01,Hatayspor,Rizespor,2,2,Super Lig,,Turkey,False
2021-01-01,Hatayspor,Denizlispor,1,0,Super Lig,,Turkey,False
2021-01-01,Hatayspor,Erzurumspor,3,0,Super Lig,,Turkey,False
2021-01-01,Hatayspor,Karagümrük,3,1,Super Lig,,Turkey,False
2021-01-01,Hatayspor,Fenerbahçe,1,2,Super Lig,,Turkey,False
2021-01-01,Hatayspor,Galatasaray,3,0,Super Lig,,Turkey,False
2021-01-01,Hatayspor,Gaziantep,0,1,Super Lig,,Turkey,False
2021-01-01,Hatayspor,Gençlerbirliği,3,1,Super Lig,,Turkey,False
2021-01-01,Hatayspor,Göztepe,2,3,Super Lig,,Turkey,False
2021-01-01,Hatayspor,Başakşehir,2,0,Super Lig,,Turkey,False
2021-01-01,Hatayspor,Kasımpaşa,1,0,Super Lig,,Turkey,False
2021-01-01,Hatayspor,Kayserispor,1,3,Super Lig,,Turkey,False
2021-01-01,Hatayspor,Konyaspor,2,1,Super Lig,,Turkey,False
2021-01-01,Hatayspor,Sivasspor,1,1,Super Lig,,Turkey,False
2021-01-01,Hatayspor,Trabzonspor,0,1,Super Lig,,Turkey,False
2021-01-01,Hatayspor,Yeni Malatyaspor,1,2,Super Lig,,Turkey,False
2021-01-01,Başakşehir,Alanyaspor,0,0,Super Lig,,Turkey,False
2021-01-01,Başakşehir,Ankaragücü,2,1,Super Lig,,Turkey,False
2021-01-01,Başakşehir,Antalyaspor,5,1,Super Lig,,Turkey,False
2021-01-01,Başakşehir,Beşiktaş,2,3,Super Lig,,Turkey,False
2021-01-01,Başakşehir,Rizespor,1,1,Super Lig,,Turkey,False
2021-01-01,Başakşehir,Denizlispor,3,3,Super Lig,,Turkey,False
2021-01-01,Başakşehir,Erzurumspor,1,0,Super Lig,,Turkey,False
2021-01-01,Başakşehir,Karagümrük,0,1,Super Lig,,Turkey,False
2021-01-01,Başakşehir,Fenerbahçe,1,2,Super Lig,,Turkey,False
2021-01-01,Başakşehir,Galatasaray,0,2,Super Lig,,Turkey,False
2021-01-01,Başakşehir,Gaziantep,1,2,Super Lig,,Turkey,False
2021-01-01,Başakşehir,Gençlerbirliği,2,1,Super Lig,,Turkey,False
2021-01-01,Başakşehir,Göztepe,0,0,Super Lig,,Turkey,False
2021-01-01,Başakşehir,Hatayspor,1,5,Super Lig,,Turkey,False
2021-01-01,Başakşehir,Kasımpaşa,2,2,Super Lig,,Turkey,False
2021-01-01,Başakşehir,Kayserispor,0,0,Super Lig,,Turkey,False
2021-01-01,Başakşehir,Konyaspor,1,1,Super Lig,,Turkey,False
2021-01-01,Başakşehir,Sivasspor,1,1,Super Lig,,Turkey,False
2021-01-01,Başakşehir,Trabzonspor,0,1,Super Lig,,Turkey,False
2021-01-01,Başakşehir,Yeni Malatyaspor,3,1,Super Lig,,Turkey,False
2021-01-01,Kasımpaşa,Alanyaspor,3,0,Super Lig,,Turkey,False
2021-01-01,Kasımpaşa,Ankaragücü,3,1,Super Lig,,Turkey,False
2021-01-01,Kasımpaşa,Antalyaspor,2,2,Super Lig,,Turkey,False
2021-01-01,Kasımpaşa,Beşiktaş,1,0,Super Lig,,Turkey,False
2021-01-01,Kasımpaşa,Rizespor,2,0,Super Lig,,Turkey,False
2021-01-01,Kasımpaşa,Denizlispor,3,2,Super Lig,,Turkey,False
2021-01-01,Kasımpaşa,Erzurumspor,1,2,Super Lig,,Turkey,False
2021-01-01,Kasımpaşa,Karagümrük,3,2,Super Lig,,Turkey,False
2021-01-01,Kasımpaşa,Fenerbahçe,0,3,Super Lig,,Turkey,False
2021-01-01,Kasımpaşa,Galatasaray,1,0,Super Lig,,Turkey,False
2021-01-01,Kasımpaşa,Gaziantep,0,4,Super Lig,,Turkey,False
2021-01-01,Kasımpaşa,Gençlerbirliği,2,0,Super Lig,,Turkey,False
2021-01-01,Kasımpaşa,Göztepe,0,0,Super Lig,,Turkey,False
2021-01-01,Kasımpaşa,Hatayspor,1,4,Super Lig,,Turkey,False
2021-01-01,Kasımpaşa,Başakşehir,0,1,Super Lig,,Turkey,False
2021-01-01,Kasımpaşa,Kayserispor,0,1,Super Lig,,Turkey,False
2021-01-01,Kasımpaşa,Konyaspor,1,1,Super Lig,,Turkey,False
2021-01-01,Kasımpaşa,Sivasspor,2,0,Super Lig,,Turkey,False
2021-01-01,Kasımpaşa,Trabzonspor,1,2,Super Lig,,Turkey,False
2021-01-01,Kasımpaşa,Yeni Malatyaspor,0,0,Super Lig,,Turkey,False
2021-01-01,Kayserispor,Alanyaspor,1,1,Super Lig,,Turkey,False
2021-01-01,Kayserispor,Ankaragücü,0,0,Super Lig,,Turkey,False
2021-01-01,Kayserispor,Antalyaspor,0,1,Super Lig,,Turkey,False
2021-01-01,Kayserispor,Beşiktaş,0,2,Super Lig,,Turkey,False
2021-01-01,Kayserispor,Rizespor,2,1,Super Lig,,Turkey,False
2021-01-01,Kayserispor,Denizlispor,6,3,Super Lig,,Turkey,False
2021-01-01,Kayserispor,Erzurumspor,1,3,Super Lig,,Turkey,False
2021-01-01,Kayserispor,Karagümrük,0,0,Super Lig,,Turkey,False
2021-01-01,Kayserispor,Fenerbahçe,1,2,Super Lig,,Turkey,False
2021-01-01,Kayserispor,Galatasaray,0,3,Super Lig,,Turkey,False
2021-01-01,Kayserispor,Gaziantep,0,0,Super Lig,,Turkey,False
2021-01-01,Kayserispor,Gençlerbirliği,2,2,Super Lig,,Turkey,False
2021-01-01,Kayserispor,Göztepe,1,1,Super Lig,,Turkey,False
2021-01-01,Kayserispor,Hatayspor,0,1,Super Lig,,Turkey,False
2021-01-01,Kayserispor,Başakşehir,2,0,Super Lig,,Turkey,False
2021-01-01,Kayserispor,Kasımpaşa,1,0,Super Lig,,Turkey,False
2021-01-01,Kayserispor,Konyaspor,1,2,Super Lig,,Turkey,False
2021-01-01,Kayserispor,Sivasspor,1,3,Super Lig,,Turkey,False
2021-01-01,Kayserispor,Trabzonspor,0,0,Super Lig,,Turkey,False
2021-01-01,Kayserispor,Yeni Malatyaspor,1,0,Super Lig,,Turkey,False
2021-01-01,Konyaspor,Alanyaspor,1,0,Super Lig,,Turkey,False
2021-01-01,Konyaspor,Ankaragücü,1,1,Super Lig,,Turkey,False
2021-01-01,Konyaspor,Antalyaspor,0,0,Super Lig,,Turkey,False
2021-01-01,Konyaspor,Beşiktaş,4,1,Super Lig,,Turkey,False
2021-01-01,Konyaspor,Rizespor,1,1,Super Lig,,Turkey,False
2021-01-01,Konyaspor,Denizlispor,2,0,Super Lig,,Turkey,False
2021-01-01,Konyaspor,Erzurumspor,2,0,Super Lig,,Turkey,False
2021-01-01,Konyaspor,Karagümrük,5,1,Super Lig,,Turkey,False
2021-01-01,Konyaspor,Fenerbahçe,0,3,Super Lig,,Turkey,False
2021-01-01,Konyaspor,Galatasaray,4,3,Super Lig,,Turkey,False
2021-01-01,Konyaspor,Gaziantep,0,0,Super Lig,,Turkey,False
2021-01-01,Konyaspor,Gençlerbirliği,0,0,Super Lig,,Turkey,False
2021-01-01,Konyaspor,Göztepe,2,3,Super Lig,,Turkey,False
2021-01-01,Konyaspor,Hatayspor,0,0,Super Lig,,Turkey,False
2021-01-01,Konyaspor,Başakşehir,1,2,Super Lig,,Turkey,False
2021-01-01,Konyaspor,Kasımpaşa,2,1,Super Lig,,Turkey,False
2021-01-01,Konyaspor,Kayserispor,0,0,Super Lig,,Turkey,False
2021-01-01,Konyaspor,Sivasspor,0,1,Super Lig,,Turkey,False
2021-01-01,Konyaspor,Trabzonspor,1,1,Super Lig,,Turkey,False
2021-01-01,Konyaspor,Yeni Malatyaspor,1,1,Super Lig,,Turkey,False
2021-01-01,Sivasspor,Alanyaspor,0,2,Super Lig,,Turkey,False
2021-01-01,Sivasspor,Ankaragücü,0,0,Super Lig,,Turkey,False
2021-01-01,Sivasspor,Antalyaspor,0,0,Super Lig,,Turkey,False
2021-01-01,Sivasspor,Beşiktaş,0,0,Super Lig,,Turkey,False
2021-01-01,Sivasspor,Rizespor,0,2,Super Lig,,Turkey,False
2021-01-01,Sivasspor,Denizlispor,2,2,Super Lig,,Turkey,False
2021-01-01,Sivasspor,Erzurumspor,0,0,Super Lig,,Turkey,False
2021-01-01,Sivasspor,Karagümrük,1,0,Super Lig,,Turkey,False
2021-01-01,Sivasspor,Fenerbahçe,1,1,Super Lig,,Turkey,False
2021-01-01,Sivasspor,Galatasaray,1,2,Super Lig,,Turkey,False
2021-01-01,Sivasspor,Gaziantep,2,1,Super Lig,,Turkey,False
2021-01-01,Sivasspor,Gençlerbirliği,3,1,Super Lig,,Turkey,False
2021-01-01,Sivasspor,Göztepe,0,1,Super Lig,,Turkey,False
2021-01-01,Sivasspor,Hatayspor,1,1,Super Lig,,Turkey,False
2021-01-01,Sivasspor,Başakşehir,0,0,Super Lig,,Turkey,False
2021-01-01,Sivasspor,Kasımpaşa,2,1,Super Lig,,Turkey,False
2021-01-01,Sivasspor,Kayserispor,2,0,Super Lig,,Turkey,False
2021-01-01,Sivasspor,Konyaspor,3,1,Super Lig,,Turkey,False
2021-01-01,Sivasspor,Trabzonspor,0,0,Super Lig,,Turkey,False
2021-01-01,Sivasspor,Yeni Malatyaspor,1,0,Super Lig,,Turkey,False
2021-01-01,Trabzonspor,Alanyaspor,1,3,Super Lig,,Turkey,False
2021-01-01,Trabzonspor,Ankaragücü,4,1,Super Lig,,Turkey,False
2021-01-01,Trabzonspor,Antalyaspor,2,1,Super Lig,,Turkey,False
2021-01-01,Trabzonspor,Beşiktaş,1,3,Super Lig,,Turkey,False
2021-01-01,Trabzonspor,Rizespor,2,1,Super Lig,,Turkey,False
2021-01-01,Trabzonspor,Denizlispor,1,0,Super Lig,,Turkey,False
2021-01-01,Trabzonspor,Erzurumspor,1,0,Super Lig,,Turkey,False
2021-01-01,Trabzonspor,Karagümrük,2,0,Super Lig,,Turkey,False
2021-01-01,Trabzonspor,Fenerbahçe,0,1,Super Lig,,Turkey,False
2021-01-01,Trabzonspor,Galatasaray,0,2,Super Lig,,Turkey,False
2021-01-01,Trabzonspor,Gaziantep,1,0,Super Lig,,Turkey,False
2021-01-01,Trabzonspor,Gençlerbirliği,2,1,Super Lig,,Turkey,False
2021-01-01,Trabzonspor,Göztepe,1,0,Super Lig,,Turkey,False
2021-01-01,Trabzonspor,Hatayspor,1,1,Super Lig,,Turkey,False
2021-01-01,Trabzonspor,Başakşehir,0,2,Super Lig,,Turkey,False
2021-01-01,Trabzonspor,Kasımpaşa,3,4,Super Lig,,Turkey,False
2021-01-01,Trabzonspor,Kayserispor,1,1,Super Lig,,Turkey,False
2021-01-01,Trabzonspor,Konyaspor,3,1,Super Lig,,Turkey,False
2021-01-01,Trabzonspor,Sivasspor,1,1,Super Lig,,Turkey,False
2021-01-01,Trabzonspor,Yeni Malatyaspor,3,1,Super Lig,,Turkey,False
2021-01-01,Yeni Malatyaspor,Alanyaspor,1,0,Super Lig,,Turkey,False
2021-01-01,Yeni Malatyaspor,Ankaragücü,2,1,Super Lig,,Turkey,False
2021-01-01,Yeni Malatyaspor,Antalyaspor,1,0,Super Lig,,Turkey,False
2021-01-01,Yeni Malatyaspor,Beşiktaş,0,1,Super Lig,,Turkey,False
2021-01-01,Yeni Malatyaspor,Rizespor,4,1,Super Lig,,Turkey,False
2021-01-01,Yeni Malatyaspor,Denizlispor,2,0,Super Lig,,Turkey,False
2021-01-01,Yeni Malatyaspor,Erzurumspor,1,3,Super Lig,,Turkey,False
2021-01-01,Yeni Malatyaspor,Karagümrük,0,0,Super Lig,,Turkey,False
2021-01-01,Yeni Malatyaspor,Fenerbahçe,1,1,Super Lig,,Turkey,False
2021-01-01,Yeni Malatyaspor,Galatasaray,0,1,Super Lig,,Turkey,False
2021-01-01,Yeni Malatyaspor,Gaziantep,2,2,Super Lig,,Turkey,False
2021-01-01,Yeni Malatyaspor,Gençlerbirliği,2,1,Super Lig,,Turkey,False
2021-01-01,Yeni Malatyaspor,Göztepe,1,1,Super Lig,,Turkey,False
2021-01-01,Yeni Malatyaspor,Hatayspor,1,1,Super Lig,,Turkey,False
2021-01-01,Yeni Malatyaspor,Başakşehir,1,1,Super Lig,,Turkey,False
2021-01-01,Yeni Malatyaspor,Kasımpaşa,2,0,Super Lig,,Turkey,False
2021-01-01,Yeni Malatyaspor,Kayserispor,1,1,Super Lig,,Turkey,False
2021-01-01,Yeni Malatyaspor,Konyaspor,2,3,Super Lig,,Turkey,False
2021-01-01,Yeni Malatyaspor,Sivasspor,2,2,Super Lig,,Turkey,False
2021-01-01,Yeni Malatyaspor,Trabzonspor,0,2,Super Lig,,Turkey,False
2022-01-01,Adana Demirspor,Alanyaspor,1,2,Super Lig,,Turkey,False
2022-01-01,Adana Demirspor,Altay,3,1,Super Lig,,Turkey,False
2022-01-01,Adana Demirspor,Antalyaspor,0,0,Super Lig,,Turkey,False
2022-01-01,Adana Demirspor,Beşiktaş,1,1,Super Lig,,Turkey,False
2022-01-01,Adana Demirspor,Rizespor,3,1,Super Lig,,Turkey,False
2022-01-01,Adana Demirspor,Karagümrük,5,0,Super Lig,,Turkey,False
2022-01-01,Adana Demirspor,Fenerbahçe,0,1,Super Lig,,Turkey,False
2022-01-01,Adana Demirspor,Galatasaray,2,0,Super Lig,,Turkey,False
2022-01-01,Adana Demirspor,Gaziantep,4,0,Super Lig,,Turkey,False
2022-01-01,Adana Demirspor,Giresunspor,1,0,Super Lig,,Turkey,False
2022-01-01,Adana Demirspor,Göztepe,7,0,Super Lig,,Turkey,False
2022-01-01,Adana Demirspor,Hatayspor,1,0,Super Lig,,Turkey,False
2022-01-01,Adana Demirspor,Başakşehir,2,1,Super Lig,,Turkey,False
2022-01-01,Adana Demirspor,Kasımpaşa,0,0,Super Lig,,Turkey,False
2022-01-01,Adana Demirspor,Kayserispor,1,1,Super Lig,,Turkey,False
2022-01-01,Adana Demirspor,Konyaspor,1,1,Super Lig,,Turkey,False
2022-01-01,Adana Demirspor,Sivasspor,2,3,Super Lig,,Turkey,False
2022-01-01,Adana Demirspor,Trabzonspor,1,3,Super Lig,,Turkey,False
2022-01-01,Adana Demirspor,Yeni Malatyaspor,0,2,Super Lig,,Turkey,False
2022-01-01,Alanyaspor,Adana Demirspor,1,3,Super Lig,,Turkey,False
2022-01-01,Alanyaspor,Altay,1,4,Super Lig,,Turkey,False
2022-01-01,Alanyaspor,Antalyaspor,1,3,Super Lig,,Turkey,False
2022-01-01,Alanyaspor,Beşiktaş,2,0,Super Lig,,Turkey,False
2022-01-01,Alanyaspor,Rizespor,2,1,Super Lig,,Turkey,False
2022-01-01,Alanyaspor,Karagümrük,1,1,Super Lig,,Turkey,False
2022-01-01,Alanyaspor,Fenerbahçe,2,5,Super Lig,,Turkey,False
2022-01-01,Alanyaspor,Galatasaray,1,1,Super Lig,,Turkey,False
2022-01-01,Alanyaspor,Gaziantep,3,0,Super Lig,,Turkey,False
2022-01-01,Alanyaspor,Giresunspor,1,0,Super Lig,,Turkey,False
2022-01-01,Alanyaspor,Göztepe,2,2,Super Lig,,Turkey,False
2022-01-01,Alanyaspor,Hatayspor,6,0,Super Lig,,Turkey,False
2022-01-01,Alanyaspor,Başakşehir,1,1,Super Lig,,Turkey,False
2022-01-01,Alanyaspor,Kasımpaşa,2,0,Super Lig,,Turkey,False
2022-01-01,Alanyaspor,Kayserispor,6,3,Super Lig,,Turkey,False
2022-01-01,Alanyaspor,Konyaspor,5,1,Super Lig,,Turkey,False
2022-01-01,Alanyaspor,Sivasspor,0,1,Super Lig,,Turkey,False
2022-01-01,Alanyaspor,Trabzonspor,0,4,Super Lig,,Turkey,False
2022-01-01,Alanyaspor,Yeni Malatyaspor,2,1,Super Lig,,Turkey,False
2022-01-01,Altay,Adana Demirspor,1,3,Super Lig,,Turkey,False
2022-01-01,Altay,Alanyaspor,0,2,Super Lig,,Turkey,False
2022-01-01,Altay,Antalyaspor,1,2,Super Lig,,Turkey,False
2022-01-01,Altay,Beşiktaş,2,1,Super Lig,,Turkey,False
2022-01-01,Altay,Rizespor,0,0,Super Lig,,Turkey,False
2022-01-01,Altay,Karagümrük,0,1,Super Lig,,Turkey,False
2022-01-01,Altay,Fenerbahçe,0,2,Super Lig,,Turkey,False
2022-01-01,Altay,Galatasaray,0,1,Super Lig,,Turkey,False
2022-01-01,Altay,Gaziantep,3,2,Super Lig,,Turkey,False
2022-01-01,Altay,Giresunspor,1,1,Super Lig,,Turkey,False
2022-01-01,Altay,Hatayspor,1,2,Super Lig,,Turkey,False
2022-01-01,Altay,Başakşehir,1,1,Super Lig,,Turkey,False
2022-01-01,Altay,Kasımpaşa,2,4,Super Lig,,Turkey,False
2022-01-01,Altay,Kayserispor,3,0,Super Lig,,Turkey,False
2022-01-01,Altay,Konyaspor,0,1,Super Lig,,Turkey,False
2022-01-01,Altay,Sivasspor,1,1,Super Lig,,Turkey,False
2022-01-01,Altay,Trabzonspor,1,2,Super Lig,,Turkey,False
2022-01-01,Altay,Yeni Malatyaspor,1,0,Super Lig,,Turkey,False
2022-01-01,Antalyaspor,Adana Demirspor,1,2,Super Lig,,Turkey,False
2022-01-01,Antalyaspor,Alanyaspor,3,0,Super Lig,,Turkey,False
2022-01-01,Antalyaspor,Altay,1,0,Super Lig,,Turkey,False
2022-01-01,Antalyaspor,Beşiktaş,2,3,Super Lig,,Turkey,False
2022-01-01,Antalyaspor,Rizespor,3,2,Super Lig,,Turkey,False
2022-01-01,Antalyaspor,Karagümrük,3,0,Super Lig,,Turkey,False
2022-01-01,Antalyaspor,Fenerbahçe,1,1,Super Lig,,Turkey,False
2022-01-01,Antalyaspor,Galatasaray,1,1,Super Lig,,Turkey,False
2022-01-01,Antalyaspor,Gaziantep,0,0,Super Lig,,Turkey,False
2022-01-01,Antalyaspor,Giresunspor,4,1,Super Lig,,Turkey,False
2022-01-01,Antalyaspor,Göztepe,1,1,Super Lig,,Turkey,False
2022-01-01,Antalyaspor,Hatayspor,4,1,Super Lig,,Turkey,False
2022-01-01,Antalyaspor,Başakşehir,1,2,Super Lig,,Turkey,False
2022-01-01,Antalyaspor,Kasımpaşa,1,1,Super Lig,,Turkey,False
2022-01-01,Antalyaspor,Kayserispor,1,1,Super Lig,,Turkey,False
2022-01-01,Antalyaspor,Konyaspor,3,2,Super Lig,,Turkey,False
2022-01-01,Antalyaspor,Sivasspor,1,0,Super Lig,,Turkey,False
2022-01-01,Antalyaspor,Trabzonspor,2,1,Super Lig,,Turkey,False
2022-01-01,Antalyaspor,Yeni Malatyaspor,1,0,Super Lig,,Turkey,False
2022-01-01,Beşiktaş,Adana Demirspor,3,3,Super Lig,,Turkey,False
2022-01-01,Beşiktaş,Alanyaspor,4,1,Super Lig,,Turkey,False
2022-01-01,Beşiktaş,Altay,1,0,Super Lig,,Turkey,False
2022-01-01,Beşiktaş,Antalyaspor,0,0,Super Lig,,Turkey,False
2022-01-01,Beşiktaş,Rizespor,3,0,Super Lig,,Turkey,False
2022-01-01,Beşiktaş,Karagümrük,1,0,Super Lig,,Turkey,False
2022-01-01,Beşiktaş,Gaziantep,1,0,Super Lig,,Turkey,False
2022-01-01,Beşiktaş,Giresunspor,0,4,Super Lig,,Turkey,False
2022-01-01,Beşiktaş,Göztepe,2,1,Super Lig,,Turkey,False
2022-01-01,Beşiktaş,Hatayspor,1,1,Super Lig,,Turkey,False
2022-01-01,Beşiktaş,Başakşehir,2,2,Super Lig,,Turkey,False
2022-01-01,Beşiktaş,Kasımpaşa,0,3,Super Lig,,Turkey,False
2022-01-01,Beşiktaş,Kayserispor,4,2,Super Lig,,Turkey,False
2022-01-01,Beşiktaş,Konyaspor,1,1,Super Lig,,Turkey,False
2022-01-01,Beşiktaş,Sivasspor,2,1,Super Lig,,Turkey,False
2022-01-01,Beşiktaş,Trabzonspor,1,2,Super Lig,,Turkey,False
2022-01-01,Beşiktaş,Yeni Malatyaspor,3,0,Super Lig,,Turkey,False
2022-01-01,Rizespor,Adana Demirspor,1,3,Super Lig,,Turkey,False
2022-01-01,Rizespor,Alanyaspor,2,0,Super Lig,,Turkey,False
2022-01-01,Rizespor,Altay,1,2,Super Lig,,Turkey,False
2022-01-01,Rizespor,Antalyaspor,2,1,Super Lig,,Turkey,False
2022-01-01,Rizespor,Beşiktaş,2,2,Super Lig,,Turkey,False
2022-01-01,Rizespor,Karagümrük,0,0,Super Lig,,Turkey,False
2022-01-01,Rizespor,Fenerbahçe,0,6,Super Lig,,Turkey,False
2022-01-01,Rizespor,Galatasaray,2,3,Super Lig,,Turkey,False
2022-01-01,Rizespor,Gaziantep,0,1,Super Lig,,Turkey,False
2022-01-01,Rizespor,Giresunspor,1,2,Super Lig,,Turkey,False
2022-01-01,Rizespor,Göztepe,3,1,Super Lig,,Turkey,False
2022-01-01,Rizespor,Hatayspor,0,2,Super Lig,,Turkey,False
2022-01-01,Rizespor,Başakşehir,0,2,Super Lig,,Turkey,False
2022-01-01,Rizespor,Kasımpaşa,2,1,Super Lig,,Turkey,False
2022-01-01,Rizespor,Kayserispor,1,0,Super Lig,,Turkey,False
2022-01-01,Rizespor,Konyaspor,2,1,Super Lig,,Turkey,False
2022-01-01,Rizespor,Sivasspor,1,2,Super Lig,,Turkey,False
2022-01-01,Rizespor,Trabzonspor,3,2,Super Lig,,Turkey,False
2022-01-01,Rizespor,Yeni Malatyaspor,1,0,Super Lig,,Turkey,False
2022-01-01,Karagümrük,Adana Demirspor,4,0,Super Lig,,Turkey,False
2022-01-01,Karagümrük,Alanyaspor,0,1,Super Lig,,Turkey,False
2022-01-01,Karagümrük,Altay,0,0,Super Lig,,Turkey,False
2022-01-01,Karagümrük,Antalyaspor,0,0,Super Lig,,Turkey,False
2022-01-01,Karagümrük,Beşiktaş,0,1,Super Lig,,Turkey,False
2022-01-01,Karagümrük,Rizespor,2,0,Super Lig,,Turkey,False
2022-01-01,Karagümrük,Fenerbahçe,1,1,Super Lig,,Turkey,False
2022-01-01,Karagümrük,Galatasaray,1,1,Super Lig,,Turkey,False
2022-01-01,Karagümrük,Gaziantep,3,2,Super Lig,,Turkey,False
2022-01-01,Karagümrük,Giresunspor,2,1,Super Lig,,Turkey,False
2022-01-01,Karagümrük,Göztepe,3,1,Super Lig,,Turkey,False
2022-01-01,Karagümrük,Hatayspor,1,1,Super Lig,,Turkey,False
2022-01-01,Karagümrük,Başakşehir,3,1,Super Lig,,Turkey,False
2022-01-01,Karagümrük,Kasımpaşa,3,2,Super Lig,,Turkey,False
2022-01-01,Karagümrük,Kayserispor,3,0,Super Lig,,Turkey,False
2022-01-01,Karagümrük,Konyaspor,1,4,Super Lig,,Turkey,False
2022-01-01,Karagümrük,Sivasspor,1,0,Super Lig,,Turkey,False
2022-01-01,Karagümrük,Trabzonspor,0,2,Super Lig,,Turkey,False
2022-01-01,Karagümrük,Yeni Malatyaspor,1,0,Super Lig,,Turkey,False
2022-01-01,Fenerbahçe,Adana Demirspor,1,2,Super Lig,,Turkey,False
2022-01-01,Fenerbahçe,Alanyaspor,1,2,Super Lig,,Turkey,False
2022-01-01,Fenerbahçe,Altay,2,1,Super Lig,,Turkey,False
2022-01-01,Fenerbahçe,Antalyaspor,2,0,Super Lig,,Turkey,False
2022-01-01,Fenerbahçe,Rizespor,4,0,Super Lig,,Turkey,False
2022-01-01,Fenerbahçe,Karagümrük,0,0,Super Lig,,Turkey,False
2022-01-01,Fenerbahçe,Gaziantep,3,2,Super Lig,,Turkey,False
2022-01-01,Fenerbahçe,Giresunspor,2,1,Super Lig,,Turkey,False
2022-01-01,Fenerbahçe,Göztepe,2,0,Super Lig,,Turkey,False
2022-01-01,Fenerbahçe,Hatayspor,2,0,Super Lig,,Turkey,False
2022-01-01,Fenerbahçe,Başakşehir,0,1,Super Lig,,Turkey,False
2022-01-01,Fenerbahçe,Kasımpaşa,2,1,Super Lig,,Turkey,False
2022-01-01,Fenerbahçe,Kayserispor,2,2,Super Lig,,Turkey,False
2022-01-01,Fenerbahçe,Konyaspor,2,1,Super Lig,,Turkey,False
2022-01-01,Fenerbahçe,Sivasspor,1,1,Super Lig,,Turkey,False
2022-01-01,Fenerbahçe,Trabzonspor,1,1,Super Lig,,Turkey,False
2022-01-01,Fenerbahçe,Yeni Malatyaspor,2,0,Super Lig,,Turkey,False
2022-01-01,Galatasaray,Adana Demirspor,3,2,Super Lig,,Turkey,False
2022-01-01,Galatasaray,Alanyaspor,0,1,Super Lig,,Turkey,False
2022-01-01,Galatasaray,Altay,2,2,Super Lig,,Turkey,False
2022-01-01,Galatasaray,Antalyaspor,2,0,Super Lig,,Turkey,False
2022-01-01,Galatasaray,Rizespor,4,2,Super Lig,,Turkey,False
2022-01-01,Galatasaray,Karagümrük,2,0,Super Lig,,Turkey,False
2022-01-01,Galatasaray,Gaziantep,2,0,Super Lig,,Turkey,False
2022-01-01,Galatasaray,Giresunspor,0,1,Super Lig,,Turkey,False
2022-01-01,Galatasaray,Göztepe,2,1,Super Lig,,Turkey,False
2022-01-01,Galatasaray,Hatayspor,2,1,Super Lig,,Turkey,False
2022-01-01,Galatasaray,Başakşehir,1,1,Super Lig,,Turkey,False
2022-01-01,Galatasaray,Kasımpaşa,1,3,Super Lig,,Turkey,False
2022-01-01,Galatasaray,Kayserispor,1,1,Super Lig,,Turkey,False
2022-01-01,Galatasaray,Konyaspor,1,0,Super Lig,,Turkey,False
2022-01-01,Galatasaray,Sivasspor,2,3,Super Lig,,Turkey,False
2022-01-01,Galatasaray,Trabzonspor,1,2,Super Lig,,Turkey,False
2022-01-01,Galatasaray,Yeni Malatyaspor,2,0,Super Lig,,Turkey,False
2022-01-01,Gaziantep,Adana Demirspor,0,3,Super Lig,,Turkey,False
2022-01-01,Gaziantep,Alanyaspor,2,1,Super Lig,,Turkey,False
2022-01-01,Gaziantep,Altay,4,1,Super Lig,,Turkey,False
2022-01-01,Gaziantep,Antalyaspor,2,0,Super Lig,,Turkey,False
2022-01-01,Gaziantep,Beşiktaş,0,0,Super Lig,,Turkey,False
2022-01-01,Gaziantep,Rizespor,2,0,Super Lig,,Turkey,False
2022-01-01,Gaziantep,Karagümrük,3,1,Super Lig,,Turkey,False
2022-01-01,Gaziantep,Fenerbahçe,3,2,Super Lig,,Turkey,False
2022-01-01,Gaziantep,Galatasaray,3,1,Super Lig,,Turkey,False
2022-01-01,Gaziantep,Giresunspor,1,1,Super Lig,,Turkey,False
2022-01-01,Gaziantep,Göztepe,1,1,Super Lig,,Turkey,False
2022-01-01,Gaziantep,Hatayspor,2,2,Super Lig,,Turkey,False
2022-01-01,Gaziantep,Başakşehir,1,0,Super Lig,,Turkey,False
2022-01-01,Gaziantep,Kasımpaşa,2,0,Super Lig,,Turkey,False
2022-01-01,Gaziantep,Kayserispor,1,1,Super Lig,,Turkey,False
2022-01-01,Gaziantep,Konyaspor,3,2,Super Lig,,Turkey,False
2022-01-01,Gaziantep,Sivasspor,5,1,Super Lig,,Turkey,False
2022-01-01,Gaziantep,Trabzonspor,0,0,Super Lig,,Turkey,False
2022-01-01,Gaziantep,Yeni Malatyaspor,0,0,Super Lig,,Turkey,False
2022-01-01,Giresunspor,Adana Demirspor,2,0,Super Lig,,Turkey,False
2022-01-01,Giresunspor,Alanyaspor,1,3,Super Lig,,Turkey,False
2022-01-01,Giresunspor,Altay,3,1,Super Lig,,Turkey,False
2022-01-01,Giresunspor,Antalyaspor,1,2,Super Lig,,Turkey,False
2022-01-01,Giresunspor,Beşiktaş,0,0,Super Lig,,Turkey,False
2022-01-01,Giresunspor,Rizespor,2,0,Super Lig,,Turkey,False
2022-01-01,Giresunspor,Karagümrük,3,1,Super Lig,,Turkey,False
2022-01-01,Giresunspor,Fenerbahçe,1,2,Super Lig,,Turkey,False
2022-01-01,Giresunspor,Galatasaray,0,2,Super Lig,,Turkey,False
2022-01-01,Giresunspor,Gaziantep,2,1,Super Lig,,Turkey,False
2022-01-01,Giresunspor,Göztepe,3,1,Super Lig,,Turkey,False
2022-01-01,Giresunspor,Hatayspor,0,1,Super Lig,,Turkey,False
2022-01-01,Giresunspor,Başakşehir,1,1,Super Lig,,Turkey,False
2022-01-01,Giresunspor,Kasımpaşa,0,2,Super Lig,,Turkey,False
2022-01-01,Giresunspor,Kayserispor,1,1,Super Lig,,Turkey,False
2022-01-01,Giresunspor,Konyaspor,0,0,Super Lig,,Turkey,False
2022-01-01,Giresunspor,Sivasspor,2,2,Super Lig,,Turkey,False
2022-01-01,Giresunspor,Trabzonspor,0,1,Super Lig,,Turkey,False
2022-01-01,Giresunspor,Yeni Malatyaspor,1,0,Super Lig,,Turkey,False
2022-01-01,Göztepe,Adana Demirspor,1,1,Super Lig,,Turkey,False
2022-01-01,Göztepe,Alanyaspor,0,2,Super Lig,,Turkey,False
2022-01-01,Göztepe,Antalyaspor,4,0,Super Lig,,Turkey,False
2022-01-01,Göztepe,Beşiktaş,0,2,Super Lig,,Turkey,False
2022-01-01,Göztepe,Rizespor,1,7,Super Lig,,Turkey,False
2022-01-01,Göztepe,Karagümrük,0,1,Super Lig,,Turkey,False
2022-01-01,Göztepe,Fenerbahçe,1,1,Super Lig,,Turkey,False
2022-01-01,Göztepe,Galatasaray,2,3,Super Lig,,Turkey,False
2022-01-01,Göztepe,Gaziantep,2,1,Super Lig,,Turkey,False
2022-01-01,Göztepe,Giresunspor,0,1,Super Lig,,Turkey,False
2022-01-01,Göztepe,Hatayspor,0,2,Super Lig,,Turkey,False
2022-01-01,Göztepe,Başakşehir,2,1,Super Lig,,Turkey,False
2022-01-01,Göztepe,Kasımpaşa,2,3,Super Lig,,Turkey,False
2022-01-01,Göztepe,Kayserispor,1,2,Super Lig,,Turkey,False
2022-01-01,Göztepe,Konyaspor,0,2,Super Lig,,Turkey,False
2022-01-01,Göztepe,Sivasspor,2,1,Super Lig,,Turkey,False
2022-01-01,Göztepe,Trabzonspor,0,1,Super Lig,,Turkey,False
2022-01-01,Göztepe,Yeni Malatyaspor,0,1,Super Lig,,Turkey,False
2022-01-01,Hatayspor,Adana Demirspor,0,0,Super Lig,,Turkey,False
2022-01-01,Hatayspor,Alanyaspor,5,0,Super Lig,,Turkey,False
2022-01-01,Hatayspor,Altay,0,1,Super Lig,,Turkey,False
2022-01-01,Hatayspor,Antalyaspor,3,1,Super Lig,,Turkey,False
2022-01-01,Hatayspor,Beşiktaş,1,0,Super Lig,,Turkey,False
2022-01-01,Hatayspor,Rizespor,0,0,Super Lig,,Turkey,False
2022-01-01,Hatayspor,Karagümrük,3,0,Super Lig,,Turkey,False
2022-01-01,Hatayspor,Fenerbahçe,1,2,Super Lig,,Turkey,False
2022-01-01,Hatayspor,Galatasaray,4,2,Super Lig,,Turkey,False
2022-01-01,Hatayspor,Gaziantep,2,1,Super Lig,,Turkey,False
2022-01-01,Hatayspor,Giresunspor,4,1,Super Lig,,Turkey,False
2022-01-01,Hatayspor,Göztepe,2,1,Super Lig,,Turkey,False
2022-01-01,Hatayspor,Başakşehir,0,3,Super Lig,,Turkey,False
2022-01-01,Hatayspor,Kasımpaşa,1,1,Super Lig,,Turkey,False
2022-01-01,Hatayspor,Kayserispor,2,1,Super Lig,,Turkey,False
2022-01-01,Hatayspor,Konyaspor,1,3,Super Lig,,Turkey,False
2022-01-01,Hatayspor,Sivasspor,1,1,Super Lig,,Turkey,False
2022-01-01,Hatayspor,Trabzonspor,1,1,Super Lig,,Turkey,False
2022-01-01,Hatayspor,Yeni Malatyaspor,5,2,Super Lig,,Turkey,False
2022-01-01,Başakşehir,Adana Demirspor,2,1,Super Lig,,Turkey,False
2022-01-01,Başakşehir,Alanyaspor,0,1,Super Lig,,Turkey,False
2022-01-01,Başakşehir,Altay,0,0,Super Lig,,Turkey,False
2022-01-01,Başakşehir,Antalyaspor,0,1,Super Lig,,Turkey,False
2022-01-01,Başakşehir,Beşiktaş,3,2,Super Lig,,Turkey,False
2022-01-01,Başakşehir,Rizespor,3,0,Super Lig,,Turkey,False
2022-01-01,Başakşehir,Karagümrük,1,2,Super Lig,,Turkey,False
2022-01-01,Başakşehir,Fenerbahçe,2,0,Super Lig,,Turkey,False
2022-01-01,Başakşehir,Galatasaray,0,0,Super Lig,,Turkey,False
2022-01-01,Başakşehir,Gaziantep,2,0,Super Lig,,Turkey,False
2022-01-01,Başakşehir,Giresunspor,3,1,Super Lig,,Turkey,False
2022-01-01,Başakşehir,Göztepe,1,2,Super Lig,,Turkey,False
2022-01-01,Başakşehir,Hatayspor,3,0,Super Lig,,Turkey,False
2022-01-01,Başakşehir,Kasımpaşa,2,1,Super Lig,,Turkey,False
2022-01-01,Başakşehir,Kayserispor,0,1,Super Lig,,Turkey,False
2022-01-01,Başakşehir,Konyaspor,2,1,Super Lig,,Turkey,False
2022-01-01,Başakşehir,Sivasspor,2,1,Super Lig,,Turkey,False
2022-01-01,Başakşehir,Trabzonspor,3,1,Super Lig,,Turkey,False
2022-01-01,Başakşehir,Yeni Malatyaspor,1,0,Super Lig,,Turkey,False
2022-01-01,Kasımpaşa,Adana Demirspor,4,0,Super Lig,,Turkey,False
2022-01-01,Kasımpaşa,Alanyaspor,2,2,Super Lig,,Turkey,False
2022-01-01,Kasımpaşa,Altay,2,0,Super Lig,,Turkey,False
2022-01-01,Kasımpaşa,Antalyaspor,2,4,Super Lig,,Turkey,False
2022-01-01,Kasımpaşa,Beşiktaş,1,1,Super Lig,,Turkey,False
2022-01-01,Kasımpaşa,Rizespor,3,1,Super Lig,,Turkey,False
2022-01-01,Kasımpaşa,Karagümrük,1,3,Super Lig,,Turkey,False
2022-01-01,Kasımpaşa,Fenerbahçe,1,2,Super Lig,,Turkey,False
2022-01-01,Kasımpaşa,Galatasaray,2,2,Super Lig,,Turkey,False
2022-01-01,Kasımpaşa,Gaziantep,2,1,Super Lig,,Turkey,False
2022-01-01,Kasımpaşa,Giresunspor,2,0,Super Lig,,Turkey,False
2022-01-01,Kasımpaşa,Göztepe,1,2,Super Lig,,Turkey,False
2022-01-01,Kasımpaşa,Hatayspor,3,1,Super Lig,,Turkey,False
2022-01-01,Kasımpaşa,Başakşehir,2,3,Super Lig,,Turkey,False
2022-01-01,Kasımpaşa,Kayserispor,3,1,Super Lig,,Turkey,False
2022-01-01,Kasımpaşa,Konyaspor,2,2,Super Lig,,Turkey,False
2022-01-01,Kasımpaşa,Sivasspor,1,3,Super Lig,,Turkey,False
2022-01-01,Kasımpaşa,Trabzonspor,0,1,Super Lig,,Turkey,False
2022-01-01,Kasımpaşa,Yeni Malatyaspor,2,0,Super Lig,,Turkey,False
2022-01-01,Kayserispor,Adana Demirspor,1,1,Super Lig,,Turkey,False
2022-01-01,Kayserispor,Alanyaspor,1,2,Super Lig,,Turkey,False
2022-01-01,Kayserispor,Altay,1,0,Super Lig,,Turkey,False
2022-01-01,Kayserispor,Antalyaspor,2,0,Super Lig,,Turkey,False
2022-01-01,Kayserispor,Beşiktaş,2,3,Super Lig,,Turkey,False
2022-01-01,Kayserispor,Rizespor,1,1,Super Lig,,Turkey,False
2022-01-01,Kayserispor,Karagümrük,2,1,Super Lig,,Turkey,False
2022-01-01,Kayserispor,Fenerbahçe,0,4,Super Lig,,Turkey,False
2022-01-01,Kayserispor,Galatasaray,3,0,Super Lig,,Turkey,False
2022-01-01,Kayserispor,Gaziantep,0,0,Super Lig,,Turkey,False
2022-01-01,Kayserispor,Giresunspor,2,1,Super Lig,,Turkey,False
2022-01-01,Kayserispor,Göztepe,1,1,Super Lig,,Turkey,False
2022-01-01,Kayserispor,Hatayspor,4,3,Super Lig,,Turkey,False
2022-01-01,Kayserispor,Başakşehir,1,0,Super Lig,,Turkey,False
2022-01-01,Kayserispor,Kasımpaşa,2,0,Super Lig,,Turkey,False
2022-01-01,Kayserispor,Konyaspor,2,3,Super Lig,,Turkey,False
2022-01-01,Kayserispor,Sivasspor,3,0,Super Lig,,Turkey,False
2022-01-01,Kayserispor,Trabzonspor,1,2,Super Lig,,Turkey,False
2022-01-01,Kayserispor,Yeni Malatyaspor,3,0,Super Lig,,Turkey,False
2022-01-01,Konyaspor,Adana Demirspor,1,0,Super Lig,,Turkey,False
2022-01-01,Konyaspor,Alanyaspor,1,1,Super Lig,,Turkey,False
2022-01-01,Konyaspor,Altay,3,1,Super Lig,,Turkey,False
2022-01-01,Konyaspor,Antalyaspor,1,0,Super Lig,,Turkey,False
2022-01-01,Konyaspor,Beşiktaş,1,0,Super Lig,,Turkey,False
2022-01-01,Konyaspor,Rizespor,3,0,Super Lig,,Turkey,False
2022-01-01,Konyaspor,Karagümrük,1,2,Super Lig,,Turkey,False
2022-01-01,Konyaspor,Fenerbahçe,2,1,Super Lig,,Turkey,False
2022-01-01,Konyaspor,Galatasaray,2,0,Super Lig,,Turkey,False
2022-01-01,Konyaspor,Gaziantep,4,1,Super Lig,,Turkey,False
2022-01-01,Konyaspor,Giresunspor,1,0,Super Lig,,Turkey,False
2022-01-01,Konyaspor,Göztepe,3,0,Super Lig,,Turkey,False
2022-01-01,Konyaspor,Hatayspor,3,1,Super Lig,,Turkey,False
2022-01-01,Konyaspor,Başakşehir,2,1,Super Lig,,Turkey,False
2022-01-01,Konyaspor,Kasımpaşa,4,4,Super Lig,,Turkey,False
2022-01-01,Konyaspor,Kayserispor,2,0,Super Lig,,Turkey,False
2022-01-01,Konyaspor,Sivasspor,0,1,Super Lig,,Turkey,False
2022-01-01,Konyaspor,Trabzonspor,2,2,Super Lig,,Turkey,False
2022-01-01,Konyaspor,Yeni Malatyaspor,0,0,Super Lig,,Turkey,False
2022-01-01,Sivasspor,Adana Demirspor,1,1,Super Lig,,Turkey,False
2022-01-01,Sivasspor,Alanyaspor,1,0,Super Lig,,Turkey,False
2022-01-01,Sivasspor,Altay,2,1,Super Lig,,Turkey,False
2022-01-01,Sivasspor,Antalyaspor,2,2,Super Lig,,Turkey,False
2022-01-01,Sivasspor,Beşiktaş,2,3,Super Lig,,Turkey,False
2022-01-01,Sivasspor,Rizespor,1,1,Super Lig,,Turkey,False
2022-01-01,Sivasspor,Karagümrük,4,0,Super Lig,,Turkey,False
2022-01-01,Sivasspor,Fenerbahçe,1,1,Super Lig,,Turkey,False
2022-01-01,Sivasspor,Galatasaray,1,0,Super Lig,,Turkey,False
2022-01-01,Sivasspor,Gaziantep,1,1,Super Lig,,Turkey,False
2022-01-01,Sivasspor,Giresunspor,0,0,Super Lig,,Turkey,False
2022-01-01,Sivasspor,Göztepe,2,2,Super Lig,,Turkey,False
2022-01-01,Sivasspor,Hatayspor,4,0,Super Lig,,Turkey,False
2022-01-01,Sivasspor,Başakşehir,0,2,Super Lig,,Turkey,False
2022-01-01,Sivasspor,Kasımpaşa,1,3,Super Lig,,Turkey,False
2022-01-01,Sivasspor,Kayserispor,2,1,Super Lig,,Turkey,False
2022-01-01,Sivasspor,Konyaspor,0,1,Super Lig,,Turkey,False
2022-01-01,Sivasspor,Trabzonspor,1,1,Super Lig,,Turkey,False
2022-01-01,Sivasspor,Yeni Malatyaspor,1,2,Super Lig,,Turkey,False
2022-01-01,Trabzonspor,Adana Demirspor,2,0,Super Lig,,Turkey,False
2022-01-01,Trabzonspor,Alanyaspor,1,1,Super Lig,,Turkey,False
2022-01-01,Trabzonspor,Altay,2,1,Super Lig,,Turkey,False
2022-01-01,Trabzonspor,Antalyaspor,2,2,Super Lig,,Turkey,False
2022-01-01,Trabzonspor,Beşiktaş,1,1,Super Lig,,Turkey,False
2022-01-01,Trabzonspor,Rizespor,2,1,Super Lig,,Turkey,False
2022-01-01,Trabzonspor,Karagümrük,1,1,Super Lig,,Turkey,False
2022-01-01,Trabzonspor,Fenerbahçe,3,1,Super Lig,,Turkey,False
2022-01-01,Trabzonspor,Galatasaray,2,2,Super Lig,,Turkey,False
2022-01-01,Trabzonspor,Gaziantep,3,0,Super Lig,,Turkey,False
2022-01-01,Trabzonspor,Giresunspor,1,1,Super Lig,,Turkey,False
2022-01-01,Trabzonspor,Göztepe,4,2,Super Lig,,Turkey,False
2022-01-01,Trabzonspor,Hatayspor,2,0,Super Lig,,Turkey,False
2022-01-01,Trabzonspor,Başakşehir,0,0,Super Lig,,Turkey,False
2022-01-01,Trabzonspor,Kasımpaşa,1,0,Super Lig,,Turkey,False
2022-01-01,Trabzonspor,Kayserispor,3,2,Super Lig,,Turkey,False
2022-01-01,Trabzonspor,Konyaspor,2,1,Super Lig,,Turkey,False
2022-01-01,Trabzonspor,Sivasspor,2,1,Super Lig,,Turkey,False
2022-01-01,Trabzonspor,Yeni Malatyaspor,1,0,Super Lig,,Turkey,False
2022-01-01,Yeni Malatyaspor,Adana Demirspor,1,0,Super Lig,,Turkey,False
2022-01-01,Yeni Malatyaspor,Alanyaspor,2,6,Super Lig,,Turkey,False
2022-01-01,Yeni Malatyaspor,Altay,2,1,Super Lig,,Turkey,False
2022-01-01,Yeni Malatyaspor,Antalyaspor,1,2,Super Lig,,Turkey,False
2022-01-01,Yeni Malatyaspor,Beşiktaş,1,1,Super Lig,,Turkey,False
2022-01-01,Yeni Malatyaspor,Rizespor,1,3,Super Lig,,Turkey,False
2022-01-01,Yeni Malatyaspor,Karagümrük,3,4,Super Lig,,Turkey,False
2022-01-01,Yeni Malatyaspor,Fenerbahçe,0,5,Super Lig,,Turkey,False
2022-01-01,Yeni Malatyaspor,Galatasaray,0,0,Super Lig,,Turkey,False
2022-01-01,Yeni Malatyaspor,Gaziantep,2,0,Super Lig,,Turkey,False
2022-01-01,Yeni Malatyaspor,Giresunspor,0,1,Super Lig,,Turkey,False
2022-01-01,Yeni Malatyaspor,Göztepe,1,2,Super Lig,,Turkey,False
2022-01-01,Yeni Malatyaspor,Hatayspor,0,2,Super Lig,,Turkey,False
2022-01-01,Yeni Malatyaspor,Başakşehir,1,3,Super Lig,,Turkey,False
2022-01-01,Yeni Malatyaspor,Kasımpaşa,0,2,Super Lig,,Turkey,False
2022-01-01,Yeni Malatyaspor,Kayserispor,2,2,Super Lig,,Turkey,False
2022-01-01,Yeni Malatyaspor,Konyaspor,2,3,Super Lig,,Turkey,False
2022-01-01,Yeni Malatyaspor,Sivasspor,0,1,Super Lig,,Turkey,False
2022-01-01,Yeni Malatyaspor,Trabzonspor,1,5,Super Lig,,Turkey,False
2023-01-01,Adana Demirspor,Alanyaspor,4,2,Super Lig,,Turkey,False
2023-01-01,Adana Demirspor,Ankaragücü,3,1,Super Lig,,Turkey,False
2023-01-01,Adana Demirspor,Antalyaspor,2,0,Super Lig,,Turkey,False
2023-01-01,Adana Demirspor,Beşiktaş,1,4,Super Lig,,Turkey,False
2023-01-01,Adana Demirspor,Karagümrük,2,1,Super Lig,,Turkey,False
2023-01-01,Adana Demirspor,Fenerbahçe,1,1,Super Lig,,Turkey,False
2023-01-01,Adana Demirspor,Galatasaray,0,0,Super Lig,,Turkey,False
2023-01-01,Adana Demirspor,Gaziantep,3,0,Super Lig,,Turkey,False
2023-01-01,Adana Demirspor,Giresunspor,1,1,Super Lig,,Turkey,False
2023-01-01,Adana Demirspor,Hatayspor,3,0,Super Lig,,Turkey,False
2023-01-01,Adana Demirspor,Başakşehir,2,3,Super Lig,,Turkey,False
2023-01-01,Adana Demirspor,İstanbulspor,6,0,Super Lig,,Turkey,False
2023-01-01,Adana Demirspor,Kasımpaşa,5,0,Super Lig,,Turkey,False
2023-01-01,Adana Demirspor,Kayserispor,5,3,Super Lig,,Turkey,False
2023-01-01,Adana Demirspor,Konyaspor,1,1,Super Lig,,Turkey,False
2023-01-01,Adana Demirspor,Sivasspor,3,0,Super Lig,,Turkey,False
2023-01-01,Adana Demirspor,Trabzonspor,3,2,Super Lig,,Turkey,False
2023-01-01,Adana Demirspor,Ümraniyespor,1,0,Super Lig,,Turkey,False
2023-01-01,Alanyaspor,Adana Demirspor,0,0,Super Lig,,Turkey,False
2023-01-01,Alanyaspor,Ankaragücü,2,1,Super Lig,,Turkey,False
2023-01-01,Alanyaspor,Antalyaspor,3,2,Super Lig,,Turkey,False
2023-01-01,Alanyaspor,Beşiktaş,3,3,Super Lig,,Turkey,False
2023-01-01,Alanyaspor,Karagümrük,2,2,Super Lig,,Turkey,False
2023-01-01,Alanyaspor,Fenerbahçe,1,3,Super Lig,,Turkey,False
2023-01-01,Alanyaspor,Galatasaray,1,4,Super Lig,,Turkey,False
2023-01-01,Alanyaspor,Gaziantep,2,0,Super Lig,,Turkey,False
2023-01-01,Alanyaspor,Giresunspor,1,1,Super Lig,,Turkey,False
2023-01-01,Alanyaspor,Hatayspor,3,0,Super Lig,,Turkey,False
2023-01-01,Alanyaspor,Başakşehir,1,0,Super Lig,,Turkey,False
2023-01-01,Alanyaspor,İstanbulspor,0,1,Super Lig,,Turkey,False
2023-01-01,Alanyaspor,Kasımpaşa,1,3,Super Lig,,Turkey,False
2023-01-01,Alanyaspor,Kayserispor,3,1,Super Lig,,Turkey,False
2023-01-01,Alanyaspor,Konyaspor,0,3,Super Lig,,Turkey,False
2023-01-01,Alanyaspor,Sivasspor,0,3,Super Lig,,Turkey,False
2023-01-01,Alanyaspor,Trabzonspor,5,0,Super Lig,,Turkey,False
2023-01-01,Alanyaspor,Ümraniyespor,1,0,Super Lig,,Turkey,False
2023-01-01,Ankaragücü,Adana Demirspor,1,2,Super Lig,,Turkey,False
2023-01-01,Ankaragücü,Alanyaspor,2,0,Super Lig,,Turkey,False
2023-01-01,Ankaragücü,Antalyaspor,1,1,Super Lig,,Turkey,False
2023-01-01,Ankaragücü,Beşiktaş,2,3,Super Lig,,Turkey,False
2023-01-01,Ankaragücü,Karagümrük,0,2,Super Lig,,Turkey,False
2023-01-01,Ankaragücü,Fenerbahçe,0,3,Super Lig,,Turkey,False
2023-01-01,Ankaragücü,Galatasaray,1,4,Super Lig,,Turkey,False
2023-01-01,Ankaragücü,Gaziantep,0,2,Super Lig,,Turkey,False
2023-01-01,Ankaragücü,Giresunspor,3,1,Super Lig,,Turkey,False
2023-01-01,Ankaragücü,Hatayspor,4,1,Super Lig,,Turkey,False
2023-01-01,Ankaragücü,Başakşehir,1,2,Super Lig,,Turkey,False
2023-01-01,Ankaragücü,İstanbulspor,3,2,Super Lig,,Turkey,False
2023-01-01,Ankaragücü,Kasımpaşa,0,0,Super Lig,,Turkey,False
2023-01-01,Ankaragücü,Kayserispor,2,1,Super Lig,,Turkey,False
2023-01-01,Ankaragücü,Konyaspor,0,0,Super Lig,,Turkey,False
2023-01-01,Ankaragücü,Sivasspor,2,1,Super Lig,,Turkey,False
2023-01-01,Ankaragücü,Trabzonspor,1,1,Super Lig,,Turkey,False
2023-01-01,Ankaragücü,Ümraniyespor,1,2,Super Lig,,Turkey,False
2023-01-01,Antalyaspor,Adana Demirspor,0,3,Super Lig,,Turkey,False
2023-01-01,Antalyaspor,Alanyaspor,3,1,Super Lig,,Turkey,False
2023-01-01,Antalyaspor,Ankaragücü,0,2,Super Lig,,Turkey,False
2023-01-01,Antalyaspor,Beşiktaş,1,3,Super Lig,,Turkey,False
2023-01-01,Antalyaspor,Karagümrük,4,2,Super Lig,,Turkey,False
2023-01-01,Antalyaspor,Fenerbahçe,1,2,Super Lig,,Turkey,False
2023-01-01,Antalyaspor,Galatasaray,0,1,Super Lig,,Turkey,False
2023-01-01,Antalyaspor,Gaziantep,1,0,Super Lig,,Turkey,False
2023-01-01,Antalyaspor,Giresunspor,2,2,Super Lig,,Turkey,False
2023-01-01,Antalyaspor,Hatayspor,3,0,Super Lig,,Turkey,False
2023-01-01,Antalyaspor,Başakşehir,0,0,Super Lig,,Turkey,False
2023-01-01,Antalyaspor,İstanbulspor,2,1,Super Lig,,Turkey,False
2023-01-01,Antalyaspor,Kasımpaşa,0,2,Super Lig,,Turkey,False
2023-01-01,Antalyaspor,Kayserispor,4,0,Super Lig,,Turkey,False
2023-01-01,Antalyaspor,Konyaspor,1,1,Super Lig,,Turkey,False
2023-01-01,Antalyaspor,Sivasspor,1,2,Super Lig,,Turkey,False
2023-01-01,Antalyaspor,Trabzonspor,5,2,Super Lig,,Turkey,False
2023-01-01,Antalyaspor,Ümraniyespor,3,2,Super Lig,,Turkey,False
2023-01-01,Beşiktaş,Adana Demirspor,1,0,Super Lig,,Turkey,False
2023-01-01,Beşiktaş,Alanyaspor,3,0,Super Lig,,Turkey,False
2023-01-01,Beşiktaş,Ankaragücü,2,1,Super Lig,,Turkey,False
2023-01-01,Beşiktaş,Antalyaspor,0,0,Super Lig,,Turkey,False
2023-01-01,Beşiktaş,Karagümrük,4,1,Super Lig,,Turkey,False
2023-01-01,Beşiktaş,Gaziantep,3,0,Super Lig,,Turkey,False
2023-01-01,Beşiktaş,Giresunspor,3,1,Super Lig,,Turkey,False
2023-01-01,Beşiktaş,Hatayspor,3,0,Super Lig,,Turkey,False
2023-01-01,Beşiktaş,Başakşehir,0,1,Super Lig,,Turkey,False
2023-01-01,Beşiktaş,İstanbulspor,3,1,Super Lig,,Turkey,False
2023-01-01,Beşiktaş,Kasımpaşa,2,1,Super Lig,,Turkey,False
2023-01-01,Beşiktaş,Kayserispor,1,0,Super Lig,,Turkey,False
2023-01-01,Beşiktaş,Konyaspor,3,3,Super Lig,,Turkey,False
2023-01-01,Beşiktaş,Sivasspor,3,1,Super Lig,,Turkey,False
2023-01-01,Beşiktaş,Trabzonspor,2,2,Super Lig,,Turkey,False
2023-01-01,Beşiktaş,Ümraniyespor,5,2,Super Lig,,Turkey,False
2023-01-01,Karagümrük,Adana Demirspor,2,3,Super Lig,,Turkey,False
2023-01-01,Karagümrük,Alanyaspor,2,4,Super Lig,,Turkey,False
2023-01-01,Karagümrük,Ankaragücü,4,1,Super Lig,,Turkey,False
2023-01-01,Karagümrük,Antalyaspor,0,1,Super Lig,,Turkey,False
2023-01-01,Karagümrük,Beşiktaş,1,1,Super Lig,,Turkey,False
2023-01-01,Karagümrük,Fenerbahçe,1,2,Super Lig,,Turkey,False
2023-01-01,Karagümrük,Galatasaray,0,2,Super Lig,,Turkey,False
2023-01-01,Karagümrük,Gaziantep,3,3,Super Lig,,Turkey,False
2023-01-01,Karagümrük,Giresunspor,1,1,Super Lig,,Turkey,False
2023-01-01,Karagümrük,Hatayspor,3,0,Super Lig,,Turkey,False
2023-01-01,Karagümrük,Başakşehir,2,2,Super Lig,,Turkey,False
2023-01-01,Karagümrük,İstanbulspor,1,2,Super Lig,,Turkey,False
2023-01-01,Karagümrük,Kasımpaşa,3,0,Super Lig,,Turkey,False
2023-01-01,Karagümrük,Kayserispor,2,0,Super Lig,,Turkey,False
2023-01-01,Karagümrük,Konyaspor,3,3,Super Lig,,Turkey,False
2023-01-01,Karagümrük,Sivasspor,4,3,Super Lig,,Turkey,False
2023-01-01,Karagümrük,Trabzonspor,4,1,Super Lig,,Turkey,False
2023-01-01,Karagümrük,Ümraniyespor,4,2,Super Lig,,Turkey,False
2023-01-01,Fenerbahçe,Adana Demirspor,4,2,Super Lig,,Turkey,False
2023-01-01,Fenerbahçe,Alanyaspor,5,0,Super Lig,,Turkey,False
2023-01-01,Fenerbahçe,Ankaragücü,2,1,Super Lig,,Turkey,False
2023-01-01,Fenerbahçe,Antalyaspor,2,0,Super Lig,,Turkey,False
2023-01-01,Fenerbahçe,Karagümrük,5,4,Super Lig,,Turkey,False
2023-01-01,Fenerbahçe,Gaziantep,3,0,Super Lig,,Turkey,False
2023-01-01,Fenerbahçe,Giresunspor,1,2,Super Lig,,Turkey,False
2023-01-01,Fenerbahçe,Hatayspor,4,0,Super Lig,,Turkey,False
2023-01-01,Fenerbahçe,Başakşehir,1,0,Super Lig,,Turkey,False
2023-01-01,Fenerbahçe,İstanbulspor,3,3,Super Lig,,Turkey,False
2023-01-01,Fenerbahçe,Kasımpaşa,5,1,Super Lig,,Turkey,False
2023-01-01,Fenerbahçe,Kayserispor,2,0,Super Lig,,Turkey,False
2023-01-01,Fenerbahçe,Konyaspor,4,0,Super Lig,,Turkey,False
2023-01-01,Fenerbahçe,Sivasspor,1,0,Super Lig,,Turkey,False
2023-01-01,Fenerbahçe,Trabzonspor,3,1,Super Lig,,Turkey,False
2023-01-01,Fenerbahçe,Ümraniyespor,3,3,Super Lig,,Turkey,False
2023-01-01,Galatasaray,Adana Demirspor,2,0,Super Lig,,Turkey,False
2023-01-01,Galatasaray,Alanyaspor,2,2,Super Lig,,Turkey,False
2023-01-01,Galatasaray,Ankaragücü,2,1,Super Lig,,Turkey,False
2023-01-01,Galatasaray,Antalyaspor,2,1,Super Lig,,Turkey,False
2023-01-01,Galatasaray,Karagümrük,3,3,Super Lig,,Turkey,False
2023-01-01,Galatasaray,Gaziantep,2,1,Super Lig,,Turkey,False
2023-01-01,Galatasaray,Giresunspor,0,1,Super Lig,,Turkey,False
2023-01-01,Galatasaray,Hatayspor,4,0,Super Lig,,Turkey,False
2023-01-01,Galatasaray,Başakşehir,1,0,Super Lig,,Turkey,False
2023-01-01,Galatasaray,İstanbulspor,2,1,Super Lig,,Turkey,False
2023-01-01,Galatasaray,Kasımpaşa,1,0,Super Lig,,Turkey,False
2023-01-01,Galatasaray,Kayserispor,6,0,Super Lig,,Turkey,False
2023-01-01,Galatasaray,Konyaspor,2,1,Super Lig,,Turkey,False
2023-01-01,Galatasaray,Sivasspor,2,0,Super Lig,,Turkey,False
2023-01-01,Galatasaray,Trabzonspor,2,1,Super Lig,,Turkey,False
2023-01-01,Galatasaray,Ümraniyespor,3,2,Super Lig,,Turkey,False
2023-01-01,Gaziantep,Adana Demirspor,1,1,Super Lig,,Turkey,False
2023-01-01,Gaziantep,Alanyaspor,0,3,Super Lig,,Turkey,False
2023-01-01,Gaziantep,Ankaragücü,1,0,Super Lig,,Turkey,False
2023-01-01,Gaziantep,Antalyaspor,5,2,Super Lig,,Turkey,False
2023-01-01,Gaziantep,Beşiktaş,1,1,Super Lig,,Turkey,False
2023-01-01,Gaziantep,Karagümrük,0,3,Super Lig,,Turkey,False
2023-01-01,Gaziantep,Fenerbahçe,1,2,Super Lig,,Turkey,False
2023-01-01,Gaziantep,Galatasaray,0,3,Super Lig,,Turkey,False
2023-01-01,Gaziantep,Giresunspor,0,3,Super Lig,,Turkey,False
2023-01-01,Gaziantep,Hatayspor,4,1,Super Lig,,Turkey,False
2023-01-01,Gaziantep,Başakşehir,1,1,Super Lig,,Turkey,False
2023-01-01,Gaziantep,İstanbulspor,0,3,Super Lig,,Turkey,False
2023-01-01,Gaziantep,Kasımpaşa,0,3,Super Lig,,Turkey,False
2023-01-01,Gaziantep,Kayserispor,1,2,Super Lig,,Turkey,False
2023-01-01,Gaziantep,Konyaspor,0,3,Super Lig,,Turkey,False
2023-01-01,Gaziantep,Sivasspor,1,2,Super Lig,,Turkey,False
2023-01-01,Gaziantep,Trabzonspor,0,3,Super Lig,,Turkey,False
2023-01-01,Gaziantep,Ümraniyespor,1,1,Super Lig,,Turkey,False
2023-01-01,Giresunspor,Adana Demirspor,2,3,Super Lig,,Turkey,False
2023-01-01,Giresunspor,Alanyaspor,2,2,Super Lig,,Turkey,False
2023-01-01,Giresunspor,Ankaragücü,1,1,Super Lig,,Turkey,False
2023-01-01,Giresunspor,Antalyaspor,2,0,Super Lig,,Turkey,False
2023-01-01,Giresunspor,Beşiktaş,0,1,Super Lig,,Turkey,False
2023-01-01,Giresunspor,Karagümrük,2,2,Super Lig,,Turkey,False
2023-01-01,Giresunspor,Fenerbahçe,1,1,Super Lig,,Turkey,False
2023-01-01,Giresunspor,Galatasaray,0,4,Super Lig,,Turkey,False
2023-01-01,Giresunspor,Gaziantep,2,1,Super Lig,,Turkey,False
2023-01-01,Giresunspor,Hatayspor,3,0,Super Lig,,Turkey,False
2023-01-01,Giresunspor,Başakşehir,2,4,Super Lig,,Turkey,False
2023-01-01,Giresunspor,İstanbulspor,3,2,Super Lig,,Turkey,False
2023-01-01,Giresunspor,Kasımpaşa,1,0,Super Lig,,Turkey,False
2023-01-01,Giresunspor,Kayserispor,1,2,Super Lig,,Turkey,False
2023-01-01,Giresunspor,Konyaspor,0,1,Super Lig,,Turkey,False
2023-01-01,Giresunspor,Sivasspor,1,0,Super Lig,,Turkey,False
2023-01-01,Giresunspor,Trabzonspor,2,4,Super Lig,,Turkey,False
2023-01-01,Giresunspor,Ümraniyespor,0,1,Super Lig,,Turkey,False
2023-01-01,Hatayspor,Adana Demirspor,1,1,Super Lig,,Turkey,False
2023-01-01,Hatayspor,Alanyaspor,1,0,Super Lig,,Turkey,False
2023-01-01,Hatayspor,Ankaragücü,0,3,Super Lig,,Turkey,False
2023-01-01,Hatayspor,Antalyaspor,0,0,Super Lig,,Turkey,False
2023-01-01,Hatayspor,Beşiktaş,2,1,Super Lig,,Turkey,False
2023-01-01,Hatayspor,Fenerbahçe,0,3,Super Lig,,Turkey,False
2023-01-01,Hatayspor,Karagümrük,0,3,Super Lig,,Turkey,False
2023-01-01,Hatayspor,Galatasaray,0,3,Super Lig,,Turkey,False
2023-01-01,Hatayspor,Gaziantep,1,2,Super Lig,,Turkey,False
2023-01-01,Hatayspor,Giresunspor,1,1,Super Lig,,Turkey,False
2023-01-01,Hatayspor,Başakşehir,3,3,Super Lig,,Turkey,False
2023-01-01,Hatayspor,İstanbulspor,0,3,Super Lig,,Turkey,False
2023-01-01,Hatayspor,Kasımpaşa,1,0,Super Lig,,Turkey,False
2023-01-01,Hatayspor,Kayserispor,0,4,Super Lig,,Turkey,False
2023-01-01,Hatayspor,Konyaspor,0,3,Super Lig,,Turkey,False
2023-01-01,Hatayspor,Sivasspor,0,3,Super Lig,,Turkey,False
2023-01-01,Hatayspor,Trabzonspor,2,1,Super Lig,,Turkey,False
2023-01-01,Hatayspor,Ümraniyespor,0,3,Super Lig,,Turkey,False
2023-01-01,Başakşehir,Adana Demirspor,2,1,Super Lig,,Turkey,False
2023-01-01,Başakşehir,Alanyaspor,2,0,Super Lig,,Turkey,False
2023-01-01,Başakşehir,Ankaragücü,1,0,Super Lig,,Turkey,False
2023-01-01,Başakşehir,Antalyaspor,2,0,Super Lig,,Turkey,False
2023-01-01,Başakşehir,Beşiktaş,0,2,Super Lig,,Turkey,False
2023-01-01,Başakşehir,Karagümrük,0,0,Super Lig,,Turkey,False
2023-01-01,Başakşehir,Fenerbahçe,1,2,Super Lig,,Turkey,False
2023-01-01,Başakşehir,Galatasaray,0,7,Super Lig,,Turkey,False
2023-01-01,Başakşehir,Gaziantep,3,0,Super Lig,,Turkey,False
2023-01-01,Başakşehir,Giresunspor,3,1,Super Lig,,Turkey,False
2023-01-01,Başakşehir,Hatayspor,3,0,Super Lig,,Turkey,False
2023-01-01,Başakşehir,İstanbulspor,2,0,Super Lig,,Turkey,False
2023-01-01,Başakşehir,Kasımpaşa,4,0,Super Lig,,Turkey,False
2023-01-01,Başakşehir,Kayserispor,2,0,Super Lig,,Turkey,False
2023-01-01,Başakşehir,Konyaspor,2,0,Super Lig,,Turkey,False
2023-01-01,Başakşehir,Sivasspor,0,2,Super Lig,,Turkey,False
2023-01-01,Başakşehir,Trabzonspor,3,1,Super Lig,,Turkey,False
2023-01-01,Başakşehir,Ümraniyespor,1,1,Super Lig,,Turkey,False
2023-01-01,İstanbulspor,Adana Demirspor,0,2,Super Lig,,Turkey,False
2023-01-01,İstanbulspor,Alanyaspor,2,1,Super Lig,,Turkey,False
2023-01-01,İstanbulspor,Ankaragücü,1,2,Super Lig,,Turkey,False
2023-01-01,İstanbulspor,Antalyaspor,3,3,Super Lig,,Turkey,False
2023-01-01,İstanbulspor,Beşiktaş,2,2,Super Lig,,Turkey,False
2023-01-01,İstanbulspor,Karagümrük,0,1,Super Lig,,Turkey,False
2023-01-01,İstanbulspor,Fenerbahçe,2,5,Super Lig,,Turkey,False
2023-01-01,İstanbulspor,Galatasaray,0,2,Super Lig,,Turkey,False
2023-01-01,İstanbulspor,Gaziantep,1,1,Super Lig,,Turkey,False
2023-01-01,İstanbulspor,Giresunspor,1,0,Super Lig,,Turkey,False
2023-01-01,İstanbulspor,Hatayspor,0,1,Super Lig,,Turkey,False
2023-01-01,İstanbulspor,Başakşehir,1,0,Super Lig,,Turkey,False
2023-01-01,İstanbulspor,Kasımpaşa,2,1,Super Lig,,Turkey,False
2023-01-01,İstanbulspor,Kayserispor,2,4,Super Lig,,Turkey,False
2023-01-01,İstanbulspor,Konyaspor,0,4,Super Lig,,Turkey,False
2023-01-01,İstanbulspor,Sivasspor,3,0,Super Lig,,Turkey,False
2023-01-01,İstanbulspor,Trabzonspor,0,2,Super Lig,,Turkey,False
2023-01-01,İstanbulspor,Ümraniyespor,4,0,Super Lig,,Turkey,False
2023-01-01,Kasımpaşa,Adana Demirspor,1,4,Super Lig,,Turkey,False
2023-01-01,Kasımpaşa,Alanyaspor,4,1,Super Lig,,Turkey,False
2023-01-01,Kasımpaşa,Ankaragücü,1,1,Super Lig,,Turkey,False
2023-01-01,Kasımpaşa,Antalyaspor,3,1,Super Lig,,Turkey,False
2023-01-01,Kasımpaşa,Beşiktaş,2,5,Super Lig,,Turkey,False
2023-01-01,Kasımpaşa,Karagümrük,2,2,Super Lig,,Turkey,False
2023-01-01,Kasımpaşa,Fenerbahçe,0,6,Super Lig,,Turkey,False
2023-01-01,Kasımpaşa,Galatasaray,2,3,Super Lig,,Turkey,False
2023-01-01,Kasımpaşa,Gaziantep,1,0,Super Lig,,Turkey,False
2023-01-01,Kasımpaşa,Giresunspor,5,1,Super Lig,,Turkey,False
2023-01-01,Kasımpaşa,Hatayspor,1,0,Super Lig,,Turkey,False
2023-01-01,Kasımpaşa,Başakşehir,1,3,Super Lig,,Turkey,False
2023-01-01,Kasımpaşa,İstanbulspor,1,0,Super Lig,,Turkey,False
2023-01-01,Kasımpaşa,Kayserispor,0,1,Super Lig,,Turkey,False
2023-01-01,Kasımpaşa,Konyaspor,1,2,Super Lig,,Turkey,False
2023-01-01,Kasımpaşa,Sivasspor,1,2,Super Lig,,Turkey,False
2023-01-01,Kasımpaşa,Trabzonspor,2,0,Super Lig,,Turkey,False
2023-01-01,Kasımpaşa,Ümraniyespor,1,1,Super Lig,,Turkey,False
2023-01-01,Kayserispor,Adana Demirspor,2,2,Super Lig,,Turkey,False
2023-01-01,Kayserispor,Alanyaspor,0,4,Super Lig,,Turkey,False
2023-01-01,Kayserispor,Ankaragücü,0,1,Super Lig,,Turkey,False
2023-01-01,Kayserispor,Antalyaspor,1,0,Super Lig,,Turkey,False
2023-01-01,Kayserispor,Beşiktaş,0,2,Super Lig,,Turkey,False
2023-01-01,Kayserispor,Karagümrük,2,4,Super Lig,,Turkey,False
2023-01-01,Kayserispor,Fenerbahçe,1,2,Super Lig,,Turkey,False
2023-01-01,Kayserispor,Galatasaray,2,1,Super Lig,,Turkey,False
2023-01-01,Kayserispor,Gaziantep,3,0,Super Lig,,Turkey,False
2023-01-01,Kayserispor,Giresunspor,3,0,Super Lig,,Turkey,False
2023-01-01,Kayserispor,Hatayspor,3,0,Super Lig,,Turkey,False
2023-01-01,Kayserispor,Başakşehir,1,0,Super Lig,,Turkey,False
2023-01-01,Kayserispor,İstanbulspor,1,0,Super Lig,,Turkey,False
2023-01-01,Kayserispor,Kasımpaşa,0,0,Super Lig,,Turkey,False
2023-01-01,Kayserispor,Konyaspor,1,2,Super Lig,,Turkey,False
2023-01-01,Kayserispor,Sivasspor,4,1,Super Lig,,Turkey,False
2023-01-01,Kayserispor,Trabzonspor,1,2,Super Lig,,Turkey,False
2023-01-01,Kayserispor,Ümraniyespor,3,1,Super Lig,,Turkey,False
2023-01-01,Konyaspor,Adana Demirspor,1,2,Super Lig,,Turkey,False
2023-01-01,Konyaspor,Alanyaspor,2,2,Super Lig,,Turkey,False
2023-01-01,Konyaspor,Ankaragücü,0,1,Super Lig,,Turkey,False
2023-01-01,Konyaspor,Antalyaspor,1,1,Super Lig,,Turkey,False
2023-01-01,Konyaspor,Beşiktaş,1,2,Super Lig,,Turkey,False
2023-01-01,Konyaspor,Karagümrük,1,1,Super Lig,,Turkey,False
2023-01-01,Konyaspor,Fenerbahçe,1,0,Super Lig,,Turkey,False
2023-01-01,Konyaspor,Galatasaray,2,1,Super Lig,,Turkey,False
2023-01-01,Konyaspor,Gaziantep,0,1,Super Lig,,Turkey,False
2023-01-01,Konyaspor,Giresunspor,0,0,Super Lig,,Turkey,False
2023-01-01,Konyaspor,Hatayspor,1,0,Super Lig,,Turkey,False
2023-01-01,Konyaspor,Başakşehir,0,0,Super Lig,,Turkey,False
2023-01-01,Konyaspor,İstanbulspor,0,1,Super Lig,,Turkey,False
2023-01-01,Konyaspor,Kasımpaşa,1,1,Super Lig,,Turkey,False
2023-01-01,Konyaspor,Kayserispor,2,2,Super Lig,,Turkey,False
2023-01-01,Konyaspor,Sivasspor,2,2,Super Lig,,Turkey,False
2023-01-01,Konyaspor,Trabzonspor,2,1,Super Lig,,Turkey,False
2023-01-01,Konyaspor,Ümraniyespor,1,0,Super Lig,,Turkey,False
2023-01-01,Sivasspor,Adana Demirspor,1,2,Super Lig,,Turkey,False
2023-01-01,Sivasspor,Alanyaspor,1,1,Super Lig,,Turkey,False
2023-01-01,Sivasspor,Ankaragücü,2,0,Super Lig,,Turkey,False
2023-01-01,Sivasspor,Antalyaspor,0,2,Super Lig,,Turkey,False
2023-01-01,Sivasspor,Beşiktaş,1,0,Super Lig,,Turkey,False
2023-01-01,Sivasspor,Karagümrük,0,0,Super Lig,,Turkey,False
2023-01-01,Sivasspor,Fenerbahçe,1,3,Super Lig,,Turkey,False
2023-01-01,Sivasspor,Galatasaray,1,2,Super Lig,,Turkey,False
2023-01-01,Sivasspor,Gaziantep,1,1,Super Lig,,Turkey,False
2023-01-01,Sivasspor,Giresunspor,3,0,Super Lig,,Turkey,False
2023-01-01,Sivasspor,Hatayspor,1,2,Super Lig,,Turkey,False
2023-01-01,Sivasspor,Başakşehir,1,1,Super Lig,,Turkey,False
2023-01-01,Sivasspor,İstanbulspor,1,1,Super Lig,,Turkey,False
2023-01-01,Sivasspor,Kasımpaşa,1,2,Super Lig,,Turkey,False
2023-01-01,Sivasspor,Kayserispor,1,1,Super Lig,,Turkey,False
2023-01-01,Sivasspor,Konyaspor,1,0,Super Lig,,Turkey,False
2023-01-01,Sivasspor,Trabzonspor,4,1,Super Lig,,Turkey,False
2023-01-01,Sivasspor,Ümraniyespor,2,2,Super Lig,,Turkey,False
2023-01-01,Trabzonspor,Adana Demirspor,4,1,Super Lig,,Turkey,False
2023-01-01,Trabzonspor,Alanyaspor,5,1,Super Lig,,Turkey,False
2023-01-01,Trabzonspor,Ankaragücü,2,0,Super Lig,,Turkey,False
2023-01-01,Trabzonspor,Antalyaspor,2,0,Super Lig,,Turkey,False
2023-01-01,Trabzonspor,Beşiktaş,0,0,Super Lig,,Turkey,False
2023-01-01,Trabzonspor,Fenerbahçe,2,0,Super Lig,,Turkey,False
2023-01-01,Trabzonspor,Karagümrük,4,1,Super Lig,,Turkey,False
2023-01-01,Trabzonspor,Galatasaray,0,0,Super Lig,,Turkey,False
2023-01-01,Trabzonspor,Gaziantep,3,2,Super Lig,,Turkey,False
2023-01-01,Trabzonspor,Giresunspor,3,0,Super Lig,,Turkey,False
2023-01-01,Trabzonspor,Hatayspor,1,0,Super Lig,,Turkey,False
2023-01-01,Trabzonspor,Başakşehir,1,0,Super Lig,,Turkey,False
2023-01-01,Trabzonspor,İstanbulspor,4,0,Super Lig,,Turkey,False
2023-01-01,Trabzonspor,Kasımpaşa,0,0,Super Lig,,Turkey,False
2023-01-01,Trabzonspor,Kayserispor,3,4,Super Lig,,Turkey,False
2023-01-01,Trabzonspor,Konyaspor,2,2,Super Lig,,Turkey,False
2023-01-01,Trabzonspor,Sivasspor,1,0,Super Lig,,Turkey,False
2023-01-01,Trabzonspor,Ümraniyespor,1,2,Super Lig,,Turkey,False
2023-01-01,Ümraniyespor,Adana Demirspor,1,1,Super Lig,,Turkey,False
2023-01-01,Ümraniyespor,Alanyaspor,3,1,Super Lig,,Turkey,False
2023-01-01,Ümraniyespor,Ankaragücü,1,2,Super Lig,,Turkey,False
2023-01-01,Ümraniyespor,Antalyaspor,0,1,Super Lig,,Turkey,False
2023-01-01,Ümraniyespor,Beşiktaş,0,2,Super Lig,,Turkey,False
2023-01-01,Ümraniyespor,Karagümrük,1,3,Super Lig,,Turkey,False
2023-01-01,Ümraniyespor,Fenerbahçe,1,2,Super Lig,,Turkey,False
2023-01-01,Ümraniyespor,Galatasaray,0,1,Super Lig,,Turkey,False
2023-01-01,Ümraniyespor,Gaziantep,3,0,Super Lig,,Turkey,False
2023-01-01,Ümraniyespor,Giresunspor,0,1,Super Lig,,Turkey,False
2023-01-01,Ümraniyespor,Hatayspor,2,2,Super Lig,,Turkey,False
2023-01-01,Ümraniyespor,Başakşehir,1,3,Super Lig,,Turkey,False
2023-01-01,Ümraniyespor,İstanbulspor,0,2,Super Lig,,Turkey,False
2023-01-01,Ümraniyespor,Kasımpaşa,1,2,Super Lig,,Turkey,False
2023-01-01,Ümraniyespor,Kayserispor,2,2,Super Lig,,Turkey,False
2023-01-01,Ümraniyespor,Konyaspor,2,2,Super Lig,,Turkey,False
2023-01-01,Ümraniyespor,Sivasspor,4,1,Super Lig,,Turkey,False
2023-01-01,Ümraniyespor,Trabzonspor,0,1,Super Lig,,Turkey,False
2024-01-01,Adana Demirspor,Alanyaspor,4,0,Super Lig,,Turkey,False
2024-01-01,Adana Demirspor,Ankaragücü,1,1,Super Lig,,Turkey,False
2024-01-01,Adana Demirspor,Antalyaspor,2,1,Super Lig,,Turkey,False
2024-01-01,Adana Demirspor,Başakşehir,2,6,Super Lig,,Turkey,False
2024-01-01,Adana Demirspor,Beşiktaş,4,2,Super Lig,,Turkey,False
2024-01-01,Adana Demirspor,Karagümrük,1,0,Super Lig,,Turkey,False
2024-01-01,Adana Demirspor,Fenerbahçe,0,0,Super Lig,,Turkey,False
2024-01-01,Adana Demirspor,Galatasaray,0,3,Super Lig,,Turkey,False
2024-01-01,Adana Demirspor,Gaziantep,1,6,Super Lig,,Turkey,False
2024-01-01,Adana Demirspor,Hatayspor,0,1,Super Lig,,Turkey,False
2024-01-01,Adana Demirspor,İstanbulspor,2,2,Super Lig,,Turkey,False
2024-01-01,Adana Demirspor,Kasımpaşa,1,3,Super Lig,,Turkey,False
2024-01-01,Adana Demirspor,Kayserispor,0,0,Super Lig,,Turkey,False
2024-01-01,Adana Demirspor,Konyaspor,3,0,Super Lig,,Turkey,False
2024-01-01,Adana Demirspor,Pendikspor,3,0,Super Lig,,Turkey,False
2024-01-01,Adana Demirspor,Rizespor,2,1,Super Lig,,Turkey,False
2024-01-01,Adana Demirspor,Samsunspor,2,3,Super Lig,,Turkey,False
2024-01-01,Adana Demirspor,Sivasspor,4,1,Super Lig,,Turkey,False
2024-01-01,Adana Demirspor,Trabzonspor,1,0,Super Lig,,Turkey,False
2024-01-01,Alanyaspor,Adana Demirspor,3,3,Super Lig,,Turkey,False
2024-01-01,Alanyaspor,Ankaragücü,1,1,Super Lig,,Turkey,False
2024-01-01,Alanyaspor,Antalyaspor,1,1,Super Lig,,Turkey,False
2024-01-01,Alanyaspor,Başakşehir,2,0,Super Lig,,Turkey,False
2024-01-01,Alanyaspor,Beşiktaş,1,1,Super Lig,,Turkey,False
2024-01-01,Alanyaspor,Karagümrük,2,1,Super Lig,,Turkey,False
2024-01-01,Alanyaspor,Fenerbahçe,0,1,Super Lig,,Turkey,False
2024-01-01,Alanyaspor,Galatasaray,0,4,Super Lig,,Turkey,False
2024-01-01,Alanyaspor,Gaziantep,0,3,Super Lig,,Turkey,False
2024-01-01,Alanyaspor,Hatayspor,0,0,Super Lig,,Turkey,False
2024-01-01,Alanyaspor,İstanbulspor,6,0,Super Lig,,Turkey,False
2024-01-01,Alanyaspor,Kasımpaşa,3,3,Super Lig,,Turkey,False
2024-01-01,Alanyaspor,Kayserispor,1,0,Super Lig,,Turkey,False
2024-01-01,Alanyaspor,Konyaspor,2,2,Super Lig,,Turkey,False
2024-01-01,Alanyaspor,Pendikspor,1,1,Super Lig,,Turkey,False
2024-01-01,Alanyaspor,Rizespor,2,1,Super Lig,,Turkey,False
2024-01-01,Alanyaspor,Samsunspor,3,1,Super Lig,,Turkey,False
2024-01-01,Alanyaspor,Sivasspor,1,2,Super Lig,,Turkey,False
2024-01-01,Alanyaspor,Trabzonspor,3,1,Super Lig,,Turkey,False
2024-01-01,Ankaragücü,Adana Demirspor,1,1,Super Lig,,Turkey,False
2024-01-01,Ankaragücü,Alanyaspor,1,1,Super Lig,,Turkey,False
2024-01-01,Ankaragücü,Antalyaspor,0,4,Super Lig,,Turkey,False
2024-01-01,Ankaragücü,Başakşehir,2,1,Super Lig,,Turkey,False
2024-01-01,Ankaragücü,Beşiktaş,1,1,Super Lig,,Turkey,False
2024-01-01,Ankaragücü,Karagümrük,2,0,Super Lig,,Turkey,False
2024-01-01,Ankaragücü,Fenerbahçe,0,1,Super Lig,,Turkey,False
2024-01-01,Ankaragücü,Galatasaray,0,3,Super Lig,,Turkey,False
2024-01-01,Ankaragücü,Gaziantep,3,1,Super Lig,,Turkey,False
2024-01-01,Ankaragücü,Hatayspor,0,0,Super Lig,,Turkey,False
2024-01-01,Ankaragücü,İstanbulspor,1,1,Super Lig,,Turkey,False
2024-01-01,Ankaragücü,Kasımpaşa,3,1,Super Lig,,Turkey,False
2024-01-01,Ankaragücü,Kayserispor,3,0,Super Lig,,Turkey,False
2024-01-01,Ankaragücü,Konyaspor,1,1,Super Lig,,Turkey,False
2024-01-01,Ankaragücü,Pendikspor,0,0,Super Lig,,Turkey,False
2024-01-01,Ankaragücü,Rizespor,1,1,Super Lig,,Turkey,False
2024-01-01,Ankaragücü,Samsunspor,2,0,Super Lig,,Turkey,False
2024-01-01,Ankaragücü,Sivasspor,0,0,Super Lig,,Turkey,False
2024-01-01,Ankaragücü,Trabzonspor,0,1,Super Lig,,Turkey,False
2024-01-01,Antalyaspor,Adana Demirspor,2,1,Super Lig,,Turkey,False
2024-01-01,Antalyaspor,Alanyaspor,0,0,Super Lig,,Turkey,False
2024-01-01,Antalyaspor,Ankaragücü,1,1,Super Lig,,Turkey,False
2024-01-01,Antalyaspor,Başakşehir,1,0,Super Lig,,Turkey,False
2024-01-01,Antalyaspor,Beşiktaş,3,2,Super Lig,,Turkey,False
2024-01-01,Antalyaspor,Karagümrük,2,1,Super Lig,,Turkey,False
2024-01-01,Antalyaspor,Fenerbahçe,0,2,Super Lig,,Turkey,False
2024-01-01,Antalyaspor,Galatasaray,0,2,Super Lig,,Turkey,False
2024-01-01,Antalyaspor,Gaziantep,1,0,Super Lig,,Turkey,False
2024-01-01,Antalyaspor,Hatayspor,2,1,Super Lig,,Turkey,False
2024-01-01,Antalyaspor,İstanbulspor,2,2,Super Lig,,Turkey,False
2024-01-01,Antalyaspor,Kasımpaşa,0,0,Super Lig,,Turkey,False
2024-01-01,Antalyaspor,Kayserispor,1,1,Super Lig,,Turkey,False
2024-01-01,Antalyaspor,Konyaspor,1,1,Super Lig,,Turkey,False
2024-01-01,Antalyaspor,Pendikspor,1,2,Super Lig,,Turkey,False
2024-01-01,Antalyaspor,Rizespor,0,0,Super Lig,,Turkey,False
2024-01-01,Antalyaspor,Samsunspor,2,0,Super Lig,,Turkey,False
2024-01-01,Antalyaspor,Sivasspor,2,1,Super Lig,,Turkey,False
2024-01-01,Antalyaspor,Trabzonspor,1,1,Super Lig,,Turkey,False
2024-01-01,Başakşehir,Adana Demirspor,0,0,Super Lig,,Turkey,False
2024-01-01,Başakşehir,Alanyaspor,3,2,Super Lig,,Turkey,False
2024-01-01,Başakşehir,Ankaragücü,3,3,Super Lig,,Turkey,False
2024-01-01,Başakşehir,Antalyaspor,1,0,Super Lig,,Turkey,False
2024-01-01,Başakşehir,Beşiktaş,1,1,Super Lig,,Turkey,False
2024-01-01,Başakşehir,Karagümrük,0,2,Super Lig,,Turkey,False
2024-01-01,Başakşehir,Fenerbahçe,0,1,Super Lig,,Turkey,False
2024-01-01,Başakşehir,Galatasaray,1,2,Super Lig,,Turkey,False
2024-01-01,Başakşehir,Gaziantep,2,0,Super Lig,,Turkey,False
2024-01-01,Başakşehir,Hatayspor,1,0,Super Lig,,Turkey,False
2024-01-01,Başakşehir,İstanbulspor,2,0,Super Lig,,Turkey,False
2024-01-01,Başakşehir,Kasımpaşa,4,1,Super Lig,,Turkey,False
2024-01-01,Başakşehir,Kayserispor,2,3,Super Lig,,Turkey,False
2024-01-01,Başakşehir,Konyaspor,0,1,Super Lig,,Turkey,False
2024-01-01,Başakşehir,Pendikspor,4,1,Super Lig,,Turkey,False
2024-01-01,Başakşehir,Rizespor,2,0,Super Lig,,Turkey,False
2024-01-01,Başakşehir,Samsunspor,1,0,Super Lig,,Turkey,False
2024-01-01,Başakşehir,Sivasspor,3,1,Super Lig,,Turkey,False
2024-01-01,Başakşehir,Trabzonspor,0,1,Super Lig,,Turkey,False
2024-01-01,Beşiktaş,Adana Demirspor,0,0,Super Lig,,Turkey,False
2024-01-01,Beşiktaş,Alanyaspor,1,3,Super Lig,,Turkey,False
2024-01-01,Beşiktaş,Ankaragücü,2,0,Super Lig,,Turkey,False
2024-01-01,Beşiktaş,Antalyaspor,1,2,Super Lig,,Turkey,False
2024-01-01,Beşiktaş,Başakşehir,1,0,Super Lig,,Turkey,False
2024-01-01,Beşiktaş,Karagümrük,3,0,Super Lig,,Turkey,False
2024-01-01,Beşiktaş,Gaziantep,2,0,Super Lig,,Turkey,False
2024-01-01,Beşiktaş,Hatayspor,2,2,Super Lig,,Turkey,False
2024-01-01,Beşiktaş,İstanbulspor,2,0,Super Lig,,Turkey,False
2024-01-01,Beşiktaş,Kasımpaşa,1,3,Super Lig,,Turkey,False
2024-01-01,Beşiktaş,Kayserispor,2,1,Super Lig,,Turkey,False
2024-01-01,Beşiktaş,Konyaspor,2,0,Super Lig,,Turkey,False
2024-01-01,Beşiktaş,Pendikspor,1,1,Super Lig,,Turkey,False
2024-01-01,Beşiktaş,Rizespor,3,2,Super Lig,,Turkey,False
2024-01-01,Beşiktaş,Samsunspor,1,1,Super Lig,,Turkey,False
2024-01-01,Beşiktaş,Sivasspor,2,0,Super Lig,,Turkey,False
2024-01-01,Beşiktaş,Trabzonspor,2,0,Super Lig,,Turkey,False
2024-01-01,Karagümrük,Adana Demirspor,2,0,Super Lig,,Turkey,False
2024-01-01,Karagümrük,Alanyaspor,1,1,Super Lig,,Turkey,False
2024-01-01,Karagümrük,Ankaragücü,1,1,Super Lig,,Turkey,False
2024-01-01,Karagümrük,Antalyaspor,4,1,Super Lig,,Turkey,False
2024-01-01,Karagümrük,Başakşehir,1,1,Super Lig,,Turkey,False
2024-01-01,Karagümrük,Beşiktaş,0,1,Super Lig,,Turkey,False
2024-01-01,Karagümrük,Fenerbahçe,1,2,Super Lig,,Turkey,False
2024-01-01,Karagümrük,Galatasaray,2,3,Super Lig,,Turkey,False
2024-01-01,Karagümrük,Gaziantep,0,3,Super Lig,,Turkey,False
2024-01-01,Karagümrük,Hatayspor,0,0,Super Lig,,Turkey,False
2024-01-01,Karagümrük,İstanbulspor,3,0,Super Lig,,Turkey,False
2024-01-01,Karagümrük,Kasımpaşa,2,3,Super Lig,,Turkey,False
2024-01-01,Karagümrük,Kayserispor,4,1,Super Lig,,Turkey,False
2024-01-01,Karagümrük,Konyaspor,1,1,Super Lig,,Turkey,False
2024-01-01,Karagümrük,Pendikspor,2,0,Super Lig,,Turkey,False
2024-01-01,Karagümrük,Rizespor,4,0,Super Lig,,Turkey,False
2024-01-01,Karagümrük,Samsunspor,3,1,Super Lig,,Turkey,False
2024-01-01,Karagümrük,Sivasspor,3,0,Super Lig,,Turkey,False
2024-01-01,Karagümrük,Trabzonspor,0,0,Super Lig,,Turkey,False
2024-01-01,Fenerbahçe,Adana Demirspor,4,2,Super Lig,,Turkey,False
2024-01-01,Fenerbahçe,Alanyaspor,2,2,Super Lig,,Turkey,False
2024-01-01,Fenerbahçe,Ankaragücü,2,1,Super Lig,,Turkey,False
2024-01-01,Fenerbahçe,Antalyaspor,3,2,Super Lig,,Turkey,False
2024-01-01,Fenerbahçe,Başakşehir,4,0,Super Lig,,Turkey,False
2024-01-01,Fenerbahçe,Karagümrük,2,1,Super Lig,,Turkey,False
2024-01-01,Fenerbahçe,Gaziantep,2,1,Super Lig,,Turkey,False
2024-01-01,Fenerbahçe,Hatayspor,4,2,Super Lig,,Turkey,False
2024-01-01,Fenerbahçe,İstanbulspor,6,0,Super Lig,,Turkey,False
2024-01-01,Fenerbahçe,Kasımpaşa,2,1,Super Lig,,Turkey,False
2024-01-01,Fenerbahçe,Kayserispor,3,0,Super Lig,,Turkey,False
2024-01-01,Fenerbahçe,Konyaspor,7,1,Super Lig,,Turkey,False
2024-01-01,Fenerbahçe,Pendikspor,4,1,Super Lig,,Turkey,False
2024-01-01,Fenerbahçe,Rizespor,5,0,Super Lig,,Turkey,False
2024-01-01,Fenerbahçe,Samsunspor,1,1,Super Lig,,Turkey,False
2024-01-01,Fenerbahçe,Sivasspor,4,1,Super Lig,,Turkey,False
2024-01-01,Fenerbahçe,Trabzonspor,2,3,Super Lig,,Turkey,False
2024-01-01,Galatasaray,Adana Demirspor,3,1,Super Lig,,Turkey,False
2024-01-01,Galatasaray,Alanyaspor,4,0,Super Lig,,Turkey,False
2024-01-01,Galatasaray,Ankaragücü,2,1,Super Lig,,Turkey,False
2024-01-01,Galatasaray,Antalyaspor,2,1,Super Lig,,Turkey,False
2024-01-01,Galatasaray,Başakşehir,2,0,Super Lig,,Turkey,False
2024-01-01,Galatasaray,Karagümrük,1,0,Super Lig,,Turkey,False
2024-01-01,Galatasaray,Gaziantep,2,1,Super Lig,,Turkey,False
2024-01-01,Galatasaray,Hatayspor,1,0,Super Lig,,Turkey,False
2024-01-01,Galatasaray,İstanbulspor,3,1,Super Lig,,Turkey,False
2024-01-01,Galatasaray,Kasımpaşa,2,1,Super Lig,,Turkey,False
2024-01-01,Galatasaray,Kayserispor,2,1,Super Lig,,Turkey,False
2024-01-01,Galatasaray,Konyaspor,3,0,Super Lig,,Turkey,False
2024-01-01,Galatasaray,Pendikspor,4,1,Super Lig,,Turkey,False
2024-01-01,Galatasaray,Rizespor,6,2,Super Lig,,Turkey,False
2024-01-01,Galatasaray,Samsunspor,4,2,Super Lig,,Turkey,False
2024-01-01,Galatasaray,Sivasspor,6,1,Super Lig,,Turkey,False
2024-01-01,Galatasaray,Trabzonspor,2,0,Super Lig,,Turkey,False
2024-01-01,Gaziantep,Adana Demirspor,2,2,Super Lig,,Turkey,False
2024-01-01,Gaziantep,Alanyaspor,0,3,Super Lig,,Turkey,False
2024-01-01,Gaziantep,Ankaragücü,0,1,Super Lig,,Turkey,False
2024-01-01,Gaziantep,Antalyaspor,1,0,Super Lig,,Turkey,False
2024-01-01,Gaziantep,Başakşehir,0,2,Super Lig,,Turkey,False
2024-01-01,Gaziantep,Beşiktaş,2,0,Super Lig,,Turkey,False
2024-01-01,Gaziantep,Karagümrük,3,1,Super Lig,,Turkey,False
2024-01-01,Gaziantep,Fenerbahçe,0,1,Super Lig,,Turkey,False
2024-01-01,Gaziantep,Galatasaray,0,3,Super Lig,,Turkey,False
2024-01-01,Gaziantep,Hatayspor,1,1,Super Lig,,Turkey,False
2024-01-01,Gaziantep,İstanbulspor,2,0,Super Lig,,Turkey,False
2024-01-01,Gaziantep,Kasımpaşa,2,0,Super Lig,,Turkey,False
2024-01-01,Gaziantep,Kayserispor,1,1,Super Lig,,Turkey,False
2024-01-01,Gaziantep,Konyaspor,1,1,Super Lig,,Turkey,False
2024-01-01,Gaziantep,Pendikspor,2,2,Super Lig,,Turkey,False
2024-01-01,Gaziantep,Rizespor,2,0,Super Lig,,Turkey,False
2024-01-01,Gaziantep,Samsunspor,1,1,Super Lig,,Turkey,False
2024-01-01,Gaziantep,Sivasspor,1,3,Super Lig,,Turkey,False
2024-01-01,Gaziantep,Trabzonspor,1,3,Super Lig,,Turkey,False
2024-01-01,Hatayspor,Adana Demirspor,3,3,Super Lig,,Turkey,False
2024-01-01,Hatayspor,Alanyaspor,1,1,Super Lig,,Turkey,False
2024-01-01,Hatayspor,Ankaragücü,2,1,Super Lig,,Turkey,False
2024-01-01,Hatayspor,Antalyaspor,3,3,Super Lig,,Turkey,False
2024-01-01,Hatayspor,Başakşehir,1,2,Super Lig,,Turkey,False
2024-01-01,Hatayspor,Beşiktaş,1,2,Super Lig,,Turkey,False
2024-01-01,Hatayspor,Karagümrük,3,1,Super Lig,,Turkey,False
2024-01-01,Hatayspor,Fenerbahçe,0,2,Super Lig,,Turkey,False
2024-01-01,Hatayspor,Galatasaray,2,1,Super Lig,,Turkey,False
2024-01-01,Hatayspor,Gaziantep,0,0,Super Lig,,Turkey,False
2024-01-01,Hatayspor,İstanbulspor,0,3,Super Lig,,Turkey,False
2024-01-01,Hatayspor,Kasımpaşa,0,0,Super Lig,,Turkey,False
2024-01-01,Hatayspor,Kayserispor,1,2,Super Lig,,Turkey,False
2024-01-01,Hatayspor,Konyaspor,3,1,Super Lig,,Turkey,False
2024-01-01,Hatayspor,Pendikspor,1,1,Super Lig,,Turkey,False
2024-01-01,Hatayspor,Rizespor,2,0,Super Lig,,Turkey,False
2024-01-01,Hatayspor,Samsunspor,3,0,Super Lig,,Turkey,False
2024-01-01,Hatayspor,Sivasspor,1,1,Super Lig,,Turkey,False
2024-01-01,Hatayspor,Trabzonspor,3,2,Super Lig,,Turkey,False
2024-01-01,İstanbulspor,Adana Demirspor,0,1,Super Lig,,Turkey,False
2024-01-01,İstanbulspor,Alanyaspor,0,1,Super Lig,,Turkey,False
2024-01-01,İstanbulspor,Ankaragücü,2,1,Super Lig,,Turkey,False
2024-01-01,İstanbulspor,Antalyaspor,1,2,Super Lig,,Turkey,False
2024-01-01,İstanbulspor,Başakşehir,0,2,Super Lig,,Turkey,False
2024-01-01,İstanbulspor,Beşiktaş,0,2,Super Lig,,Turkey,False
2024-01-01,İstanbulspor,Karagümrük,1,2,Super Lig,,Turkey,False
2024-01-01,İstanbulspor,Fenerbahçe,1,5,Super Lig,,Turkey,False
2024-01-01,İstanbulspor,Galatasaray,0,1,Super Lig,,Turkey,False
2024-01-01,İstanbulspor,Gaziantep,1,3,Super Lig,,Turkey,False
2024-01-01,İstanbulspor,Hatayspor,2,1,Super Lig,,Turkey,False
2024-01-01,İstanbulspor,Kasımpaşa,1,2,Super Lig,,Turkey,False
2024-01-01,İstanbulspor,Kayserispor,1,1,Super Lig,,Turkey,False
2024-01-01,İstanbulspor,Konyaspor,0,0,Super Lig,,Turkey,False
2024-01-01,İstanbulspor,Pendikspor,2,4,Super Lig,,Turkey,False
2024-01-01,İstanbulspor,Rizespor,0,4,Super Lig,,Turkey,False
2024-01-01,İstanbulspor,Samsunspor,1,1,Super Lig,,Turkey,False
2024-01-01,İstanbulspor,Sivasspor,1,3,Super Lig,,Turkey,False
2024-01-01,İstanbulspor,Trabzonspor,0,3,Super Lig,,Turkey,False
2024-01-01,Kasımpaşa,Adana Demirspor,2,1,Super Lig,,Turkey,False
2024-01-01,Kasımpaşa,Alanyaspor,2,1,Super Lig,,Turkey,False
2024-01-01,Kasımpaşa,Ankaragücü,3,2,Super Lig,,Turkey,False
2024-01-01,Kasımpaşa,Antalyaspor,3,1,Super Lig,,Turkey,False
2024-01-01,Kasımpaşa,Başakşehir,0,3,Super Lig,,Turkey,False
2024-01-01,Kasımpaşa,Beşiktaş,2,1,Super Lig,,Turkey,False
2024-01-01,Kasımpaşa,Karagümrük,1,1,Super Lig,,Turkey,False
2024-01-01,Kasımpaşa,Fenerbahçe,0,2,Super Lig,,Turkey,False
2024-01-01,Kasımpaşa,Galatasaray,3,4,Super Lig,,Turkey,False
2024-01-01,Kasımpaşa,Gaziantep,4,2,Super Lig,,Turkey,False
2024-01-01,Kasımpaşa,Hatayspor,3,0,Super Lig,,Turkey,False
2024-01-01,Kasımpaşa,İstanbulspor,3,1,Super Lig,,Turkey,False
2024-01-01,Kasımpaşa,Kayserispor,3,4,Super Lig,,Turkey,False
2024-01-01,Kasımpaşa,Konyaspor,0,2,Super Lig,,Turkey,False
2024-01-01,Kasımpaşa,Pendikspor,1,1,Super Lig,,Turkey,False
2024-01-01,Kasımpaşa,Rizespor,2,2,Super Lig,,Turkey,False
2024-01-01,Kasımpaşa,Samsunspor,1,0,Super Lig,,Turkey,False
2024-01-01,Kasımpaşa,Sivasspor,0,0,Super Lig,,Turkey,False
2024-01-01,Kasımpaşa,Trabzonspor,1,5,Super Lig,,Turkey,False
2024-01-01,Kayserispor,Adana Demirspor,1,1,Super Lig,,Turkey,False
2024-01-01,Kayserispor,Alanyaspor,1,0,Super Lig,,Turkey,False
2024-01-01,Kayserispor,Ankaragücü,3,2,Super Lig,,Turkey,False
2024-01-01,Kayserispor,Antalyaspor,1,1,Super Lig,,Turkey,False
2024-01-01,Kayserispor,Başakşehir,0,0,Super Lig,,Turkey,False
2024-01-01,Kayserispor,Beşiktaş,0,0,Super Lig,,Turkey,False
2024-01-01,Kayserispor,Karagümrük,2,2,Super Lig,,Turkey,False
2024-01-01,Kayserispor,Fenerbahçe,3,4,Super Lig,,Turkey,False
2024-01-01,Kayserispor,Galatasaray,0,0,Super Lig,,Turkey,False
2024-01-01,Kayserispor,Gaziantep,2,0,Super Lig,,Turkey,False
2024-01-01,Kayserispor,Hatayspor,1,1,Super Lig,,Turkey,False
2024-01-01,Kayserispor,İstanbulspor,0,1,Super Lig,,Turkey,False
2024-01-01,Kayserispor,Kasımpaşa,0,2,Super Lig,,Turkey,False
2024-01-01,Kayserispor,Konyaspor,2,2,Super Lig,,Turkey,False
2024-01-01,Kayserispor,Pendikspor,2,0,Super Lig,,Turkey,False
2024-01-01,Kayserispor,Rizespor,3,1,Super Lig,,Turkey,False
2024-01-01,Kayserispor,Samsunspor,2,1,Super Lig,,Turkey,False
2024-01-01,Kayserispor,Sivasspor,1,3,Super Lig,,Turkey,False
2024-01-01,Kayserispor,Trabzonspor,1,2,Super Lig,,Turkey,False
2024-01-01,Konyaspor,Adana Demirspor,2,2,Super Lig,,Turkey,False
2024-01-01,Konyaspor,Alanyaspor,0,2,Super Lig,,Turkey,False
2024-01-01,Konyaspor,Ankaragücü,1,0,Super Lig,,Turkey,False
2024-01-01,Konyaspor,Antalyaspor,1,1,Super Lig,,Turkey,False
2024-01-01,Konyaspor,Başakşehir,2,3,Super Lig,,Turkey,False
2024-01-01,Konyaspor,Beşiktaş,0,2,Super Lig,,Turkey,False
2024-01-01,Konyaspor,Karagümrük,1,1,Super Lig,,Turkey,False
2024-01-01,Konyaspor,Fenerbahçe,0,0,Super Lig,,Turkey,False
2024-01-01,Konyaspor,Galatasaray,1,3,Super Lig,,Turkey,False
2024-01-01,Konyaspor,Gaziantep,2,0,Super Lig,,Turkey,False
2024-01-01,Konyaspor,Hatayspor,2,0,Super Lig,,Turkey,False
2024-01-01,Konyaspor,İstanbulspor,1,1,Super Lig,,Turkey,False
2024-01-01,Konyaspor,Kasımpaşa,2,0,Super Lig,,Turkey,False
2024-01-01,Konyaspor,Kayserispor,2,0,Super Lig,,Turkey,False
2024-01-01,Konyaspor,Pendikspor,1,2,Super Lig,,Turkey,False
2024-01-01,Konyaspor,Rizespor,1,2,Super Lig,,Turkey,False
2024-01-01,Konyaspor,Samsunspor,3,0,Super Lig,,Turkey,False
2024-01-01,Konyaspor,Sivasspor,0,1,Super Lig,,Turkey,False
2024-01-01,Konyaspor,Trabzonspor,1,3,Super Lig,,Turkey,False
2024-01-01,Pendikspor,Adana Demirspor,2,1,Super Lig,,Turkey,False
2024-01-01,Pendikspor,Alanyaspor,1,1,Super Lig,,Turkey,False
2024-01-01,Pendikspor,Ankaragücü,1,1,Super Lig,,Turkey,False
2024-01-01,Pendikspor,Antalyaspor,0,1,Super Lig,,Turkey,False
2024-01-01,Pendikspor,Başakşehir,2,3,Super Lig,,Turkey,False
2024-01-01,Pendikspor,Beşiktaş,4,0,Super Lig,,Turkey,False
2024-01-01,Pendikspor,Karagümrük,1,1,Super Lig,,Turkey,False
2024-01-01,Pendikspor,Fenerbahçe,0,5,Super Lig,,Turkey,False
2024-01-01,Pendikspor,Galatasaray,0,2,Super Lig,,Turkey,False
2024-01-01,Pendikspor,Gaziantep,0,1,Super Lig,,Turkey,False
2024-01-01,Pendikspor,Hatayspor,1,5,Super Lig,,Turkey,False
2024-01-01,Pendikspor,İstanbulspor,1,0,Super Lig,,Turkey,False
2024-01-01,Pendikspor,Kasımpaşa,3,2,Super Lig,,Turkey,False
2024-01-01,Pendikspor,Kayserispor,1,2,Super Lig,,Turkey,False
2024-01-01,Pendikspor,Konyaspor,0,2,Super Lig,,Turkey,False
2024-01-01,Pendikspor,Rizespor,2,1,Super Lig,,Turkey,False
2024-01-01,Pendikspor,Samsunspor,1,0,Super Lig,,Turkey,False
2024-01-01,Pendikspor,Sivasspor,2,3,Super Lig,,Turkey,False
2024-01-01,Pendikspor,Trabzonspor,0,2,Super Lig,,Turkey,False
2024-01-01,Rizespor,Adana Demirspor,1,0,Super Lig,,Turkey,False
2024-01-01,Rizespor,Alanyaspor,0,0,Super Lig,,Turkey,False
2024-01-01,Rizespor,Ankaragücü,2,2,Super Lig,,Turkey,False
2024-01-01,Rizespor,Antalyaspor,3,0,Super Lig,,Turkey,False
2024-01-01,Rizespor,Başakşehir,3,2,Super Lig,,Turkey,False
2024-01-01,Rizespor,Beşiktaş,0,4,Super Lig,,Turkey,False
2024-01-01,Rizespor,Karagümrük,1,0,Super Lig,,Turkey,False
2024-01-01,Rizespor,Fenerbahçe,1,3,Super Lig,,Turkey,False
2024-01-01,Rizespor,Galatasaray,0,1,Super Lig,,Turkey,False
2024-01-01,Rizespor,Gaziantep,3,1,Super Lig,,Turkey,False
2024-01-01,Rizespor,Hatayspor,2,0,Super Lig,,Turkey,False
2024-01-01,Rizespor,İstanbulspor,1,0,Super Lig,,Turkey,False
2024-01-01,Rizespor,Kasımpaşa,0,0,Super Lig,,Turkey,False
2024-01-01,Rizespor,Kayserispor,3,0,Super Lig,,Turkey,False
2024-01-01,Rizespor,Konyaspor,0,0,Super Lig,,Turkey,False
2024-01-01,Rizespor,Pendikspor,5,1,Super Lig,,Turkey,False
2024-01-01,Rizespor,Samsunspor,1,0,Super Lig,,Turkey,False
2024-01-01,Rizespor,Sivasspor,1,1,Super Lig,,Turkey,False
2024-01-01,Rizespor,Trabzonspor,1,0,Super Lig,,Turkey,False
2024-01-01,Samsunspor,Adana Demirspor,1,1,Super Lig,,Turkey,False
2024-01-01,Samsunspor,Alanyaspor,1,1,Super Lig,,Turkey,False
2024-01-01,Samsunspor,Ankaragücü,2,1,Super Lig,,Turkey,False
2024-01-01,Samsunspor,Antalyaspor,2,0,Super Lig,,Turkey,False
2024-01-01,Samsunspor,Başakşehir,0,0,Super Lig,,Turkey,False
2024-01-01,Samsunspor,Beşiktaş,1,2,Super Lig,,Turkey,False
2024-01-01,Samsunspor,Karagümrük,1,0,Super Lig,,Turkey,False
2024-01-01,Samsunspor,Fenerbahçe,0,2,Super Lig,,Turkey,False
2024-01-01,Samsunspor,Galatasaray,0,2,Super Lig,,Turkey,False
2024-01-01,Samsunspor,Gaziantep,1,2,Super Lig,,Turkey,False
2024-01-01,Samsunspor,Hatayspor,2,1,Super Lig,,Turkey,False
2024-01-01,Samsunspor,İstanbulspor,2,1,Super Lig,,Turkey,False
2024-01-01,Samsunspor,Kasımpaşa,4,2,Super Lig,,Turkey,False
2024-01-01,Samsunspor,Kayserispor,2,0,Super Lig,,Turkey,False
2024-01-01,Samsunspor,Konyaspor,1,1,Super Lig,,Turkey,False
2024-01-01,Samsunspor,Pendikspor,0,0,Super Lig,,Turkey,False
2024-01-01,Samsunspor,Rizespor,3,0,Super Lig,,Turkey,False
2024-01-01,Samsunspor,Sivasspor,2,0,Super Lig,,Turkey,False
2024-01-01,Samsunspor,Trabzonspor,3,1,Super Lig,,Turkey,False
2024-01-01,Sivasspor,Adana Demirspor,1,1,Super Lig,,Turkey,False
2024-01-01,Sivasspor,Alanyaspor,1,2,Super Lig,,Turkey,False
2024-01-01,Sivasspor,Ankaragücü,1,3,Super Lig,,Turkey,False
2024-01-01,Sivasspor,Antalyaspor,1,1,Super Lig,,Turkey,False
2024-01-01,Sivasspor,Başakşehir,0,1,Super Lig,,Turkey,False
2024-01-01,Sivasspor,Beşiktaş,1,0,Super Lig,,Turkey,False
2024-01-01,Sivasspor,Karagümrük,1,0,Super Lig,,Turkey,False
2024-01-01,Sivasspor,Fenerbahçe,2,2,Super Lig,,Turkey,False
2024-01-01,Sivasspor,Galatasaray,1,1,Super Lig,,Turkey,False
2024-01-01,Sivasspor,Gaziantep,2,2,Super Lig,,Turkey,False
2024-01-01,Sivasspor,Hatayspor,0,0,Super Lig,,Turkey,False
2024-01-01,Sivasspor,İstanbulspor,1,0,Super Lig,,Turkey,False
2024-01-01,Sivasspor,Kasımpaşa,0,1,Super Lig,,Turkey,False
2024-01-01,Sivasspor,Kayserispor,2,1,Super Lig,,Turkey,False
2024-01-01,Sivasspor,Konyaspor,1,0,Super Lig,,Turkey,False
2024-01-01,Sivasspor,Pendikspor,4,1,Super Lig,,Turkey,False
2024-01-01,Sivasspor,Rizespor,1,0,Super Lig,,Turkey,False
2024-01-01,Sivasspor,Samsunspor,1,1,Super Lig,,Turkey,False
2024-01-01,Sivasspor,Trabzonspor,3,3,Super Lig,,Turkey,False
2024-01-01,Trabzonspor,Adana Demirspor,1,0,Super Lig,,Turkey,False
2024-01-01,Trabzonspor,Alanyaspor,1,0,Super Lig,,Turkey,False
2024-01-01,Trabzonspor,Ankaragücü,4,2,Super Lig,,Turkey,False
2024-01-01,Trabzonspor,Antalyaspor,1,0,Super Lig,,Turkey,False
2024-01-01,Trabzonspor,Başakşehir,1,1,Super Lig,,Turkey,False
2024-01-01,Trabzonspor,Beşiktaş,3,0,Super Lig,,Turkey,False
2024-01-01,Trabzonspor,Karagümrük,5,1,Super Lig,,Turkey,False
2024-01-01,Trabzonspor,Fenerbahçe,2,3,Super Lig,,Turkey,False
2024-01-01,Trabzonspor,Galatasaray,1,5,Super Lig,,Turkey,False
2024-01-01,Trabzonspor,Gaziantep,4,2,Super Lig,,Turkey,False
2024-01-01,Trabzonspor,Hatayspor,2,0,Super Lig,,Turkey,False
2024-01-01,Trabzonspor,İstanbulspor,3,0,Super Lig,,Turkey,False
2024-01-01,Trabzonspor,Kasımpaşa,2,3,Super Lig,,Turkey,False
2024-01-01,Trabzonspor,Kayserispor,0,1,Super Lig,,Turkey,False
2024-01-01,Trabzonspor,Konyaspor,2,1,Super Lig,,Turkey,False
2024-01-01,Trabzonspor,Pendikspor,2,1,Super Lig,,Turkey,False
2024-01-01,Trabzonspor,Rizespor,2,3,Super Lig,,Turkey,False
2024-01-01,Trabzonspor,Samsunspor,2,1,Super Lig,,Turkey,False
2024-01-01,Trabzonspor,Sivasspor,0,1,Super Lig,,Turkey,False
2025-01-01,Adana Demirspor,Beşiktaş,2,1,Super Lig,,Turkey,False
2025-01-01,Adana Demirspor,Eyüpspor,0,1,Super Lig,,Turkey,False
2025-01-01,Adana Demirspor,Galatasaray,1,5,Super Lig,,Turkey,False
2025-01-01,Adana Demirspor,Göztepe,1,2,Super Lig,,Turkey,False
2025-01-01,Adana Demirspor,Fenerbahçe,0,4,Super Lig,,Turkey,False
2025-01-01,Adana Demirspor,Başakşehir,0,1,Super Lig,,Turkey,False
2025-01-01,Adana Demirspor,Kasımpaşa,3,5,Super Lig,,Turkey,False
2025-01-01,Adana Demirspor,Rizespor,1,2,Super Lig,,Turkey,False
2025-01-01,Adana Demirspor,Trabzonspor,0,1,Super Lig,,Turkey,False
2025-01-01,Adana Demirspor,Alanyaspor,0,2,Super Lig,,Turkey,False
2025-01-01,Adana Demirspor,Antalyaspor,1,1,Super Lig,,Turkey,False
2025-01-01,Adana Demirspor,Sivasspor,2,4,Super Lig,,Turkey,False
2025-01-01,Adana Demirspor,Kayserispor,0,2,Super Lig,,Turkey,False
2025-01-01,Adana Demirspor,Samsunspor,1,3,Super Lig,,Turkey,False
2025-01-01,Adana Demirspor,Gaziantep,2,2,Super Lig,,Turkey,False
2025-01-01,Adana Demirspor,Hatayspor,0,5,Super Lig,,Turkey,False
2025-01-01,Adana Demirspor,Konyaspor,0,1,Super Lig,,Turkey,False
2025-01-01,Adana Demirspor,Bodrum,0,0,Super Lig,,Turkey,False
2025-01-01,Alanyaspor,Beşiktaş,1,1,Super Lig,,Turkey,False
2025-01-01,Alanyaspor,Eyüpspor,1,1,Super Lig,,Turkey,False
2025-01-01,Alanyaspor,Galatasaray,1,2,Super Lig,,Turkey,False
2025-01-01,Alanyaspor,Göztepe,1,1,Super Lig,,Turkey,False
2025-01-01,Alanyaspor,Fenerbahçe,0,2,Super Lig,,Turkey,False
2025-01-01,Alanyaspor,Başakşehir,5,4,Super Lig,,Turkey,False
2025-01-01,Alanyaspor,Kasımpaşa,1,2,Super Lig,,Turkey,False
2025-01-01,Alanyaspor,Rizespor,1,0,Super Lig,,Turkey,False
2025-01-01,Alanyaspor,Trabzonspor,2,1,Super Lig,,Turkey,False
2025-01-01,Alanyaspor,Adana Demirspor,3,2,Super Lig,,Turkey,False
2025-01-01,Alanyaspor,Antalyaspor,1,2,Super Lig,,Turkey,False
2025-01-01,Alanyaspor,Sivasspor,2,0,Super Lig,,Turkey,False
2025-01-01,Alanyaspor,Kayserispor,1,1,Super Lig,,Turkey,False
2025-01-01,Alanyaspor,Samsunspor,1,0,Super Lig,,Turkey,False
2025-01-01,Alanyaspor,Gaziantep,3,0,Super Lig,,Turkey,False
2025-01-01,Alanyaspor,Hatayspor,0,0,Super Lig,,Turkey,False
2025-01-01,Alanyaspor,Konyaspor,2,1,Super Lig,,Turkey,False
2025-01-01,Alanyaspor,Bodrum,0,1,Super Lig,,Turkey,False
2025-01-01,Antalyaspor,Beşiktaş,1,1,Super Lig,,Turkey,False
2025-01-01,Antalyaspor,Eyüpspor,1,4,Super Lig,,Turkey,False
2025-01-01,Antalyaspor,Galatasaray,0,3,Super Lig,,Turkey,False
2025-01-01,Antalyaspor,Göztepe,0,0,Super Lig,,Turkey,False
2025-01-01,Antalyaspor,Fenerbahçe,0,2,Super Lig,,Turkey,False
2025-01-01,Antalyaspor,Başakşehir,0,0,Super Lig,,Turkey,False
2025-01-01,Antalyaspor,Kasımpaşa,2,1,Super Lig,,Turkey,False
2025-01-01,Antalyaspor,Rizespor,2,1,Super Lig,,Turkey,False
2025-01-01,Antalyaspor,Trabzonspor,0,2,Super Lig,,Turkey,False
2025-01-01,Antalyaspor,Adana Demirspor,2,1,Super Lig,,Turkey,False
2025-01-01,Antalyaspor,Alanyaspor,2,1,Super Lig,,Turkey,False
2025-01-01,Antalyaspor,Sivasspor,2,1,Super Lig,,Turkey,False
2025-01-01,Antalyaspor,Kayserispor,2,0,Super Lig,,Turkey,False
2025-01-01,Antalyaspor,Samsunspor,2,1,Super Lig,,Turkey,False
2025-01-01,Antalyaspor,Gaziantep,0,0,Super Lig,,Turkey,False
2025-01-01,Antalyaspor,Hatayspor,3,2,Super Lig,,Turkey,False
2025-01-01,Antalyaspor,Konyaspor,1,0,Super Lig,,Turkey,False
2025-01-01,Antalyaspor,Bodrum,3,2,Super Lig,,Turkey,False
2025-01-01,Başakşehir,Beşiktaş,0,0,Super Lig,,Turkey,False
2025-01-01,Başakşehir,Eyüpspor,1,1,Super Lig,,Turkey,False
2025-01-01,Başakşehir,Galatasaray,1,2,Super Lig,,Turkey,False
2025-01-01,Başakşehir,Göztepe,4,1,Super Lig,,Turkey,False
2025-01-01,Başakşehir,Fenerbahçe,1,4,Super Lig,,Turkey,False
2025-01-01,Başakşehir,Kasımpaşa,2,2,Super Lig,,Turkey,False
2025-01-01,Başakşehir,Rizespor,2,0,Super Lig,,Turkey,False
2025-01-01,Başakşehir,Trabzonspor,0,3,Super Lig,,Turkey,False
2025-01-01,Başakşehir,Adana Demirspor,2,3,Super Lig,,Turkey,False
2025-01-01,Başakşehir,Alanyaspor,4,2,Super Lig,,Turkey,False
2025-01-01,Başakşehir,Antalyaspor,5,2,Super Lig,,Turkey,False
2025-01-01,Başakşehir,Sivasspor,1,0,Super Lig,,Turkey,False
2025-01-01,Başakşehir,Kayserispor,1,1,Super Lig,,Turkey,False
2025-01-01,Başakşehir,Samsunspor,4,0,Super Lig,,Turkey,False
2025-01-01,Başakşehir,Gaziantep,2,1,Super Lig,,Turkey,False
2025-01-01,Başakşehir,Hatayspor,3,0,Super Lig,,Turkey,False
2025-01-01,Başakşehir,Konyaspor,1,0,Super Lig,,Turkey,False
2025-01-01,Başakşehir,Bodrum,0,1,Super Lig,,Turkey,False
2025-01-01,Beşiktaş,Eyüpspor,2,1,Super Lig,,Turkey,False
2025-01-01,Beşiktaş,Göztepe,2,4,Super Lig,,Turkey,False
2025-01-01,Beşiktaş,Başakşehir,0,2,Super Lig,,Turkey,False
2025-01-01,Beşiktaş,Kasımpaşa,1,3,Super Lig,,Turkey,False
2025-01-01,Beşiktaş,Rizespor,1,2,Super Lig,,Turkey,False
2025-01-01,Beşiktaş,Trabzonspor,2,1,Super Lig,,Turkey,False
2025-01-01,Beşiktaş,Adana Demirspor,4,1,Super Lig,,Turkey,False
2025-01-01,Beşiktaş,Alanyaspor,1,1,Super Lig,,Turkey,False
2025-01-01,Beşiktaş,Antalyaspor,4,2,Super Lig,,Turkey,False
2025-01-01,Beşiktaş,Sivasspor,2,0,Super Lig,,Turkey,False
2025-01-01,Beşiktaş,Kayserispor,2,0,Super Lig,,Turkey,False
2025-01-01,Beşiktaş,Samsunspor,0,0,Super Lig,,Turkey,False
2025-01-01,Beşiktaş,Gaziantep,1,2,Super Lig,,Turkey,False
2025-01-01,Beşiktaş,Hatayspor,5,1,Super Lig,,Turkey,False
2025-01-01,Beşiktaş,Konyaspor,2,0,Super Lig,,Turkey,False
2025-01-01,Beşiktaş,Bodrum,2,1,Super Lig,,Turkey,False
2025-01-01,Bodrum,Beşiktaş,0,4,Super Lig,,Turkey,False
2025-01-01,Bodrum,Eyüpspor,0,1,Super Lig,,Turkey,False
2025-01-01,Bodrum,Galatasaray,0,1,Super Lig,,Turkey,False
2025-01-01,Bodrum,Göztepe,0,0,Super Lig,,Turkey,False
2025-01-01,Bodrum,Fenerbahçe,2,4,Super Lig,,Turkey,False
2025-01-01,Bodrum,Başakşehir,0,1,Super Lig,,Turkey,False
2025-01-01,Bodrum,Kasımpaşa,1,0,Super Lig,,Turkey,False
2025-01-01,Bodrum,Rizespor,0,1,Super Lig,,Turkey,False
2025-01-01,Bodrum,Trabzonspor,1,1,Super Lig,,Turkey,False
2025-01-01,Bodrum,Adana Demirspor,3,1,Super Lig,,Turkey,False
2025-01-01,Bodrum,Alanyaspor,0,0,Super Lig,,Turkey,False
2025-01-01,Bodrum,Antalyaspor,0,0,Super Lig,,Turkey,False
2025-01-01,Bodrum,Sivasspor,2,0,Super Lig,,Turkey,False
2025-01-01,Bodrum,Kayserispor,1,1,Super Lig,,Turkey,False
2025-01-01,Bodrum,Samsunspor,1,2,Super Lig,,Turkey,False
2025-01-01,Bodrum,Gaziantep,0,1,Super Lig,,Turkey,False
2025-01-01,Bodrum,Hatayspor,1,0,Super Lig,,Turkey,False
2025-01-01,Bodrum,Konyaspor,3,1,Super Lig,,Turkey,False
2025-01-01,Eyüpspor,Beşiktaş,1,3,Super Lig,,Turkey,False
2025-01-01,Eyüpspor,Galatasaray,1,5,Super Lig,,Turkey,False
2025-01-01,Eyüpspor,Göztepe,1,0,Super Lig,,Turkey,False
2025-01-01,Eyüpspor,Fenerbahçe,1,1,Super Lig,,Turkey,False
2025-01-01,Eyüpspor,Kasımpaşa,0,3,Super Lig,,Turkey,False
2025-01-01,Eyüpspor,Rizespor,1,2,Super Lig,,Turkey,False
2025-01-01,Eyüpspor,Trabzonspor,0,0,Super Lig,,Turkey,False
2025-01-01,Eyüpspor,Adana Demirspor,6,0,Super Lig,,Turkey,False
2025-01-01,Eyüpspor,Alanyaspor,3,0,Super Lig,,Turkey,False
2025-01-01,Eyüpspor,Antalyaspor,2,1,Super Lig,,Turkey,False
2025-01-01,Eyüpspor,Sivasspor,1,0,Super Lig,,Turkey,False
2025-01-01,Eyüpspor,Başakşehir,1,3,Super Lig,,Turkey,False
2025-01-01,Eyüpspor,Kayserispor,1,1,Super Lig,,Turkey,False
2025-01-01,Eyüpspor,Samsunspor,3,0,Super Lig,,Turkey,False
2025-01-01,Eyüpspor,Gaziantep,3,2,Super Lig,,Turkey,False
2025-01-01,Eyüpspor,Hatayspor,2,0,Super Lig,,Turkey,False
2025-01-01,Eyüpspor,Konyaspor,2,1,Super Lig,,Turkey,False
2025-01-01,Eyüpspor,Bodrum,4,1,Super Lig,,Turkey,False
2025-01-01,Fenerbahçe,Eyüpspor,2,1,Super Lig,,Turkey,False
2025-01-01,Fenerbahçe,Göztepe,3,2,Super Lig,,Turkey,False
2025-01-01,Fenerbahçe,Başakşehir,3,1,Super Lig,,Turkey,False
2025-01-01,Fenerbahçe,Kasımpaşa,3,1,Super Lig,,Turkey,False
2025-01-01,Fenerbahçe,Rizespor,3,2,Super Lig,,Turkey,False
2025-01-01,Fenerbahçe,Trabzonspor,4,1,Super Lig,,Turkey,False
2025-01-01,Fenerbahçe,Adana Demirspor,1,0,Super Lig,,Turkey,False
2025-01-01,Fenerbahçe,Alanyaspor,3,0,Super Lig,,Turkey,False
2025-01-01,Fenerbahçe,Antalyaspor,3,0,Super Lig,,Turkey,False
2025-01-01,Fenerbahçe,Sivasspor,4,0,Super Lig,,Turkey,False
2025-01-01,Fenerbahçe,Kayserispor,3,3,Super Lig,,Turkey,False
2025-01-01,Fenerbahçe,Samsunspor,0,0,Super Lig,,Turkey,False
2025-01-01,Fenerbahçe,Gaziantep,3,1,Super Lig,,Turkey,False
2025-01-01,Fenerbahçe,Hatayspor,2,1,Super Lig,,Turkey,False
2025-01-01,Fenerbahçe,Konyaspor,2,1,Super Lig,,Turkey,False
2025-01-01,Fenerbahçe,Bodrum,2,0,Super Lig,,Turkey,False
2025-01-01,Galatasaray,Eyüpspor,2,2,Super Lig,,Turkey,False
2025-01-01,Galatasaray,Göztepe,2,1,Super Lig,,Turkey,False
2025-01-01,Galatasaray,Başakşehir,2,0,Super Lig,,Turkey,False
2025-01-01,Galatasaray,Kasımpaşa,3,3,Super Lig,,Turkey,False
2025-01-01,Galatasaray,Rizespor,5,0,Super Lig,,Turkey,False
2025-01-01,Galatasaray,Trabzonspor,4,3,Super Lig,,Turkey,False
2025-01-01,Galatasaray,Adana Demirspor,3,0,Super Lig,,Turkey,False
2025-01-01,Galatasaray,Alanyaspor,1,0,Super Lig,,Turkey,False
2025-01-01,Galatasaray,Antalyaspor,4,0,Super Lig,,Turkey,False
2025-01-01,Galatasaray,Sivasspor,4,1,Super Lig,,Turkey,False
2025-01-01,Galatasaray,Kayserispor,3,0,Super Lig,,Turkey,False
2025-01-01,Galatasaray,Samsunspor,3,2,Super Lig,,Turkey,False
2025-01-01,Galatasaray,Gaziantep,3,1,Super Lig,,Turkey,False
2025-01-01,Galatasaray,Hatayspor,2,1,Super Lig,,Turkey,False
2025-01-01,Galatasaray,Konyaspor,1,0,Super Lig,,Turkey,False
2025-01-01,Galatasaray,Bodrum,2,0,Super Lig,,Turkey,False
2025-01-01,Gaziantep,Beşiktaş,1,1,Super Lig,,Turkey,False
2025-01-01,Gaziantep,Eyüpspor,3,1,Super Lig,,Turkey,False
2025-01-01,Gaziantep,Galatasaray,0,1,Super Lig,,Turkey,False
2025-01-01,Gaziantep,Göztepe,2,1,Super Lig,,Turkey,False
2025-01-01,Gaziantep,Fenerbahçe,1,3,Super Lig,,Turkey,False
2025-01-01,Gaziantep,Başakşehir,3,0,Super Lig,,Turkey,False
2025-01-01,Gaziantep,Kasımpaşa,2,2,Super Lig,,Turkey,False
2025-01-01,Gaziantep,Rizespor,1,0,Super Lig,,Turkey,False
2025-01-01,Gaziantep,Trabzonspor,0,0,Super Lig,,Turkey,False
2025-01-01,Gaziantep,Adana Demirspor,1,0,Super Lig,,Turkey,False
2025-01-01,Gaziantep,Alanyaspor,0,1,Super Lig,,Turkey,False
2025-01-01,Gaziantep,Antalyaspor,2,0,Super Lig,,Turkey,False
2025-01-01,Gaziantep,Sivasspor,2,1,Super Lig,,Turkey,False
2025-01-01,Gaziantep,Kayserispor,1,0,Super Lig,,Turkey,False
2025-01-01,Gaziantep,Samsunspor,0,1,Super Lig,,Turkey,False
2025-01-01,Gaziantep,Hatayspor,2,1,Super Lig,,Turkey,False
2025-01-01,Gaziantep,Konyaspor,3,1,Super Lig,,Turkey,False
2025-01-01,Gaziantep,Bodrum,0,0,Super Lig,,Turkey,False
2025-01-01,Göztepe,Beşiktaş,1,1,Super Lig,,Turkey,False
2025-01-01,Göztepe,Eyüpspor,1,1,Super Lig,,Turkey,False
2025-01-01,Göztepe,Galatasaray,0,2,Super Lig,,Turkey,False
2025-01-01,Göztepe,Fenerbahçe,2,2,Super Lig,,Turkey,False
2025-01-01,Göztepe,Başakşehir,4,1,Super Lig,,Turkey,False
2025-01-01,Göztepe,Kasımpaşa,5,0,Super Lig,,Turkey,False
2025-01-01,Göztepe,Rizespor,3,0,Super Lig,,Turkey,False
2025-01-01,Göztepe,Trabzonspor,2,1,Super Lig,,Turkey,False
2025-01-01,Göztepe,Adana Demirspor,3,0,Super Lig,,Turkey,False
2025-01-01,Göztepe,Alanyaspor,0,1,Super Lig,,Turkey,False
2025-01-01,Göztepe,Antalyaspor,1,0,Super Lig,,Turkey,False
2025-01-01,Göztepe,Sivasspor,3,2,Super Lig,,Turkey,False
2025-01-01,Göztepe,Kayserispor,3,0,Super Lig,,Turkey,False
2025-01-01,Göztepe,Samsunspor,2,2,Super Lig,,Turkey,False
2025-01-01,Göztepe,Gaziantep,1,1,Super Lig,,Turkey,False
2025-01-01,Göztepe,Hatayspor,1,1,Super Lig,,Turkey,False
2025-01-01,Göztepe,Konyaspor,2,0,Super Lig,,Turkey,False
2025-01-01,Göztepe,Bodrum,2,0,Super Lig,,Turkey,False
2025-01-01,Hatayspor,Beşiktaş,1,1,Super Lig,,Turkey,False
2025-01-01,Hatayspor,Eyüpspor,0,1,Super Lig,,Turkey,False
2025-01-01,Hatayspor,Galatasaray,1,1,Super Lig,,Turkey,False
2025-01-01,Hatayspor,Göztepe,1,1,Super Lig,,Turkey,False
2025-01-01,Hatayspor,Fenerbahçe,4,2,Super Lig,,Turkey,False
2025-01-01,Hatayspor,Başakşehir,2,4,Super Lig,,Turkey,False
2025-01-01,Hatayspor,Kasımpaşa,1,1,Super Lig,,Turkey,False
2025-01-01,Hatayspor,Rizespor,1,2,Super Lig,,Turkey,False
2025-01-01,Hatayspor,Trabzonspor,1,1,Super Lig,,Turkey,False
2025-01-01,Hatayspor,Adana Demirspor,1,3,Super Lig,,Turkey,False
2025-01-01,Hatayspor,Alanyaspor,1,0,Super Lig,,Turkey,False
2025-01-01,Hatayspor,Antalyaspor,2,3,Super Lig,,Turkey,False
2025-01-01,Hatayspor,Sivasspor,3,2,Super Lig,,Turkey,False
2025-01-01,Hatayspor,Kayserispor,0,1,Super Lig,,Turkey,False
2025-01-01,Hatayspor,Samsunspor,0,3,Super Lig,,Turkey,False
2025-01-01,Hatayspor,Gaziantep,3,1,Super Lig,,Turkey,False
2025-01-01,Hatayspor,Konyaspor,2,3,Super Lig,,Turkey,False
2025-01-01,Hatayspor,Bodrum,0,1,Super Lig,,Turkey,False
2025-01-01,Kasımpaşa,Beşiktaş,1,1,Super Lig,,Turkey,False
2025-01-01,Kasımpaşa,Eyüpspor,2,0,Super Lig,,Turkey,False
2025-01-01,Kasımpaşa,Galatasaray,3,3,Super Lig,,Turkey,False
2025-01-01,Kasımpaşa,Göztepe,1,2,Super Lig,,Turkey,False
2025-01-01,Kasımpaşa,Fenerbahçe,0,2,Super Lig,,Turkey,False
2025-01-01,Kasımpaşa,Başakşehir,2,3,Super Lig,,Turkey,False
2025-01-01,Kasımpaşa,Rizespor,3,2,Super Lig,,Turkey,False
2025-01-01,Kasımpaşa,Trabzonspor,1,1,Super Lig,,Turkey,False
2025-01-01,Kasımpaşa,Adana Demirspor,2,2,Super Lig,,Turkey,False
2025-01-01,Kasımpaşa,Alanyaspor,2,1,Super Lig,,Turkey,False
2025-01-01,Kasımpaşa,Antalyaspor,0,0,Super Lig,,Turkey,False
2025-01-01,Kasımpaşa,Sivasspor,3,1,Super Lig,,Turkey,False
2025-01-01,Kasımpaşa,Kayserispor,1,2,Super Lig,,Turkey,False
2025-01-01,Kasımpaşa,Samsunspor,1,4,Super Lig,,Turkey,False
2025-01-01,Kasımpaşa,Gaziantep,2,2,Super Lig,,Turkey,False
2025-01-01,Kasımpaşa,Hatayspor,5,4,Super Lig,,Turkey,False
2025-01-01,Kasımpaşa,Konyaspor,2,3,Super Lig,,Turkey,False
2025-01-01,Kasımpaşa,Bodrum,0,0,Super Lig,,Turkey,False
2025-01-01,Kayserispor,Adana Demirspor,0,0,Super Lig,,Turkey,False
2025-01-01,Kayserispor,Alanyaspor,2,0,Super Lig,,Turkey,False
2025-01-01,Kayserispor,Antalyaspor,3,1,Super Lig,,Turkey,False
2025-01-01,Kayserispor,Başakşehir,3,1,Super Lig,,Turkey,False
2025-01-01,Kayserispor,Beşiktaş,0,3,Super Lig,,Turkey,False
2025-01-01,Kayserispor,Bodrum,1,1,Super Lig,,Turkey,False
2025-01-01,Kayserispor,Eyüpspor,2,2,Super Lig,,Turkey,False
2025-01-01,Kayserispor,Fenerbahçe,2,6,Super Lig,,Turkey,False
2025-01-01,Kayserispor,Galatasaray,1,5,Super Lig,,Turkey,False
2025-01-01,Kayserispor,Gaziantep,2,2,Super Lig,,Turkey,False
2025-01-01,Kayserispor,Göztepe,1,0,Super Lig,,Turkey,False
2025-01-01,Kayserispor,Hatayspor,5,0,Super Lig,,Turkey,False
2025-01-01,Kayserispor,Kasımpaşa,1,0,Super Lig,,Turkey,False
2025-01-01,Kayserispor,Konyaspor,3,2,Super Lig,,Turkey,False
2025-01-01,Kayserispor,Rizespor,1,0,Super Lig,,Turkey,False
2025-01-01,Kayserispor,Trabzonspor,0,0,Super Lig,,Turkey,False
2025-01-01,Kayserispor,Sivasspor,1,2,Super Lig,,Turkey,False
2025-01-01,Kayserispor,Samsunspor,0,1,Super Lig,,Turkey,False
2025-01-01,Konyaspor,Beşiktaş,1,0,Super Lig,,Turkey,False
2025-01-01,Konyaspor,Eyüpspor,2,1,Super Lig,,Turkey,False
2025-01-01,Konyaspor,Galatasaray,1,2,Super Lig,,Turkey,False
2025-01-01,Konyaspor,Göztepe,1,0,Super Lig,,Turkey,False
2025-01-01,Konyaspor,Fenerbahçe,2,3,Super Lig,,Turkey,False
2025-01-01,Konyaspor,Başakşehir,3,2,Super Lig,,Turkey,False
2025-01-01,Konyaspor,Kasımpaşa,3,3,Super Lig,,Turkey,False
2025-01-01,Konyaspor,Rizespor,2,1,Super Lig,,Turkey,False
2025-01-01,Konyaspor,Trabzonspor,1,0,Super Lig,,Turkey,False
2025-01-01,Konyaspor,Adana Demirspor,3,1,Super Lig,,Turkey,False
2025-01-01,Konyaspor,Alanyaspor,1,2,Super Lig,,Turkey,False
2025-01-01,Konyaspor,Antalyaspor,1,1,Super Lig,,Turkey,False
2025-01-01,Konyaspor,Sivasspor,0,0,Super Lig,,Turkey,False
2025-01-01,Konyaspor,Kayserispor,0,0,Super Lig,,Turkey,False
2025-01-01,Konyaspor,Samsunspor,0,1,Super Lig,,Turkey,False
2025-01-01,Konyaspor,Gaziantep,1,0,Super Lig,,Turkey,False
2025-01-01,Konyaspor,Hatayspor,1,1,Super Lig,,Turkey,False
2025-01-01,Konyaspor,Bodrum,3,1,Super Lig,,Turkey,False
2025-01-01,Rizespor,Beşiktaş,1,1,Super Lig,,Turkey,False
2025-01-01,Rizespor,Eyüpspor,1,0,Super Lig,,Turkey,False
2025-01-01,Rizespor,Galatasaray,1,2,Super Lig,,Turkey,False
2025-01-01,Rizespor,Göztepe,6,3,Super Lig,,Turkey,False
2025-01-01,Rizespor,Fenerbahçe,0,5,Super Lig,,Turkey,False
2025-01-01,Rizespor,Başakşehir,1,1,Super Lig,,Turkey,False
2025-01-01,Rizespor,Kasımpaşa,0,1,Super Lig,,Turkey,False
2025-01-01,Rizespor,Trabzonspor,3,1,Super Lig,,Turkey,False
2025-01-01,Rizespor,Adana Demirspor,3,2,Super Lig,,Turkey,False
2025-01-01,Rizespor,Alanyaspor,3,1,Super Lig,,Turkey,False
2025-01-01,Rizespor,Antalyaspor,2,1,Super Lig,,Turkey,False
2025-01-01,Rizespor,Sivasspor,1,1,Super Lig,,Turkey,False
2025-01-01,Rizespor,Kayserispor,3,0,Super Lig,,Turkey,False
2025-01-01,Rizespor,Samsunspor,0,1,Super Lig,,Turkey,False
2025-01-01,Rizespor,Gaziantep,2,0,Super Lig,,Turkey,False
2025-01-01,Rizespor,Hatayspor,5,2,Super Lig,,Turkey,False
2025-01-01,Rizespor,Konyaspor,1,1,Super Lig,,Turkey,False
2025-01-01,Rizespor,Bodrum,0,2,Super Lig,,Turkey,False
2025-01-01,Samsunspor,Beşiktaş,0,2,Super Lig,,Turkey,False
2025-01-01,Samsunspor,Eyüpspor,3,0,Super Lig,,Turkey,False
2025-01-01,Samsunspor,Galatasaray,0,2,Super Lig,,Turkey,False
2025-01-01,Samsunspor,Göztepe,4,3,Super Lig,,Turkey,False
2025-01-01,Samsunspor,Fenerbahçe,2,2,Super Lig,,Turkey,False
2025-01-01,Samsunspor,Başakşehir,2,0,Super Lig,,Turkey,False
2025-01-01,Samsunspor,Kasımpaşa,0,2,Super Lig,,Turkey,False
2025-01-01,Samsunspor,Rizespor,2,3,Super Lig,,Turkey,False
2025-01-01,Samsunspor,Trabzonspor,2,1,Super Lig,,Turkey,False
2025-01-01,Samsunspor,Adana Demirspor,3,2,Super Lig,,Turkey,False
2025-01-01,Samsunspor,Alanyaspor,1,1,Super Lig,,Turkey,False
2025-01-01,Samsunspor,Antalyaspor,2,0,Super Lig,,Turkey,False
2025-01-01,Samsunspor,Sivasspor,1,0,Super Lig,,Turkey,False
2025-01-01,Samsunspor,Kayserispor,2,1,Super Lig,,Turkey,False
2025-01-01,Samsunspor,Gaziantep,2,1,Super Lig,,Turkey,False
2025-01-01,Samsunspor,Hatayspor,2,0,Super Lig,,Turkey,False
2025-01-01,Samsunspor,Konyaspor,0,1,Super Lig,,Turkey,False
2025-01-01,Samsunspor,Bodrum,4,0,Super Lig,,Turkey,False
2025-01-01,Sivasspor,Beşiktaş,0,2,Super Lig,,Turkey,False
2025-01-01,Sivasspor,Eyüpspor,0,1,Super Lig,,Turkey,False
2025-01-01,Sivasspor,Galatasaray,2,3,Super Lig,,Turkey,False
2025-01-01,Sivasspor,Göztepe,3,1,Super Lig,,Turkey,False
2025-01-01,Sivasspor,Fenerbahçe,1,3,Super Lig,,Turkey,False
2025-01-01,Sivasspor,Başakşehir,1,2,Super Lig,,Turkey,False
2025-01-01,Sivasspor,Kasımpaşa,0,0,Super Lig,,Turkey,False
2025-01-01,Sivasspor,Rizespor,2,1,Super Lig,,Turkey,False
2025-01-01,Sivasspor,Trabzonspor,0,0,Super Lig,,Turkey,False
2025-01-01,Sivasspor,Adana Demirspor,5,1,Super Lig,,Turkey,False
2025-01-01,Sivasspor,Alanyaspor,1,1,Super Lig,,Turkey,False
2025-01-01,Sivasspor,Antalyaspor,2,0,Super Lig,,Turkey,False
2025-01-01,Sivasspor,Kayserispor,5,2,Super Lig,,Turkey,False
2025-01-01,Sivasspor,Samsunspor,0,0,Super Lig,,Turkey,False
2025-01-01,Sivasspor,Gaziantep,3,2,Super Lig,,Turkey,False
2025-01-01,Sivasspor,Hatayspor,3,2,Super Lig,,Turkey,False
2025-01-01,Sivasspor,Konyaspor,1,1,Super Lig,,Turkey,False
2025-01-01,Sivasspor,Bodrum,0,0,Super Lig,,Turkey,False
2025-01-01,Trabzonspor,Beşiktaş,1,1,Super Lig,,Turkey,False
2025-01-01,Trabzonspor,Eyüpspor,1,0,Super Lig,,Turkey,False
2025-01-01,Trabzonspor,Galatasaray,0,2,Super Lig,,Turkey,False
2025-01-01,Trabzonspor,Göztepe,1,1,Super Lig,,Turkey,False
2025-01-01,Trabzonspor,Fenerbahçe,2,3,Super Lig,,Turkey,False
2025-01-01,Trabzonspor,Başakşehir,1,0,Super Lig,,Turkey,False
2025-01-01,Trabzonspor,Kasımpaşa,2,2,Super Lig,,Turkey,False
2025-01-01,Trabzonspor,Rizespor,2,0,Super Lig,,Turkey,False
2025-01-01,Trabzonspor,Adana Demirspor,5,0,Super Lig,,Turkey,False
2025-01-01,Trabzonspor,Alanyaspor,4,3,Super Lig,,Turkey,False
2025-01-01,Trabzonspor,Antalyaspor,5,0,Super Lig,,Turkey,False
2025-01-01,Trabzonspor,Sivasspor,4,0,Super Lig,,Turkey,False
2025-01-01,Trabzonspor,Kayserispor,2,2,Super Lig,,Turkey,False
2025-01-01,Trabzonspor,Samsunspor,2,2,Super Lig,,Turkey,False
2025-01-01,Trabzonspor,Gaziantep,3,2,Super Lig,,Turkey,False
2025-01-01,Trabzonspor,Hatayspor,1,2,Super Lig,,Turkey,False
2025-01-01,Trabzonspor,Konyaspor,3,2,Super Lig,,Turkey,False
2025-01-01,Trabzonspor,Bodrum,1,0,Super Lig,,Turkey,False
2026-01-01,Alanyaspor,Antalyaspor,0,0,Super Lig,,Turkey,False
2026-01-01,Alanyaspor,Başakşehir,1,2,Super Lig,,Turkey,False
2026-01-01,Alanyaspor,Beşiktaş,2,0,Super Lig,,Turkey,False
2026-01-01,Alanyaspor,Eyüpspor,1,3,Super Lig,,Turkey,False
2026-01-01,Alanyaspor,Karagümrük,2,0,Super Lig,,Turkey,False
2026-01-01,Alanyaspor,Fenerbahçe,2,3,Super Lig,,Turkey,False
2026-01-01,Alanyaspor,Galatasaray,0,1,Super Lig,,Turkey,False
2026-01-01,Alanyaspor,Gaziantep,0,0,Super Lig,,Turkey,False
2026-01-01,Alanyaspor,Gençlerbirliği,0,0,Super Lig,,Turkey,False
2026-01-01,Alanyaspor,Göztepe,1,0,Super Lig,,Turkey,False
2026-01-01,Alanyaspor,Kasımpaşa,1,2,Super Lig,,Turkey,False
2026-01-01,Alanyaspor,Kayserispor,3,1,Super Lig,,Turkey,False
2026-01-01,Alanyaspor,Kocaelispor,5,0,Super Lig,,Turkey,False
2026-01-01,Alanyaspor,Konyaspor,2,1,Super Lig,,Turkey,False
2026-01-01,Alanyaspor,Rizespor,0,0,Super Lig,,Turkey,False
2026-01-01,Alanyaspor,Samsunspor,2,3,Super Lig,,Turkey,False
2026-01-01,Alanyaspor,Trabzonspor,1,1,Super Lig,,Turkey,False
2026-01-01,Antalyaspor,Alanyaspor,0,0,Super Lig,,Turkey,False
2026-01-01,Antalyaspor,Başakşehir,0,4,Super Lig,,Turkey,False
2026-01-01,Antalyaspor,Beşiktaş,1,3,Super Lig,,Turkey,False
2026-01-01,Antalyaspor,Eyüpspor,3,0,Super Lig,,Turkey,False
2026-01-01,Antalyaspor,Karagümrük,1,2,Super Lig,,Turkey,False
2026-01-01,Antalyaspor,Fenerbahçe,2,2,Super Lig,,Turkey,False
2026-01-01,Antalyaspor,Galatasaray,1,4,Super Lig,,Turkey,False
2026-01-01,Antalyaspor,Gaziantep,1,4,Super Lig,,Turkey,False
2026-01-01,Antalyaspor,Gençlerbirliği,2,1,Super Lig,,Turkey,False
2026-01-01,Antalyaspor,Göztepe,1,2,Super Lig,,Turkey,False
2026-01-01,Antalyaspor,Kasımpaşa,2,1,Super Lig,,Turkey,False
2026-01-01,Antalyaspor,Kayserispor,1,1,Super Lig,,Turkey,False
2026-01-01,Antalyaspor,Kocaelispor,1,0,Super Lig,,Turkey,False
2026-01-01,Antalyaspor,Konyaspor,0,2,Super Lig,,Turkey,False
2026-01-01,Antalyaspor,Rizespor,2,5,Super Lig,,Turkey,False
2026-01-01,Antalyaspor,Samsunspor,3,1,Super Lig,,Turkey,False
2026-01-01,Antalyaspor,Trabzonspor,1,1,Super Lig,,Turkey,False
2026-01-01,Başakşehir,Alanyaspor,1,1,Super Lig,,Turkey,False
2026-01-01,Başakşehir,Antalyaspor,0,0,Super Lig,,Turkey,False
2026-01-01,Başakşehir,Beşiktaş,2,3,Super Lig,,Turkey,False
2026-01-01,Başakşehir,Eyüpspor,0,0,Super Lig,,Turkey,False
2026-01-01,Başakşehir,Karagümrük,2,1,Super Lig,,Turkey,False
2026-01-01,Başakşehir,Fenerbahçe,1,1,Super Lig,,Turkey,False
2026-01-01,Başakşehir,Galatasaray,1,2,Super Lig,,Turkey,False
2026-01-01,Başakşehir,Gaziantep,5,1,Super Lig,,Turkey,False
2026-01-01,Başakşehir,Gençlerbirliği,3,0,Super Lig,,Turkey,False
2026-01-01,Başakşehir,Göztepe,2,1,Super Lig,,Turkey,False
2026-01-01,Başakşehir,Kasımpaşa,4,0,Super Lig,,Turkey,False
2026-01-01,Başakşehir,Kayserispor,1,1,Super Lig,,Turkey,False
2026-01-01,Başakşehir,Kocaelispor,1,0,Super Lig,,Turkey,False
2026-01-01,Başakşehir,Konyaspor,2,0,Super Lig,,Turkey,False
2026-01-01,Başakşehir,Rizespor,2,2,Super Lig,,Turkey,False
2026-01-01,Başakşehir,Samsunspor,3,0,Super Lig,,Turkey,False
2026-01-01,Başakşehir,Trabzonspor,3,4,Super Lig,,Turkey,False
2026-01-01,Beşiktaş,Alanyaspor,2,2,Super Lig,,Turkey,False
2026-01-01,Beşiktaş,Antalyaspor,4,2,Super Lig,,Turkey,False
2026-01-01,Beşiktaş,Başakşehir,2,1,Super Lig,,Turkey,False
2026-01-01,Beşiktaş,Eyüpspor,2,1,Super Lig,,Turkey,False
2026-01-01,Beşiktaş,Karagümrük,0,0,Super Lig,,Turkey,False
2026-01-01,Beşiktaş,Gaziantep,2,2,Super Lig,,Turkey,False
2026-01-01,Beşiktaş,Gençlerbirliği,1,2,Super Lig,,Turkey,False
2026-01-01,Beşiktaş,Göztepe,4,0,Super Lig,,Turkey,False
2026-01-01,Beşiktaş,Kasımpaşa,2,1,Super Lig,,Turkey,False
2026-01-01,Beşiktaş,Kayserispor,1,0,Super Lig,,Turkey,False
2026-01-01,Beşiktaş,Kocaelispor,3,1,Super Lig,,Turkey,False
2026-01-01,Beşiktaş,Konyaspor,2,1,Super Lig,,Turkey,False
2026-01-01,Beşiktaş,Rizespor,1,0,Super Lig,,Turkey,False
2026-01-01,Beşiktaş,Samsunspor,1,1,Super Lig,,Turkey,False
2026-01-01,Beşiktaş,Trabzonspor,1,2,Super Lig,,Turkey,False
2026-01-01,Eyüpspor,Alanyaspor,2,1,Super Lig,,Turkey,False
2026-01-01,Eyüpspor,Antalyaspor,0,1,Super Lig,,Turkey,False
2026-01-01,Eyüpspor,Başakşehir,1,2,Super Lig,,Turkey,False
2026-01-01,Eyüpspor,Beşiktaş,2,2,Super Lig,,Turkey,False
2026-01-01,Eyüpspor,Karagümrük,1,1,Super Lig,,Turkey,False
2026-01-01,Eyüpspor,Fenerbahçe,0,3,Super Lig,,Turkey,False
2026-01-01,Eyüpspor,Galatasaray,0,2,Super Lig,,Turkey,False
2026-01-01,Eyüpspor,Gaziantep,3,0,Super Lig,,Turkey,False
2026-01-01,Eyüpspor,Gençlerbirliği,1,0,Super Lig,,Turkey,False
2026-01-01,Eyüpspor,Göztepe,0,0,Super Lig,,Turkey,False
2026-01-01,Eyüpspor,Kasımpaşa,2,0,Super Lig,,Turkey,False
2026-01-01,Eyüpspor,Kayserispor,1,1,Super Lig,,Turkey,False
2026-01-01,Eyüpspor,Kocaelispor,0,1,Super Lig,,Turkey,False
2026-01-01,Eyüpspor,Konyaspor,1,4,Super Lig,,Turkey,False
2026-01-01,Eyüpspor,Rizespor,4,0,Super Lig,,Turkey,False
2026-01-01,Eyüpspor,Samsunspor,1,2,Super Lig,,Turkey,False
2026-01-01,Eyüpspor,Trabzonspor,0,1,Super Lig,,Turkey,False
2026-01-01,Karagümrük,Alanyaspor,2,1,Super Lig,,Turkey,False
2026-01-01,Karagümrük,Antalyaspor,1,0,Super Lig,,Turkey,False
2026-01-01,Karagümrük,Başakşehir,0,2,Super Lig,,Turkey,False
2026-01-01,Karagümrük,Beşiktaş,0,2,Super Lig,,Turkey,False
2026-01-01,Karagümrük,Eyüpspor,1,2,Super Lig,,Turkey,False
2026-01-01,Karagümrük,Fenerbahçe,2,0,Super Lig,,Turkey,False
2026-01-01,Karagümrük,Galatasaray,1,3,Super Lig,,Turkey,False
2026-01-01,Karagümrük,Gaziantep,0,2,Super Lig,,Turkey,False
2026-01-01,Karagümrük,Gençlerbirliği,1,0,Super Lig,,Turkey,False
2026-01-01,Karagümrük,Göztepe,0,2,Super Lig,,Turkey,False
2026-01-01,Karagümrük,Kasımpaşa,0,1,Super Lig,,Turkey,False
2026-01-01,Karagümrük,Kayserispor,2,2,Super Lig,,Turkey,False
2026-01-01,Karagümrük,Kocaelispor,1,1,Super Lig,,Turkey,False
2026-01-01,Karagümrük,Konyaspor,2,0,Super Lig,,Turkey,False
2026-01-01,Karagümrük,Rizespor,2,1,Super Lig,,Turkey,False
2026-01-01,Karagümrük,Samsunspor,0,0,Super Lig,,Turkey,False
2026-01-01,Karagümrük,Trabzonspor,3,4,Super Lig,,Turkey,False
2026-01-01,Fenerbahçe,Alanyaspor,2,2,Super Lig,,Turkey,False
2026-01-01,Fenerbahçe,Antalyaspor,2,0,Super Lig,,Turkey,False
2026-01-01,Fenerbahçe,Başakşehir,3,1,Super Lig,,Turkey,False
2026-01-01,Fenerbahçe,Eyüpspor,3,3,Super Lig,,Turkey,False
2026-01-01,Fenerbahçe,Karagümrük,2,1,Super Lig,,Turkey,False
2026-01-01,Fenerbahçe,Gaziantep,4,1,Super Lig,,Turkey,False
2026-01-01,Fenerbahçe,Gençlerbirliği,3,1,Super Lig,,Turkey,False
2026-01-01,Fenerbahçe,Göztepe,1,1,Super Lig,,Turkey,False
2026-01-01,Fenerbahçe,Kasımpaşa,1,1,Super Lig,,Turkey,False
2026-01-01,Fenerbahçe,Kayserispor,4,2,Super Lig,,Turkey,False
2026-01-01,Fenerbahçe,Kocaelispor,3,1,Super Lig,,Turkey,False
2026-01-01,Fenerbahçe,Konyaspor,4,0,Super Lig,,Turkey,False
2026-01-01,Fenerbahçe,Rizespor,2,2,Super Lig,,Turkey,False
2026-01-01,Fenerbahçe,Samsunspor,3,2,Super Lig,,Turkey,False
2026-01-01,Fenerbahçe,Trabzonspor,1,0,Super Lig,,Turkey,False
2026-01-01,Galatasaray,Alanyaspor,3,1,Super Lig,,Turkey,False
2026-01-01,Galatasaray,Antalyaspor,4,2,Super Lig,,Turkey,False
2026-01-01,Galatasaray,Başakşehir,3,0,Super Lig,,Turkey,False
2026-01-01,Galatasaray,Eyüpspor,5,1,Super Lig,,Turkey,False
2026-01-01,Galatasaray,Karagümrük,3,0,Super Lig,,Turkey,False
2026-01-01,Galatasaray,Gaziantep,1,1,Super Lig,,Turkey,False
2026-01-01,Galatasaray,Gençlerbirliği,3,2,Super Lig,,Turkey,False
2026-01-01,Galatasaray,Göztepe,3,1,Super Lig,,Turkey,False
2026-01-01,Galatasaray,Kasımpaşa,3,0,Super Lig,,Turkey,False
2026-01-01,Galatasaray,Kayserispor,4,0,Super Lig,,Turkey,False
2026-01-01,Galatasaray,Kocaelispor,1,1,Super Lig,,Turkey,False
2026-01-01,Galatasaray,Konyaspor,3,1,Super Lig,,Turkey,False
2026-01-01,Galatasaray,Rizespor,3,1,Super Lig,,Turkey,False
2026-01-01,Galatasaray,Samsunspor,3,2,Super Lig,,Turkey,False
2026-01-01,Galatasaray,Trabzonspor,0,0,Super Lig,,Turkey,False
2026-01-01,Gaziantep,Alanyaspor,1,1,Super Lig,,Turkey,False
2026-01-01,Gaziantep,Antalyaspor,3,2,Super Lig,,Turkey,False
2026-01-01,Gaziantep,Başakşehir,1,2,Super Lig,,Turkey,False
2026-01-01,Gaziantep,Beşiktaş,0,2,Super Lig,,Turkey,False
2026-01-01,Gaziantep,Eyüpspor,1,2,Super Lig,,Turkey,False
2026-01-01,Gaziantep,Karagümrük,1,1,Super Lig,,Turkey,False
2026-01-01,Gaziantep,Fenerbahçe,0,4,Super Lig,,Turkey,False
2026-01-01,Gaziantep,Galatasaray,0,3,Super Lig,,Turkey,False
2026-01-01,Gaziantep,Gençlerbirliği,2,1,Super Lig,,Turkey,False
2026-01-01,Gaziantep,Göztepe,0,1,Super Lig,,Turkey,False
2026-01-01,Gaziantep,Kasımpaşa,2,1,Super Lig,,Turkey,False
2026-01-01,Gaziantep,Kayserispor,3,0,Super Lig,,Turkey,False
2026-01-01,Gaziantep,Kocaelispor,2,0,Super Lig,,Turkey,False
2026-01-01,Gaziantep,Konyaspor,1,1,Super Lig,,Turkey,False
2026-01-01,Gaziantep,Rizespor,2,2,Super Lig,,Turkey,False
2026-01-01,Gaziantep,Samsunspor,2,2,Super Lig,,Turkey,False
2026-01-01,Gaziantep,Trabzonspor,1,2,Super Lig,,Turkey,False
2026-01-01,Gençlerbirliği,Alanyaspor,2,2,Super Lig,,Turkey,False
2026-01-01,Gençlerbirliği,Antalyaspor,0,1,Super Lig,,Turkey,False
2026-01-01,Gençlerbirliği,Başakşehir,2,1,Super Lig,,Turkey,False
2026-01-01,Gençlerbirliği,Beşiktaş,0,2,Super Lig,,Turkey,False
2026-01-01,Gençlerbirliği,Eyüpspor,1,0,Super Lig,,Turkey,False
2026-01-01,Gençlerbirliği,Karagümrük,3,0,Super Lig,,Turkey,False
2026-01-01,Gençlerbirliği,Fenerbahçe,1,3,Super Lig,,Turkey,False
2026-01-01,Gençlerbirliği,Galatasaray,1,2,Super Lig,,Turkey,False
2026-01-01,Gençlerbirliği,Gaziantep,2,1,Super Lig,,Turkey,False
2026-01-01,Gençlerbirliği,Göztepe,0,2,Super Lig,,Turkey,False
2026-01-01,Gençlerbirliği,Kasımpaşa,3,2,Super Lig,,Turkey,False
2026-01-01,Gençlerbirliği,Kayserispor,0,0,Super Lig,,Turkey,False
2026-01-01,Gençlerbirliği,Kocaelispor,1,0,Super Lig,,Turkey,False
2026-01-01,Gençlerbirliği,Konyaspor,1,2,Super Lig,,Turkey,False
2026-01-01,Gençlerbirliği,Rizespor,2,2,Super Lig,,Turkey,False
2026-01-01,Gençlerbirliği,Samsunspor,1,1,Super Lig,,Turkey,False
2026-01-01,Gençlerbirliği,Trabzonspor,4,3,Super Lig,,Turkey,False
2026-01-01,Göztepe,Alanyaspor,2,2,Super Lig,,Turkey,False
2026-01-01,Göztepe,Antalyaspor,2,0,Super Lig,,Turkey,False
2026-01-01,Göztepe,Başakşehir,1,0,Super Lig,,Turkey,False
2026-01-01,Göztepe,Beşiktaş,3,0,Super Lig,,Turkey,False
2026-01-01,Göztepe,Eyüpspor,0,0,Super Lig,,Turkey,False
2026-01-01,Göztepe,Karagümrük,2,1,Super Lig,,Turkey,False
2026-01-01,Göztepe,Fenerbahçe,0,0,Super Lig,,Turkey,False
2026-01-01,Göztepe,Galatasaray,1,3,Super Lig,,Turkey,False
2026-01-01,Göztepe,Gaziantep,2,1,Super Lig,,Turkey,False
2026-01-01,Göztepe,Gençlerbirliği,1,0,Super Lig,,Turkey,False
2026-01-01,Göztepe,Kasımpaşa,3,3,Super Lig,,Turkey,False
2026-01-01,Göztepe,Kayserispor,0,0,Super Lig,,Turkey,False
2026-01-01,Göztepe,Kocaelispor,0,0,Super Lig,,Turkey,False
2026-01-01,Göztepe,Konyaspor,1,1,Super Lig,,Turkey,False
2026-01-01,Göztepe,Rizespor,3,1,Super Lig,,Turkey,False
2026-01-01,Göztepe,Samsunspor,2,0,Super Lig,,Turkey,False
2026-01-01,Göztepe,Trabzonspor,1,2,Super Lig,,Turkey,False
2026-01-01,Kasımpaşa,Alanyaspor,1,0,Super Lig,,Turkey,False
2026-01-01,Kasımpaşa,Antalyaspor,0,0,Super Lig,,Turkey,False
2026-01-01,Kasımpaşa,Başakşehir,1,3,Super Lig,,Turkey,False
2026-01-01,Kasımpaşa,Beşiktaş,1,1,Super Lig,,Turkey,False
2026-01-01,Kasımpaşa,Eyüpspor,1,0,Super Lig,,Turkey,False
2026-01-01,Kasımpaşa,Karagümrük,3,2,Super Lig,,Turkey,False
2026-01-01,Kasımpaşa,Fenerbahçe,1,1,Super Lig,,Turkey,False
2026-01-01,Kasımpaşa,Galatasaray,1,0,Super Lig,,Turkey,False
2026-01-01,Kasımpaşa,Gaziantep,2,3,Super Lig,,Turkey,False
2026-01-01,Kasımpaşa,Gençlerbirliği,0,0,Super Lig,,Turkey,False
2026-01-01,Kasımpaşa,Göztepe,0,2,Super Lig,,Turkey,False
2026-01-01,Kasımpaşa,Kayserispor,2,0,Super Lig,,Turkey,False
2026-01-01,Kasımpaşa,Kocaelispor,1,1,Super Lig,,Turkey,False
2026-01-01,Kasımpaşa,Konyaspor,1,1,Super Lig,,Turkey,False
2026-01-01,Kasımpaşa,Rizespor,0,3,Super Lig,,Turkey,False
2026-01-01,Kasımpaşa,Samsunspor,0,1,Super Lig,,Turkey,False
2026-01-01,Kasımpaşa,Trabzonspor,0,1,Super Lig,,Turkey,False
2026-01-01,Kayserispor,Alanyaspor,0,0,Super Lig,,Turkey,False
2026-01-01,Kayserispor,Antalyaspor,1,0,Super Lig,,Turkey,False
2026-01-01,Kayserispor,Başakşehir,0,3,Super Lig,,Turkey,False
2026-01-01,Kayserispor,Beşiktaş,0,4,Super Lig,,Turkey,False
2026-01-01,Kayserispor,Eyüpspor,1,1,Super Lig,,Turkey,False
2026-01-01,Kayserispor,Karagümrük,1,0,Super Lig,,Turkey,False
2026-01-01,Kayserispor,Fenerbahçe,0,4,Super Lig,,Turkey,False
2026-01-01,Kayserispor,Galatasaray,0,4,Super Lig,,Turkey,False
2026-01-01,Kayserispor,Gaziantep,0,3,Super Lig,,Turkey,False
2026-01-01,Kayserispor,Gençlerbirliği,1,1,Super Lig,,Turkey,False
2026-01-01,Kayserispor,Göztepe,1,1,Super Lig,,Turkey,False
2026-01-01,Kayserispor,Kasımpaşa,3,2,Super Lig,,Turkey,False
2026-01-01,Kayserispor,Kocaelispor,1,2,Super Lig,,Turkey,False
2026-01-01,Kayserispor,Konyaspor,2,1,Super Lig,,Turkey,False
2026-01-01,Kayserispor,Rizespor,2,0,Super Lig,,Turkey,False
2026-01-01,Kayserispor,Samsunspor,1,3,Super Lig,,Turkey,False
2026-01-01,Kayserispor,Trabzonspor,1,3,Super Lig,,Turkey,False
2026-01-01,Kocaelispor,Alanyaspor,2,0,Super Lig,,Turkey,False
2026-01-01,Kocaelispor,Antalyaspor,2,1,Super Lig,,Turkey,False
2026-01-01,Kocaelispor,Başakşehir,0,0,Super Lig,,Turkey,False
2026-01-01,Kocaelispor,Beşiktaş,0,1,Super Lig,,Turkey,False
2026-01-01,Kocaelispor,Eyüpspor,1,0,Super Lig,,Turkey,False
2026-01-01,Kocaelispor,Karagümrük,0,1,Super Lig,,Turkey,False
2026-01-01,Kocaelispor,Fenerbahçe,0,2,Super Lig,,Turkey,False
2026-01-01,Kocaelispor,Galatasaray,1,0,Super Lig,,Turkey,False
2026-01-01,Kocaelispor,Gaziantep,3,0,Super Lig,,Turkey,False
2026-01-01,Kocaelispor,Gençlerbirliği,1,0,Super Lig,,Turkey,False
2026-01-01,Kocaelispor,Göztepe,1,1,Super Lig,,Turkey,False
2026-01-01,Kocaelispor,Kasımpaşa,0,0,Super Lig,,Turkey,False
2026-01-01,Kocaelispor,Kayserispor,1,1,Super Lig,,Turkey,False
2026-01-01,Kocaelispor,Konyaspor,1,2,Super Lig,,Turkey,False
2026-01-01,Kocaelispor,Rizespor,1,1,Super Lig,,Turkey,False
2026-01-01,Kocaelispor,Samsunspor,0,1,Super Lig,,Turkey,False
2026-01-01,Kocaelispor,Trabzonspor,1,2,Super Lig,,Turkey,False
2026-01-01,Konyaspor,Alanyaspor,1,2,Super Lig,,Turkey,False
2026-01-01,Konyaspor,Antalyaspor,0,0,Super Lig,,Turkey,False
2026-01-01,Konyaspor,Başakşehir,2,1,Super Lig,,Turkey,False
2026-01-01,Konyaspor,Beşiktaş,0,2,Super Lig,,Turkey,False
2026-01-01,Konyaspor,Eyüpspor,1,1,Super Lig,,Turkey,False
2026-01-01,Konyaspor,Karagümrük,3,0,Super Lig,,Turkey,False
2026-01-01,Konyaspor,Fenerbahçe,0,3,Super Lig,,Turkey,False
2026-01-01,Konyaspor,Galatasaray,2,0,Super Lig,,Turkey,False
2026-01-01,Konyaspor,Gaziantep,3,0,Super Lig,,Turkey,False
2026-01-01,Konyaspor,Gençlerbirliği,1,0,Super Lig,,Turkey,False
2026-01-01,Konyaspor,Göztepe,0,0,Super Lig,,Turkey,False
2026-01-01,Konyaspor,Kasımpaşa,1,1,Super Lig,,Turkey,False
2026-01-01,Konyaspor,Kayserispor,1,1,Super Lig,,Turkey,False
2026-01-01,Konyaspor,Kocaelispor,2,3,Super Lig,,Turkey,False
2026-01-01,Konyaspor,Rizespor,1,1,Super Lig,,Turkey,False
2026-01-01,Konyaspor,Samsunspor,1,3,Super Lig,,Turkey,False
2026-01-01,Konyaspor,Trabzonspor,2,1,Super Lig,,Turkey,False
2026-01-01,Rizespor,Alanyaspor,1,1,Super Lig,,Turkey,False
2026-01-01,Rizespor,Antalyaspor,1,0,Super Lig,,Turkey,False
2026-01-01,Rizespor,Başakşehir,0,0,Super Lig,,Turkey,False
2026-01-01,Rizespor,Beşiktaş,2,2,Super Lig,,Turkey,False
2026-01-01,Rizespor,Eyüpspor,3,0,Super Lig,,Turkey,False
2026-01-01,Rizespor,Karagümrük,1,0,Super Lig,,Turkey,False
2026-01-01,Rizespor,Fenerbahçe,2,5,Super Lig,,Turkey,False
2026-01-01,Rizespor,Galatasaray,0,3,Super Lig,,Turkey,False
2026-01-01,Rizespor,Gaziantep,2,1,Super Lig,,Turkey,False
2026-01-01,Rizespor,Gençlerbirliği,1,0,Super Lig,,Turkey,False
2026-01-01,Rizespor,Göztepe,0,3,Super Lig,,Turkey,False
2026-01-01,Rizespor,Kasımpaşa,1,2,Super Lig,,Turkey,False
2026-01-01,Rizespor,Kayserispor,0,1,Super Lig,,Turkey,False
2026-01-01,Rizespor,Kocaelispor,2,0,Super Lig,,Turkey,False
2026-01-01,Rizespor,Konyaspor,3,2,Super Lig,,Turkey,False
2026-01-01,Rizespor,Samsunspor,4,1,Super Lig,,Turkey,False
2026-01-01,Rizespor,Trabzonspor,1,2,Super Lig,,Turkey,False
2026-01-01,Samsunspor,Alanyaspor,1,1,Super Lig,,Turkey,False
2026-01-01,Samsunspor,Antalyaspor,1,2,Super Lig,,Turkey,False
2026-01-01,Samsunspor,Başakşehir,0,2,Super Lig,,Turkey,False
2026-01-01,Samsunspor,Beşiktaş,2,1,Super Lig,,Turkey,False
2026-01-01,Samsunspor,Eyüpspor,1,0,Super Lig,,Turkey,False
2026-01-01,Samsunspor,Karagümrük,3,2,Super Lig,,Turkey,False
2026-01-01,Samsunspor,Fenerbahçe,0,0,Super Lig,,Turkey,False
2026-01-01,Samsunspor,Galatasaray,4,1,Super Lig,,Turkey,False
2026-01-01,Samsunspor,Gaziantep,0,0,Super Lig,,Turkey,False
2026-01-01,Samsunspor,Gençlerbirliği,2,1,Super Lig,,Turkey,False
2026-01-01,Samsunspor,Göztepe,3,0,Super Lig,,Turkey,False
2026-01-01,Samsunspor,Kasımpaşa,0,0,Super Lig,,Turkey,False
2026-01-01,Samsunspor,Kayserispor,2,1,Super Lig,,Turkey,False
2026-01-01,Samsunspor,Kocaelispor,0,0,Super Lig,,Turkey,False
2026-01-01,Samsunspor,Konyaspor,2,2,Super Lig,,Turkey,False
2026-01-01,Samsunspor,Rizespor,1,1,Super Lig,,Turkey,False
2026-01-01,Samsunspor,Trabzonspor,0,3,Super Lig,,Turkey,False
2026-01-01,Trabzonspor,Alanyaspor,1,1,Super Lig,,Turkey,False
2026-01-01,Trabzonspor,Antalyaspor,1,0,Super Lig,,Turkey,False
2026-01-01,Trabzonspor,Başakşehir,1,1,Super Lig,,Turkey,False
2026-01-01,Trabzonspor,Beşiktaş,3,3,Super Lig,,Turkey,False
2026-01-01,Trabzonspor,Eyüpspor,2,0,Super Lig,,Turkey,False
2026-01-01,Trabzonspor,Karagümrük,3,1,Super Lig,,Turkey,False
2026-01-01,Trabzonspor,Fenerbahçe,2,3,Super Lig,,Turkey,False
2026-01-01,Trabzonspor,Galatasaray,2,1,Super Lig,,Turkey,False
2026-01-01,Trabzonspor,Gaziantep,1,1,Super Lig,,Turkey,False
2026-01-01,Trabzonspor,Gençlerbirliği,0,3,Super Lig,,Turkey,False
2026-01-01,Trabzonspor,Göztepe,1,1,Super Lig,,Turkey,False
2026-01-01,Trabzonspor,Kasımpaşa,2,1,Super Lig,,Turkey,False
2026-01-01,Trabzonspor,Kayserispor,4,0,Super Lig,,Turkey,False
2026-01-01,Trabzonspor,Kocaelispor,1,0,Super Lig,,Turkey,False
2026-01-01,Trabzonspor,Konyaspor,3,1,Super Lig,,Turkey,False
2026-01-01,Trabzonspor,Rizespor,1,0,Super Lig,,Turkey,False
2026-01-01,Trabzonspor,Samsunspor,1,1,Super Lig,,Turkey,False
